Peak_0.85V,Mean,Std_Dev,Energy,Skewness,Kurtosis,DCT_1,DCT_2,DCT_3,DCT_4,DCT_5
21.207864864333768,24.92753973173784,1.8742919165808898,2315236.7429202674,-0.8156051387016108,0.9213677875864623,53.76875158319716,-26.790980296386238,9.800129300344164,-35.35233050305871,-22.999097340738814
19.555152133607592,23.198565947851993,1.7416103352334609,2005170.707150514,-0.8004166541225961,0.8628912438054201,49.97520114725536,-24.899660526742665,9.089259675058855,-33.06705906592219,-21.243560782252942
17.86549920243758,21.073214482450503,1.587658999557093,1654656.8151208851,-0.810477672966833,0.9088346481246372,45.61011880253867,-22.24425514253885,8.402093479625606,-30.03770984460562,-19.003129614612703
16.496063964351475,19.495748209853133,1.4649900226131902,1416163.609875029,-0.8261476240910834,0.966789077236685,41.76318695127935,-20.936549490120065,7.405073685921078,-27.618834891546353,-17.978830346882184
14.271897507120501,17.54180131490519,1.5394893196932273,1148864.2608308038,-0.7619134670951914,0.6615088144355017,46.97156124106703,-29.788738390104783,2.4932552540236292,-30.716605014680106,-15.872275234211788
12.689380877699085,16.030674092543155,1.6638380044197751,962376.9687790887,-0.6953881463002618,0.40192410378057364,53.13159924215148,-38.48579933542143,-3.408662730668456,-33.65933715813317,-14.7738522938539
11.80785409299111,14.85492845301015,1.5303512203891192,826255.2889176577,-0.4531910229334944,0.40496045095349054,57.68389933115374,-23.30916869937092,-8.274242763827559,-30.058486742763833,-17.02331798459607
20.58168027202995,24.300047577463534,1.8245443075347094,2200107.8209004356,-0.8231260217127341,0.939079567082501,52.43427632818647,-26.17210342849353,9.568163755403182,-34.44344670771855,-22.083981818030743
18.723519457790538,22.305433882087993,1.68240267256623,1853844.3941542753,-0.8079918537580488,0.9177396790035206,48.405370512479834,-23.913696174112566,8.70033380413928,-31.528640949807173,-20.446453937153294
17.201308812528097,20.22857999663356,1.5228967546512666,1524661.8271764913,-0.8274929638295542,0.9991710895778163,43.35394091684108,-21.666410155718566,8.090925676382135,-28.94750500407801,-18.50505329871571
14.79536450943603,17.896467505311655,1.5222175136970733,1195235.5761890623,-0.7902991599866669,0.7417065514550978,45.70177061148156,-28.157457888721687,3.306623556024574,-30.03492519525502,-16.029778776892208
12.397859402822158,15.876400528541181,1.64062958093685,943855.2677045009,-0.6588621858770255,0.40689573649925226,53.84358401523606,-36.127693643360494,-3.8160163173307255,-33.29115537542472,-14.824002593603595
11.595854626474534,14.64732831330527,1.5178676520138816,803422.3917737361,-0.3755965321089917,0.33963237791120227,58.84786005340706,-20.057104707160622,-9.212086165737464,-29.35145889670694,-17.29301108726
11.055110875855858,13.741887837083652,1.4719604168030045,707677.7812877811,-0.07869776953656694,0.1882101433326735,62.602981149972,-8.73789697735697,-13.400827226342066,-26.49795575543355,-19.07200547091721
21.612697215019022,25.25628067763877,1.9007835383771285,2376730.422850146,-0.7939998380868004,0.8710810768851505,54.58079753068638,-26.966630797970637,10.193466199356028,-36.111061031849225,-23.162766809027534
20.081844347007507,23.679576182065333,1.7728226062711838,2089120.6703162831,-0.8022086657532754,0.9113685382782428,50.90940225349462,-25.097091863101113,9.152520850565942,-33.47687056388273,-21.792730839788955
18.82861022469864,22.384305346670313,1.6798791768161059,1866872.1392357007,-0.8243613136984259,0.9966027074657817,48.11973572848393,-23.84139903342586,8.997150443789165,-31.833760608494714,-20.325436593809496
17.97913586664111,21.254445096524528,1.5966522128737755,1683184.2218784364,-0.8257954979481403,0.9632954969416643,45.55783496924433,-22.80827975191789,8.090073175454567,-30.122673272127855,-19.586433082397956
17.009727686861353,20.182169904118297,1.5181950703371574,1517660.2482396408,-0.7981398193659366,0.9301837940072901,43.77983232068435,-21.173372373761048,7.92089885848089,-28.879613601929922,-18.39909367947271
16.12603381162479,18.94250796521717,1.4342379150388795,1337044.2699462753,-0.8199660721194687,0.9262926955455324,41.01978225441543,-20.71509303662883,6.966504357459014,-26.996792655716455,-17.27418254385324
14.48430938780737,17.653528725339566,1.5251762609548807,1163270.8508038842,-0.7854076666207839,0.7078995075621979,46.19646119977155,-29.253493304370497,2.759136539469215,-30.130445385863254,-16.164653609061563
19.897055653542836,23.407740012938685,1.7598782267259412,2041527.1136985,-0.7933051354337789,0.871479480234163,50.354679046509595,-24.95002340169405,8.699222713993194,-33.49265874945427,-21.34618276232206
17.759390288387408,21.189980502829858,1.5882432710972951,1672947.5134264254,-0.8067128555775182,0.8632629579612994,45.68982037556092,-22.52357368385831,8.57710899543007,-30.205529532996792,-19.300436446554947
16.056993383295822,19.06598887144955,1.4315370308711708,1354404.356842461,-0.7935237373264195,0.8563887454098831,41.35622884251016,-20.17262091432478,7.394247827312124,-27.143782184955136,-17.556474369199677
13.645225957403026,16.914008375419826,1.6085476903246296,1069526.444009516,-0.7408969622028543,0.4950808783309286,50.05965295153039,-34.62398563596627,0.07921631898380824,-32.423657611706226,-15.282642189826205
12.186619075210245,15.324847651329051,1.576573919444372,879331.8838859953,-0.5572191598543987,0.36488994830933885,55.881855005950925,-29.475955721542405,-5.8420740333973376,-31.704747106647474,-15.850820394376262
11.366931558097285,14.259487616794807,1.4957940657144104,761638.2837629409,-0.2692962271094641,0.32199114189797573,60.44274089632675,-15.657374041592274,-11.008722333362424,-28.183815675835078,-18.03825780330967
10.971234292611086,13.437803661318378,1.4579173744327745,676903.8346015682,0.028690748988025296,0.11781864799991038,63.40101905279212,-5.0916065121476635,-14.421503022856871,-25.890166731782756,-19.181014375711946
20.65301360009014,24.139496321806448,1.8165234156300076,2171185.7231630944,-0.8126718509331541,0.9376740024822157,51.75930117002444,-25.600012331882738,9.647772611191503,-34.40769823360762,-22.10343028815415
18.674776465083845,21.974480785786444,1.651836948982627,1799171.6049659657,-0.8266448951180202,0.9847469806332678,47.345499744720314,-23.1500836337557,9.00396424414252,-31.667466786546754,-20.151101973170142
17.08854616078427,20.276277046780635,1.5200233236661147,1531787.3520033925,-0.8161508981477018,0.9104449595131725,43.746035321250645,-21.489690552838166,7.994101176383012,-28.964302210985174,-18.245482706044605
14.973703680229798,18.139258489298122,1.4789163884360776,1227169.7006956951,-0.8042263523940295,0.7795021785029386,43.59514231696521,-25.70847454549139,4.688937151603572,-28.744970438612963,-16.60568546197147
13.247529974867982,16.497217031203682,1.647301180537142,1018399.9113847034,-0.7212007628433409,0.44538487139198146,51.55232919335959,-37.85719625496103,-1.5610693793756367,-33.464353435160206,-15.168303867183052
12.156373227616642,15.208719783428625,1.5672864949806335,866086.5220323883,-0.5363435390446218,0.4185222555995449,56.714849746335005,-27.68592998480647,-6.8335972400502385,-31.02116001153,-16.122285232560294
11.524531416825852,14.221142054471786,1.4890790134034115,757517.7704622187,-0.26574255355850546,0.2920091276730874,60.02947085050613,-15.393494151215783,-11.138280021143835,-28.112684966862794,-18.105836096879074
17.371779657375072,20.310643827169446,1.8393293672693602,1540929.4521490897,-0.6098919111869836,0.8210540246909073,47.036436793326445,-22.95169141065686,5.686703753990066,-32.7047546990905,-16.59707700333717
15.323277315103915,19.00237270756302,1.6533450114050439,1347966.876093552,-0.5919978608389113,0.8501578181383787,43.02860097534831,-20.56287802013031,6.811478317339205,-27.66022898373604,-19.24732312692788
14.330099766629576,16.288557629373283,1.7058223189207935,993780.8105849745,-0.3571996340201946,0.35777037648121635,53.88761389146019,-20.294204157378232,-2.47347724529732,-29.745084798347133,-19.45477871746604
16.090972438600236,19.938754002169826,1.7513655626883984,1484301.5181873585,-0.48963608152593563,0.32728347942372027,47.68586035217145,-20.69030728862128,6.443404497623254,-28.7491007427203,-19.252292188625233
11.106782147037805,15.157011829983343,1.5586987301860948,860169.655325962,-0.32779254961674603,0.13948220478271267,44.54461636631282,-20.814192826029824,-1.3697785835988032,-26.482383517558002,-16.34427653975854
13.818763844836683,16.838560178782952,1.6631200740076575,1060752.9013041055,-0.3833910899897379,0.5430854646596952,51.54727691671815,-18.830665750697072,-0.7265769653148847,-28.730709502146205,-18.899158550317196
12.28908971384529,16.404112467664124,1.6592998699308548,1007197.5139770169,-0.4806065805213775,0.31642989602468496,51.922590948758724,-21.84298259038858,-5.1615218846233955,-28.09871687130253,-13.501566906507701
16.549449883271514,16.926670240394543,1.5848222715072084,1070833.279254794,-0.32421881687147375,0.36598685117236673,49.72131850411181,-14.059533538329593,-1.6736615997700046,-26.95926456521729,-14.863572802008903
12.541091856364424,14.27622547891575,1.446475220749956,762870.2611320667,-0.41742079334815263,0.2604417326432884,39.19609650677877,-17.60390545637634,0.4402976661076331,-22.319195079367855,-12.920769979084417
16.773624652386037,19.82713014809436,1.7144602054124956,1467381.7880285638,-0.6408577301737098,0.5351156230796081,46.41878372980747,-23.0645448338607,6.119350216427428,-26.326894214021646,-16.206809671223976
11.555792710789486,13.71086938997267,1.5523830668663146,705423.9698392523,-0.31125530852856803,0.2247236138041404,46.247412981585036,-18.306156015746005,-5.850304208322257,-25.003661329899735,-15.888097155810339
14.040004860623359,16.81867954831113,1.8280186048753562,1060406.6931124758,-0.46972738079096205,0.2724293492524765,56.52718775771744,-27.42907251436916,-2.609401963593169,-31.663090306083728,-18.030418654397494
18.586063554026598,21.0537376481533,1.7746394247160684,1653946.138036815,-0.6098118853484724,0.6645249958010124,44.86445544906627,-23.679407106278543,7.105574565737678,-26.994997077765927,-22.04841148219586
13.806921343822136,17.74349308675976,1.6267046496725028,1176254.9338421687,-0.45246777295280743,0.17890006239132683,44.29643154783817,-18.363650674173662,3.7261175205679624,-29.07402791142315,-15.062037171479528
14.663067194859828,17.574858598871863,1.574399559255118,1153568.0102910479,-0.365108829053715,0.3259600983239106,40.58544127730671,-17.87330175081995,8.045654878080263,-27.759817863958208,-13.256283081781753
11.72206479517036,14.87037593784699,1.635779089073922,829193.2781850619,-0.48459908578953054,0.20514316935169008,47.9661592769284,-25.314061491369333,-0.8615731505415406,-28.606750959229736,-14.683123315619273
14.906796861088681,17.31927024341639,1.612315703712202,1120972.5130822887,-0.4311616939932775,0.3050540635700387,44.75231159776848,-22.67129474673201,2.120025413510524,-28.64796277875531,-13.955574726632182
15.45614671264115,17.152967147380657,1.6894096245423118,1100675.4232370737,-0.43678059919123374,0.3734020657724346,51.11681769369946,-23.960309708617586,-3.1026304904211406,-28.025640506066466,-16.851601225259138
10.536940005742348,13.016091701872663,1.482083992168825,635834.3758409425,-0.43507774634600954,0.19105690544967802,44.85508250918083,-19.64341249682321,-0.3292917878135919,-24.673759833496312,-12.82192452313113
10.900843147281446,13.590863999660442,1.5286403415181884,693014.0461663923,-0.24155865166736543,0.10652781268110534,48.15272141913549,-13.84092039603098,0.2180062169655462,-26.67621608231137,-13.193777531903375
17.595222083852534,20.43549329478385,1.8323522647921635,1559682.3682918618,-0.5187994586643667,0.38422702312734325,49.42484651144434,-26.31240032356132,8.015785909723656,-28.568744938115323,-17.039047720481364
17.786805184719512,21.578663234390095,1.8196131303062855,1737458.6345252823,-0.5504984034853759,0.44199561457428427,48.68101199246936,-23.194018710721423,6.271476458216994,-32.25797986335668,-19.81383804385019
12.078137893418306,16.629740211174557,1.6145367300203561,1034269.2318135595,-0.4490177937490322,0.3297690368566988,43.5548253807615,-26.704454046700512,2.447443240748207,-28.41875155315286,-13.329346450589728
13.11888389313099,15.86807064807177,1.5615998801889224,941937.934330001,-0.4523892315765148,0.6147491880604607,41.69680826887736,-19.26758278301751,3.0552134332730905,-27.197189337835468,-15.838336441515395
15.037246295877239,19.436513520324876,1.7707096576984394,1411284.4082678491,-0.5275258978610656,0.5359288547211052,42.87845695618422,-24.082373050696255,6.80338630043471,-32.08632936258425,-20.909517466814588
13.298298467758075,14.76473508526076,1.6074618130006302,817253.8484653768,-0.3506883441195145,0.4276982535455769,48.4767400655963,-19.84737942974533,-3.83283012745684,-26.03638418045903,-15.508758205693802
12.21686288334892,15.768845116839255,1.6379504100609221,931212.3208886543,-0.4479831960717279,0.29237243640751087,47.12789023546445,-28.513175080023423,2.532570037577507,-29.831929797976073,-15.618013763122622
11.762564223511504,17.284151881061145,1.6205883535573915,1116569.2286436153,-0.4932604686587858,0.5161180710634938,39.21767035149304,-22.499540010488385,5.181974015195388,-24.755760239034004,-13.611356715253299
14.302363575854383,15.828815047860639,1.7480683087868316,939614.4115799456,-0.2784466199394974,0.20798168307895937,56.719630437461035,-17.454953510542058,-6.147238021245885,-28.63884126219456,-19.823621090845307
12.379554315950264,16.21778525984728,1.594171385679056,983892.171929026,-0.5299079789746438,0.4068286218486512,41.50578929560975,-21.365073617318025,3.5967895481176972,-29.61072877615807,-11.645080367074186
15.102522571977794,19.285953437653088,1.7210148126257436,1389041.1498029437,-0.6025767184321433,0.5847194679940118,45.004485483012864,-26.84311154593842,3.3009266230518675,-29.279871647505892,-20.819065758719404
14.020385805473317,17.11697397740528,1.6692864270216707,1095854.9532554438,-0.5310571234473411,0.6447373620421275,48.484774337004055,-26.184203304005628,-1.599390699659685,-26.264001615746196,-19.609717419005413
18.83624547437643,21.849675270341777,1.84651281541775,1781430.3898834658,-0.5799084204750339,0.6858874565440645,46.14830093692416,-26.626824102917126,6.387633841990276,-32.370044051816706,-19.214091078207737
13.72350132400433,16.198183940751008,1.5798432364758093,981369.5355700473,-0.4951804085362774,0.30953668253090516,44.91244217379947,-23.8376601906942,-0.8623801498856647,-28.06669192061043,-14.568473814827252
15.081389506604111,19.79935108500496,1.7265866472157427,1463457.9749234226,-0.583143386680053,0.36550504599204725,45.7512371491418,-22.013763941082114,4.689122946030541,-29.762654157605894,-16.258665012334415
15.305347510140855,17.636890841237857,1.716732873688448,1163396.2695812937,-0.5960502411609266,0.7672690740194921,50.19503447656519,-26.21849971718234,-0.15327855348963543,-29.148631066690633,-17.255456513617208
14.128050338684114,17.86964763223824,1.6632159319168818,1193345.6497938805,-0.5450665417860808,0.6697204180626684,43.24845225888569,-23.598180060208783,4.6318161660573605,-27.57727545925678,-17.43126335380262
15.110412759300264,17.88175243701271,1.6913921839933792,1195299.2370218234,-0.5727679153271508,0.36474984391314713,43.56566775027997,-26.700017708030508,6.978214115840737,-28.957564365957424,-18.28149084945556
9.50699219508297,12.480810938422623,1.445038558923757,584866.7729250643,-0.36356801837577374,0.664872589333708,41.74246417900923,-15.557767164671594,-1.9685169255441077,-20.517335560453915,-15.519086434126283
16.32333573143757,19.6840409532748,1.684579826082794,1446058.8229175883,-0.4141712253365689,0.4203921081003461,46.84262810374276,-20.32873384991968,6.231982341106911,-27.718160596171053,-15.774326222265213
21.18937423986706,21.995473386051692,1.9012388689880748,1805874.6450333665,-0.5966736022516366,0.559037007720486,47.252742712033395,-27.043329152054135,7.209126419772233,-32.0350421417442,-22.603016341104812
11.875072119561072,14.694159209852485,1.6789683942121143,810421.5103358128,-0.3276258907466408,0.3768581842339427,57.04376822633168,-17.72363177656614,-4.0339716793029865,-26.71911372436142,-17.956186392422822
13.153074070355183,16.133528648711216,1.5499665193793324,973278.0943332848,-0.3077799217035092,0.2242759612502816,46.62502561943677,-18.755945093833397,-1.4739818634714832,-26.549941402127622,-16.948971117894658
16.07138630796573,18.207610952598838,1.641331255839519,1238251.9954270567,-0.5320798592085945,0.5591562992814225,40.792905480072974,-19.59507582486767,5.341083232304253,-30.001852316111187,-18.78549455706228
11.41101557382584,15.338519102463597,1.6318864425144552,881542.5860943311,-0.4943093300642785,0.16427389599790665,45.05731307602079,-28.386333475626827,-0.3080089541656125,-27.338368943903518,-15.156532119935022
15.955598659812207,19.31265218188438,1.6426339635955316,1391882.472259348,-0.632287510547608,0.7737029160012789,44.0709232889407,-22.131396243053707,6.1060390147163925,-25.21938123958115,-15.759111027318813
11.737374759782211,14.067456300775826,1.4775920467861572,741283.8216397185,-0.23684071778849472,0.25237386415254903,44.179090826295166,-17.67191572671191,-7.973849487109758,-24.53128936205644,-16.147569300345218
14.917871736708774,17.568703218334853,1.6671483450850186,1153880.444182154,-0.4095586406107211,0.29553279101160745,48.002936178698434,-21.246144292117656,0.7680085999049185,-31.031890633006896,-16.46732892309748
12.420454088383837,14.995434777064556,1.6674613593289433,843419.1361484837,-0.4224081283898202,0.20464749558650563,50.52785582969116,-26.01781726320884,-1.0140713239453572,-28.7720746890373,-15.61317017712793
12.068392686753514,14.401935002363855,1.5109518863136937,776933.7109728272,-0.25492054297322686,0.20508396757210434,49.6557469857152,-14.467073091229377,-3.4349317111355604,-22.562150976837152,-15.15374588054642
10.420435410034129,13.03710938282432,1.3990222538538812,636976.5094296987,-0.2963713088774581,0.05808612236892374,40.25257517624003,-13.085764995282293,-0.5236706970001064,-25.21682591054617,-11.20595470731951
14.323440338226764,16.801898914790748,1.720186222500877,1056898.8510357495,-0.4611842508162066,0.2500618002753785,49.07595216381189,-24.796713967240215,-2.139231730088222,-30.154590271822002,-15.797333262517409
15.316545301847288,18.508528775038965,1.6510807922473687,1279305.7677621967,-0.5086049418568319,0.513117130766326,42.63464947448951,-23.29432339082856,4.902722276099244,-26.328134492557226,-15.302372042260526
13.852080547138032,17.172516034348693,1.7301079121666507,1103677.1901511955,-0.2873761974368545,0.12398963969451815,57.08222534803615,-18.782051411883565,-6.0255631917524095,-30.10122478411732,-19.671170452113145
12.337853101545091,14.657857431058481,1.651712441571339,806137.3769901427,-0.38848967326983763,0.48538466932006674,48.88834368798027,-19.84103053815842,-1.380983503100892,-29.948241069600183,-17.08524813428752
11.431245885134823,14.777713009711377,1.5379972180197972,817864.808974309,-0.4296141453546149,0.2448320973681013,43.48211833124297,-20.65762216377231,-0.2215645049745245,-25.467695919339,-15.631744013014789
14.510175444803382,16.657087123282608,1.668327174471397,1038296.1172116846,-0.4001105545837373,0.15953137007170248,46.69680262542781,-25.82010939756713,-0.9394476665673516,-32.539815463144876,-13.47448932768878
16.6272330071675,20.3040089454431,1.7581181016559926,1538848.6253017946,-0.5331164054639217,0.481302530520348,40.80078245023559,-24.987525749612345,9.333097749179242,-32.69395498556017,-19.028807417604682
10.121363060709575,14.94171954961676,1.6604583417796757,837374.8490405069,-0.23456778430312394,0.2310661818994073,53.54591777473888,-18.684354838186835,-4.049981586818873,-27.7368130353943,-15.967297378798776
17.581956629495405,20.849665404436667,1.8588406300202889,1623397.0122495005,-0.568430368874762,0.4108727416241731,51.76408652271747,-26.339795277174566,2.5330768316533234,-34.92964088516803,-19.295705870610156
16.30386953560559,19.02800597526299,1.8691334489327451,1354394.8769611064,-0.5497643192134305,0.31006785642514645,53.27071472489763,-31.85825558291053,-0.7985582132652991,-33.81925333343015,-21.964718529953647
14.725926183208763,16.576011792750784,1.837483032900026,1030510.5926977994,-0.5503121798312752,0.9789944383605498,57.44079024159583,-26.45027388325149,-1.2806112422022842,-32.328789891057156,-19.17218689854164
15.039025370059237,17.76332741810349,1.7340386946198967,1180200.6707373753,-0.4572173255818208,0.3194321840792007,46.12524241261302,-25.761439182478796,1.1223020509463748,-31.037194877566726,-18.749617499994706
17.809410687184606,21.488133373172932,1.841102031477547,1723304.9181110105,-0.5456301412082925,0.5831241214496274,51.96357502164683,-19.80324581575109,5.055479081157812,-30.536534699995777,-21.669305255094827
15.100025298798924,16.845788157177918,1.7263276636786844,1062448.7115331176,-0.4110310734128069,0.35996878003320143,52.16186572020867,-24.91250490974956,-2.6615938752546757,-29.03213956018947,-17.86708529639961
17.77632077282942,21.608960663901033,1.806943569966506,1742136.2974747373,-0.5455617143922045,0.606715992598287,49.33310921084649,-21.816760192546475,8.438929114557235,-30.652499208067745,-18.188338352115217
13.0435052322291,16.615544566189726,1.5623473684410751,1031906.4132162868,-0.4231660109453658,0.3294836694854917,39.75026261072931,-24.256182866013177,4.598392764126902,-25.421282174401593,-17.378369229045596
14.273970848059173,17.48133387970808,1.5873494002229211,1141572.4191908662,-0.6329330593968318,0.6018873731299421,40.208551209616374,-24.33555196736907,3.8841051511173728,-24.89607399520066,-15.309863788774297
13.035079196140245,15.437441056857432,1.575827659679931,892155.9201247361,-0.3806869149160037,0.3445516382686664,49.88443508308757,-21.797772391222317,-2.2437026550002983,-26.199723215261304,-14.029026610618573
15.159657550341045,17.482458787949987,1.623221988370068,1142144.8511893013,-0.525029109525362,0.3411081923788517,41.583896640596,-22.732235071983627,3.9376811914758805,-29.91383146681052,-20.160533042986415
14.41963431358482,18.863214834087426,1.8447268623120983,1330924.5164272129,-0.5363793560615069,0.6056517565784798,53.29196266170386,-28.733931306056277,0.5917843071781075,-31.828336939599303,-16.841418366650572
11.096120001713444,14.673135574897492,1.6157378205204869,807362.1679062555,-0.29443226818506474,0.018508391232469723,48.76169760568849,-20.675462778979302,-2.129106171127015,-29.247609916589425,-16.78955278655083
14.65471108072081,17.075420698924983,1.6853109450172612,1090790.031923815,-0.43063994174918396,0.28747195982755835,49.64044116132181,-20.723238248507233,-0.8444357399781042,-28.18724989147045,-21.168805242953027
15.778618975097594,18.661059273908204,1.6319199290212103,1300078.186231887,-0.3936864136595053,0.16513004184058655,46.85932865524275,-22.32900108750472,1.612029152223653,-28.48397642791702,-15.235923783227218
12.465234869043947,15.229227187512759,1.5327753504517316,868002.8095191909,-0.4709199536590648,0.26010365325629214,41.66614509979079,-24.983363439398616,2.0206385682758343,-25.192115573945614,-15.166744036814697
16.97761384820925,20.99138684408358,1.7649562100084377,1644106.3175867926,-0.5511947204171909,0.31623502668608694,43.79726923131678,-25.637884629374327,5.226620711820568,-27.12150607912577,-15.217962233129501
16.42641416055122,19.626440359964846,1.7572528783725194,1438596.29135709,-0.5533142351337792,0.5293770865852925,48.70035899148482,-22.87345784700188,5.821893344609641,-28.00235144697718,-18.35468326812118
17.095715782337358,20.439536622856046,1.7527579729478586,1559237.4602039254,-0.5932213397269566,0.5381031702928127,46.670878757400516,-21.906856123892545,5.6885255711778235,-30.72390512364908,-17.79917571244888
12.090552269116415,15.121352577265807,1.5304116442136373,855845.6025147269,-0.33026746098136345,0.22197627079443327,45.709825299652024,-18.3518838373205,-0.9733916043427656,-27.514959506738293,-13.251329829340385
13.11769894029373,17.00139717319689,1.5504860181896485,1079827.8546772054,-0.4184290093664534,0.2987237104543863,40.93448312337317,-15.917978010265994,5.020952045339173,-27.630947879353954,-17.485423556674625
9.213386759132401,11.655155177556594,1.3731224155391706,510282.6378465325,-0.2953567334037973,0.4898087897306267,39.07886542951917,-14.502314428854222,-2.8544780681201667,-21.563282588163013,-15.375353161270487
10.67066309121993,13.651899657370391,1.5863071489066654,699840.1717877821,-0.43306904158457854,0.3507286794683626,49.73286599917304,-20.03505775190841,-1.7058967060797219,-23.893115402135173,-15.243473516610647
17.743520621846315,20.366305870594122,1.7402634974641205,1548004.322523526,-0.5818779594946455,0.77453316598849,42.63041750510982,-22.96047756784027,5.9196470994561885,-29.14091744733537,-17.513221984656468
12.202040362242203,15.004602760358123,1.6581770407430108,844323.76212547,-0.3589066466474633,0.2696385832375663,47.715830646911954,-24.130505050571287,-7.317264385723162,-31.292995199242277,-15.346230360096499
13.620758306321683,15.1089456152958,1.6865191296787432,856316.5851306361,-0.45184752729518307,0.30090835636981916,47.35804014710085,-26.112632337416194,-0.8961962105298084,-28.44063573582018,-15.35313769388701
13.860807306795259,17.769385053188817,1.6836515707177866,1180360.1214251618,-0.6142829413534764,0.7666340176842565,46.6421938875213,-26.006782591155932,1.8317688736355358,-30.975993740397683,-15.360443299584006
12.453239557813186,13.900151454315935,1.58536181631766,725170.6933164778,-0.3941790245551609,0.19971986843958422,52.08443452886371,-22.497878623382558,-5.0160817819927725,-22.753494545938842,-15.747536180330574
19.323154906512876,23.205545779647597,1.8156716076016486,2007346.8378680837,-0.5932043082933155,0.6093836408681836,45.5098227483069,-24.997906929675963,6.486308250886923,-29.843400854870687,-17.999705421670026
15.727616725291323,19.00666767321895,1.713603587978088,1349323.4064650799,-0.5679834588565162,0.6795342313693471,48.0493844855245,-18.17592101830715,6.816169609069473,-28.722130781304788,-22.789077604246316
12.496605440489379,16.31443411243658,1.6792129917899914,996572.8143024775,-0.4955422492594157,0.3864405745497268,46.50472251988427,-22.88928987135835,-2.7744825291199113,-30.57194283544281,-17.924828459120654
14.033864201062364,17.575874440816676,1.6389744931772408,1154469.1070687058,-0.4348545930309237,0.18237217800428818,41.35232431707077,-26.815262009823556,1.8236260247897604,-29.077363409034984,-17.033359480505432
15.981632231795155,17.078734378734513,1.6101776394849516,1090291.9872372923,-0.3505903518074206,0.2847047324197245,48.407315079137405,-19.816661651524356,-5.9415627786647125,-28.258468138175427,-14.515905325963022
18.2584026165957,20.563508388367268,1.8365315911193758,1579184.83806505,-0.6435240734421428,0.5977158973921806,45.30464859856154,-21.9462486092334,11.073291442897698,-29.69884457565641,-21.88721111973876
15.184825988651264,17.162598546060977,1.6562905153162861,1101489.412795832,-0.3849114869140911,0.08875929170264873,43.70674726266803,-23.137412229268506,0.21996635740609094,-31.135073848769004,-16.14176125130917
11.884200904951616,15.063033114405812,1.5576849292962804,849635.5978399019,-0.524625186317033,0.4107245112553608,41.320009757880065,-21.407268914042575,5.093604067225778,-24.59765885120661,-17.033816120561433
16.255737848115626,18.60759447180221,1.6911170028464846,1293424.5725978562,-0.5304928478663826,0.6260796989659245,44.13395706688575,-28.032596728798545,6.497370110448728,-29.82759265126181,-16.673682751076946
12.120990967192267,15.955696982873185,1.6910297231033493,953829.4558533123,-0.46771874097527755,0.348902802798817,50.791862813472605,-22.001694367542918,-0.4303258600504901,-27.382674608490493,-19.70878883454338
13.585356094425306,16.298936823161778,1.6673416319709653,994553.0446759692,-0.3619757120261238,0.23784726086305819,47.37330701175451,-22.97477802740777,0.7041287384021535,-31.380816658324335,-18.746908035188753
13.008772510033886,14.386253056834217,1.5349443085212258,775531.8265237018,-0.32292079184845646,0.32665341374288026,45.71929888282676,-18.955922431249157,-2.4728931479849727,-25.99959585274558,-15.298112757114897
11.567644851275869,14.669831551937829,1.5558667282852596,806299.4358373303,-0.4402850514199668,0.4227653372469984,46.02061287994266,-20.66922157174598,-3.555147828106551,-28.996358300491863,-14.615359611527321
14.5754321536112,17.103713401382894,1.6494100270119016,1093929.2803770227,-0.45193178798235967,0.4071422089389869,45.385572391204995,-24.040842619077686,2.0355186096191638,-27.030001962648353,-18.15577004548897
15.72921496633213,18.878219472770695,1.6642041363813032,1330675.7434470428,-0.5254691836840837,0.49027973982112805,44.73373135745888,-22.99446992165296,4.633133335787067,-25.83850143833363,-14.718213332118392
15.413101581445328,18.747464246569148,1.7523557766782398,1313563.9066766729,-0.599670774754569,0.5354219048225506,47.79626436985069,-25.30715281363457,4.325198844178436,-30.620550375247994,-15.907188870576242
10.652067990038578,14.385790407293943,1.539963487880752,775539.6890563392,-0.27262919533223867,0.20326426385713647,51.54407862073277,-17.03383782742135,-5.270050375023137,-23.03619280578679,-17.076460275712236
14.17519224680405,15.380448715125619,1.6168368328728495,886133.6087042651,-0.4307112859138325,0.32374542039439724,47.60369236784415,-26.298043652589392,-1.2528151241765184,-25.545791623907768,-17.72907490915396
15.946269278856784,18.97944556757445,1.7193856823858515,1345565.750561952,-0.5165167803483013,0.5276088866434376,42.56252487749185,-23.9689873287211,6.305293764012056,-30.211304401351008,-19.291255904984435
16.447060209900528,19.154271439945845,1.6807371686451082,1369779.2247123295,-0.6198869916554691,0.8447143740838166,45.746948862643414,-19.992886737923584,4.3614370042037365,-28.143143454391545,-16.577417879317835
15.996601450382391,19.113374386962985,1.7232745307155233,1364517.2493661966,-0.6122301512739554,0.49659889567074567,43.741465883436604,-23.376086992935953,9.604580356694553,-28.006810337626113,-19.42304768073871
12.26411252121073,15.280673779684811,1.666104783740841,875398.4908342964,-0.3582237515593596,0.5013416303995806,54.49761423408692,-17.351350543819848,-7.67249828160389,-30.336469445377304,-15.53806304428985
16.06985376898409,18.424526378833686,1.6131568404515138,1267352.4821584462,-0.46695870758368446,0.6433496932012517,39.30338403451047,-20.39821936240814,5.7765886178877075,-25.996089280262517,-18.231026977601772
18.638066216631227,21.49800647919628,1.907363753959619,1725797.5921524386,-0.539645341329945,0.41640000148848033,49.571924603823646,-26.8254542055113,7.105864418979629,-32.82719504336737,-23.66379063831494
13.256242656335827,14.713434603731157,1.5675278774048493,811181.2270008682,-0.47078127583373375,0.5192053340300169,44.9913708374345,-20.850102436359208,-0.22388056097397674,-25.673975482398674,-17.51831560822623
18.281488442841695,21.677385427632114,1.7614904317286681,1752509.0432585943,-0.6630237642571555,0.7416582597963206,42.13864715326383,-27.016956423883993,10.5378956080583,-30.977299293311,-20.23521062842359
10.563145168186418,13.492566115811252,1.5812661633587015,683756.7980703528,-0.37689210005797985,0.3813695877169927,51.21079946047997,-17.89699224407206,-5.404540308926511,-23.07912697340503,-14.584699860207223
14.047240616080572,16.57198088095559,1.6921314700583847,1028114.7484498161,-0.5222975304057196,0.29229710711463497,50.50096454145245,-27.10072483651752,1.8550022070819336,-26.558094593841034,-15.759974453317957
14.876548668454793,16.523180188430295,1.7395610960040633,1022733.9662621757,-0.46238615891760215,0.46758014931036884,52.48524720887369,-25.430851759900072,-4.173163663227776,-25.695787745975963,-15.583180607870226
12.478874186359707,15.238755343187416,1.6169621389395448,870060.8257375034,-0.39833266938872475,0.1647527465193237,46.78267743014395,-21.378566571607042,1.8254709824318542,-26.02238637472633,-15.204361697485275
13.207797572838654,16.267813690558594,1.5956362729685345,989930.8634163844,-0.5264773189915901,0.562391632217754,41.22750142623019,-25.046748502823206,5.565222904124425,-24.892295270975353,-17.642619145739523
14.26756104342593,16.658621726049002,1.6846371080797322,1038688.1543907786,-0.41753044774467296,0.39502690216927805,47.71528270336049,-27.61958781249939,-4.191724266707547,-28.3635356629195,-17.330983951500457
10.786958319699263,13.699293215603598,1.584155200499375,704617.5754450341,-0.3909046123192642,0.5123315000654713,49.46053816556824,-16.972480950641355,-5.932736631833528,-24.334006176466737,-14.026655189688292
10.576329812086211,13.789855352797227,1.484939097366571,712712.8984375149,-0.37829904705422335,0.10207181929047193,45.171982986447006,-17.906084912742294,0.9116169176787456,-23.269097116084566,-13.860110356851477
14.764972381113665,17.982668448652717,1.663440949498655,1208361.2982101976,-0.5786300231464028,0.5765252193405268,43.97704588058028,-21.867457541347967,3.8939094699878978,-28.24613607212149,-19.06912384549345
17.704119796594767,20.02027649641009,1.7153138680667512,1495907.7277004556,-0.6280922387570016,0.7615030734555894,42.797675671011014,-23.314466058567934,7.566716184259658,-29.451590528083283,-16.78715122029017
10.937471265629483,13.749743015555502,1.5602662722290062,709469.9455052395,-0.302197872999564,0.2647154156094329,51.495628128704354,-17.899010855697764,-2.3762787087778,-26.321136408969792,-17.342516637168156
11.659516852150979,14.503410081557695,1.5808134352059253,788601.3772853545,-0.26286207267085243,0.3604600321164311,49.14168688206513,-14.910322940842978,-3.5913623528849845,-27.18858191525733,-17.272341269198726
19.194725142570448,21.782892138522392,1.8680803876745584,1770931.143308532,-0.5894965770762923,0.548308735676883,48.905149481524774,-27.515612370741923,8.61610568658445,-32.06036042639616,-21.51465734322378
12.888061529251484,14.076253591617636,1.54797243436403,742990.0808515588,-0.4548201015358184,0.6232476982210069,46.61266661771729,-22.311792659571292,-1.2170274309860152,-23.487081066651285,-15.870177685275973
12.717853931536961,15.216246800116052,1.6389997268089131,867786.9035440627,-0.3852466321710144,0.3431433918527502,51.03249323562753,-19.825408783442498,-3.9261938081617354,-26.59577273364505,-16.82198776364867
14.24588907387871,16.27691131248709,1.6135406713050808,991240.7216552086,-0.42620457086496943,0.2991337080323846,47.6029782382965,-25.33359386904569,-2.189701082491104,-26.0273233382196,-15.110810473665737
13.670248678537508,15.02682658746701,1.62050720646084,846338.9331196686,-0.19706023208867854,0.05801048164529021,52.46395292943774,-16.766264740348394,-5.9684769435276,-28.456547848981526,-17.55616467175708
11.10185252316982,16.176802012576076,1.6580054593427072,979742.4397192803,-0.617673517782033,0.47638075993638296,42.793275593505946,-27.63499332121947,4.6178111287943215,-28.192215184736217,-15.780779186581515
13.429106928464833,16.297786597100675,1.659377019265919,994315.9631100817,-0.47589971468366965,0.4922869539502286,48.57384689174478,-29.761599628209737,-1.0644703842713592,-27.998514309465552,-17.277766710571598
17.648381537476073,20.982367552094455,1.6964824458942815,1641825.551891433,-0.6057787238734498,0.7672199086880642,41.94712646367381,-19.136654816886892,6.972372336783106,-27.201705472531575,-21.10430791702604
15.644583880754105,17.6135846341446,1.6132614895886705,1159075.8171839588,-0.5216198084976382,0.7061397573069703,40.26213590107611,-20.282643336875275,5.375748227186852,-29.129390649125103,-17.890491695219932
18.155706226543387,21.127448792190187,1.858892132506541,1666600.0408417142,-0.5854700929035772,0.4610292844754613,48.9356176868759,-26.691268279200123,3.032460976129925,-34.03090673489162,-18.5132310215657
15.986714565699865,18.763504352922077,1.5921750671973232,1313808.2536581368,-0.6345043071445702,0.6691639921896733,40.83964243714574,-21.48640029496643,6.184024107496905,-24.178130077662544,-17.517583846930986
13.674452336429393,16.879308938579783,1.6215549014609403,1065337.5915598564,-0.5213426378265361,0.2679248416208999,44.55492990006009,-20.660523796281723,2.8583348916541684,-26.92785237162061,-14.630056398543772
18.059911713529488,20.705228133062775,1.7872391570848443,1600192.078112363,-0.6705069815500158,1.002482953143283,45.24374348570716,-19.641162808936407,8.54033197291347,-32.84477883509974,-19.92855078994811
15.209977167044357,18.706247512531878,1.6738376035302514,1306847.7119370745,-0.5995655239667143,0.5382109687138383,45.396020392093575,-22.642420286552365,5.041177777420607,-29.19849713539291,-15.768036774848866
17.656259492296154,18.825204882684886,1.632726496471973,1322885.5690166117,-0.49499539086401273,0.4608090856108764,42.403255212905805,-23.111223262017234,4.014753787325257,-26.011274545783362,-15.765272297346652
15.045655012198752,16.80107560361272,1.5757352801337956,1055032.4029276217,-0.42647948025488536,0.7056571202836479,39.03108813826432,-19.620335557395443,8.35521757413879,-25.861617490856403,-17.62214519372287
14.194198216327585,16.89277220001876,1.7048918928728485,1068049.2752268484,-0.5584907435621219,0.4754806409471004,46.730980519628204,-25.189643643998345,1.8735205422698946,-31.71015446222993,-16.485847506063685
15.079814938533072,17.67447825996351,1.6542742162035706,1167533.6973187006,-0.5335133097014596,0.49145927384335053,46.1527401270349,-26.855410955078614,4.225727115369331,-27.92075505769882,-13.731253986303011
13.740608240694609,16.180046451459447,1.6373392316047448,979879.0707583821,-0.4417059270449458,0.37526564243120086,45.80282296589882,-26.46474588319211,-0.6987094822984004,-29.601377330984988,-16.72933714583027
18.920753099080386,22.239797507141876,1.8787935584412123,1845602.9883494524,-0.47141874041239623,0.34890168582343684,51.454636833734114,-22.631028262671762,5.490682231589918,-33.384863582671294,-21.596957164120006
16.49591386789756,17.029709105736977,1.7620154389909155,1085993.6337962402,-0.36306017139696306,0.3913494175929517,58.300184915877864,-19.434618813603482,-5.233273674810897,-28.233169382854946,-16.775786404143098
13.754209491368524,16.944155997134438,1.6718044316883733,1074077.1010608126,-0.4770898438453457,0.27347456012072735,47.60931274975587,-28.109926641257132,2.203806402100649,-27.85924417030843,-18.487098609021192
15.583290385168251,18.641123195882056,1.7646152390736574,1298992.7882050155,-0.4465134932892688,0.25951127436308674,47.449764177579446,-27.861036758587147,3.746760271831364,-33.215877432339305,-14.187838504669514
13.398942710192998,17.166965257869638,1.7205765745954695,1102849.121081184,-0.5164534443108145,0.38580046600837514,53.0341780884212,-23.417017387865315,1.6511918970254462,-27.86668917885521,-16.19116107834592
16.47017344255751,19.0825194644786,1.6756795794031147,1359551.4215664477,-0.5456209017007325,0.5927190446202721,46.324118548695814,-23.016335602723395,4.15452678135714,-26.577559112857713,-15.50794165241117
17.756840873521455,22.151835551823567,1.9262946728850694,1831805.4612301423,-0.5606863018597051,0.5380146820921126,53.26658562908634,-24.910593590883483,5.693560787170247,-32.104305840762294,-22.766932402061897
11.537441453973402,15.193853779150256,1.6180190197022675,865010.7152692238,-0.3599587174001992,0.5510106227838909,53.3525660485445,-16.894262509906437,-2.138280021146299,-28.559356427998328,-18.14801773418545
17.563627364405342,20.842077915498816,1.7269351143131975,1620472.5844652783,-0.5534908399264138,0.8981888382062717,43.05025759228719,-20.492908806776125,6.227720287307696,-29.523638280073623,-19.118231381755738
16.114622273284695,18.715159502022416,1.6322574925520508,1307574.0082186293,-0.5015763659387208,0.39080783043584955,45.5810561555321,-17.26347692220437,4.834376404460505,-28.261395977849556,-15.276872706780551
16.509321810108172,19.79033819584516,1.762695273395325,1462602.7708739429,-0.5079097891514749,0.30237603498141397,49.369559631559966,-22.4008722544719,3.7493806363083317,-30.16883336696663,-21.02760414787928
15.027073789180413,20.28174711796492,1.8529258343916095,1536769.534129411,-0.6087089740358709,0.6156496239623483,49.81962310690275,-24.02506301805901,7.633545327630307,-30.327354086773155,-18.794630688735516
16.12759455637793,20.082449479454127,1.6628619872616122,1504488.9316443938,-0.45496495510266405,0.34581823333185424,46.113046742056255,-21.546489395889935,7.050207512786258,-29.001411545520906,-19.01673396970851
11.872343237800338,14.744364305143495,1.5086782475470562,813886.2005685089,-0.44901934943508093,0.25327166180163285,40.975941356403325,-23.545592332118034,2.5332363209270055,-23.704079432841194,-14.438386387730011
14.135496098308467,16.40490101243253,1.603097190748358,1006614.0354627251,-0.4587930624504548,0.3041090606850778,46.60063930782635,-26.38073496786746,-0.8628862947939401,-26.693652607432135,-13.574526545311693
12.28511027064179,15.649808355760166,1.7571941810729763,918855.6831242746,-0.4256455226620264,0.28385372250730034,54.66135675786461,-24.44255477939244,-2.136829519586708,-31.25692827834399,-16.14187485419872
14.344365061090894,16.18887357204869,1.7330049923697244,982132.2698599899,-0.3024057615889143,0.22711106349856358,53.318560081724115,-18.621436505866797,-5.850535222608527,-31.980332782468963,-18.668932593202104
14.236189410010898,17.187861334743786,1.6850587980809228,1105060.7115389472,-0.5164894032943307,0.33241136841743124,47.18052093697674,-26.71652673402307,-0.7562278074185455,-27.57344160036454,-17.13274772812624
16.22811054765133,19.52323763872682,1.6878751215060859,1422741.230850415,-0.5205350758259043,0.524988668898311,43.58322200944848,-23.41962359641841,4.80674632650015,-33.15852497159228,-14.648435716665055
14.546555283956225,17.20843679239503,1.6227943058987009,1106919.7241203005,-0.5778538712530179,0.38273414128137384,43.0543098550799,-17.593845586409255,5.714564667086229,-24.414621852159524,-14.653293682491627
16.468883412033495,18.22773968957718,1.5954786639540266,1240419.351756834,-0.4598156801273113,0.39233054708620196,38.99423556264243,-22.06026967786776,3.537131522203146,-26.558054950786357,-18.98178854424475
12.704572205374536,14.968423703175395,1.5187849618256892,838665.3409763783,-0.45879502953806267,0.19905216907932832,41.16777676743314,-22.70500574686994,0.4170041611489447,-23.498097344916545,-15.782366149972274
11.965296967860148,15.423125770116703,1.6013279278176096,890819.3060152787,-0.3694210149193422,0.3379893266516505,48.43293534813106,-19.40109980692901,-2.245425781015398,-30.61753715187058,-14.492692483880404
11.094765144508083,13.864197197902062,1.536535183673942,720907.430479603,-0.28999592498604665,0.1894982396111402,44.410566160595295,-15.128607398926789,-2.9937953597282254,-27.09819051903993,-16.852773318932375
13.072075529975397,15.310813930099052,1.6922516152938634,879139.9570005034,-0.35964849880366156,0.3829697627616766,54.382479379334725,-19.339215572928715,-4.6011018661211995,-28.947982134159005,-18.830093587619213
14.885936024805853,17.74622517817302,1.6589696275196824,1177006.9501494803,-0.4706324812490306,0.5418437649227976,46.06472697832879,-21.96770379395952,3.183700472745346,-30.09367464115001,-19.300887050951097
14.426326035772366,16.756916156678713,1.6072786402890393,1049913.9476436586,-0.33465230733960305,0.1437318564513208,40.25043925343496,-20.740433386582794,4.014541434292066,-29.11125764510942,-17.414198715755806
14.139950993681142,17.435916309398518,1.6331869565230148,1136243.7579641494,-0.6076265299988335,0.5426032378729397,44.200106824029746,-22.03336041667368,2.923772493934222,-24.40246979044553,-15.464121944966184
15.970227239960222,17.868957656706318,1.5727056463133167,1192169.1531662396,-0.48183548650319585,0.23431029981485185,39.132309477889905,-22.852534731202596,8.836178685075062,-25.791316544048073,-13.938236912349858
15.039263217323537,18.832684725602387,1.6390765852163378,1324006.1512268563,-0.6460069099156008,1.0820862443166437,43.188605962998054,-23.347730676336163,7.248863245240603,-26.130751296046938,-17.667764686528137
17.68055326568677,19.269466838651965,1.641894864991889,1385700.273531268,-0.5630156947967064,0.444073517733373,44.336256131855336,-22.551941153109198,10.306988037367645,-25.656927053637126,-16.58008350124709
14.036927302134561,16.279865614610163,1.5752839700989232,991145.0905800837,-0.3718407804162015,0.3389732417526936,39.06597511503475,-23.32662823158725,3.0210079756037147,-29.48003356420416,-15.620227182006584
16.419313255677675,19.253609177783265,1.6864797560878049,1383986.745654194,-0.4934383637676024,0.37438951317618896,44.31234062192812,-22.485006343676602,7.090447925308396,-29.277168333102907,-17.985450855240888
16.186284441695786,18.935414604845814,1.605883824282661,1337982.1636692253,-0.619658947893517,0.8651446832923981,39.42636113870253,-17.368363843222053,6.736159471094276,-22.798164547490188,-17.424018381565304
12.909807242482541,16.066864815439356,1.7153923196143717,967326.2820678813,-0.40135418243892235,0.337301829861254,53.71238492176141,-22.157460128974364,-4.096680939309991,-29.40559524222764,-15.47211857660287
15.694961329996655,17.593432762894917,1.7210857471931575,1157779.201429933,-0.44558376504023833,0.4598386667576704,50.222791514384134,-22.273630869768255,-3.743623559720432,-28.692410777028286,-14.268847573525907
15.663353820575253,16.723882391755197,1.6121174199646853,1045873.9456914937,-0.4271809912759186,0.2854040652115901,42.221043360627675,-23.617663842728767,0.2399833345064895,-29.17945707729686,-14.651492710743085
14.366284939298733,16.7700520319453,1.7026095837411945,1052714.7084533046,-0.326988759999372,0.40610713830378664,54.70359481411364,-18.322251331747175,-6.21643579743035,-28.854292806781167,-19.10609383200545
18.364197794381646,21.54397197861935,1.8678192712843416,1732574.6239363814,-0.5966614038211462,0.6671969694115063,47.358662090737575,-24.821431013587322,8.497194022885914,-34.46611013596926,-20.92647207549344
11.173687228501416,13.311171276271477,1.5764244960392224,665686.2232450946,-0.20451707560203283,0.19377593135333715,51.973899415882094,-14.894897928975556,-4.179398782874144,-27.20457647367816,-17.35229138429832
16.36483664683534,19.468646735634724,1.7648146052199216,1415838.9862201703,-0.5600817033743558,0.5214698458644849,45.58854008880658,-23.84764155258405,4.703265582902169,-28.868984012923327,-19.58410724479257
13.82009657039797,16.035658309427152,1.5773096005414047,961930.0502878056,-0.5093974605069436,0.4851465103361905,42.935653252680616,-25.5695362044034,2.243121512101352,-28.449320650123028,-13.633092662235711
16.455533151684044,19.09796240513076,1.7479769728831898,1362653.0266020438,-0.5900139455624004,0.5168807974193248,48.27749399907097,-23.250891020356633,3.969989468083332,-31.05558118467917,-16.463547156539313
20.314939462431376,22.82462710061788,1.8629794446248062,1943029.0618388795,-0.5739023793814658,0.48002980162623476,50.09284314358666,-24.994215186693374,6.747015924385025,-29.98215759439598,-19.41034966408101
10.819472109555468,14.378169486983905,1.649540395279676,776022.4065613099,-0.4039238390172993,0.41403058434439943,51.38130935703829,-16.235261888176375,-3.510686779170053,-27.592180463448358,-18.049590711058976
14.245971754099223,16.313140072138808,1.7057808752907917,996749.5825456353,-0.4927430332582867,0.25711478780753216,49.064475908534476,-29.48761565346954,3.1717466908323315,-30.841615048297186,-12.842650063405333
17.44746164101567,19.725859590747277,1.784747267085548,1453452.4540816157,-0.5280473318281249,0.3405714654038956,48.81834568907297,-24.101754674827625,8.586736301948498,-29.343368735826626,-18.657290625752953
14.722829931655944,17.494287642550113,1.6191472571557923,1143628.7891441588,-0.5082324990380156,0.6657315981772758,42.53074056151955,-24.074393338130115,2.5241005557899303,-26.389082356595058,-16.857507522137787
11.864577825401003,14.424274818643308,1.5059362163914642,779263.5650865292,-0.39436009321649323,0.2007026567904444,45.55280550105749,-19.060728203490157,-1.3096582885379933,-23.037527012676417,-10.651237469222893
12.489821516910776,14.8802343316733,1.5155914339907508,828876.6392488923,-0.30571752202285696,0.31227323301904786,49.89635812104979,-15.283207482466771,-2.7630611225557464,-25.889360063903734,-14.926856697244983
14.11200046538071,16.304779230460223,1.6288191987650547,994788.3420130389,-0.48950008151094576,0.4553892189829618,45.55863437661002,-25.056025084367768,-0.8223704294526735,-29.294696034748817,-18.110717260309666
17.20448668717044,20.121571511873995,1.7055766786604047,1510849.471242294,-0.5611411760758896,0.8398205876918681,46.2478600887812,-20.528302093087984,3.8512582496201553,-26.34669086547147,-18.615809203933388
12.950589485855405,15.512103463279786,1.5631979143503962,900570.4285351015,-0.45249876426968905,0.24291007604356718,43.873989941367995,-21.03876835404433,2.6683404333831495,-26.91098441486878,-17.023160261316576
15.83509247841162,19.249075533871267,1.7382412563296703,1383996.7907812542,-0.4745435141174256,0.6542297245153597,46.037855862177686,-20.7424079418457,5.402395025833974,-28.127262106497277,-20.214225967224245
16.563814365566436,18.73511014687229,1.7175292798003916,1311400.5297521243,-0.5321724445369934,0.6297965107553125,45.86452987207305,-19.852701001936456,5.481494107850985,-27.23274948291819,-18.446848133189057
12.434629597508385,15.636728710552992,1.5828808097062743,915182.4107552497,-0.4109176995743479,0.44265845194503495,42.65041300413712,-25.860411799139733,1.4809019434371122,-30.15260135760179,-14.560860984042176
15.207873139212587,17.433069042825167,1.6816421027081347,1136471.019812054,-0.5160213525809312,0.30417070301162363,48.79091043123066,-29.067670652887507,1.7451411251556521,-29.969626233833736,-11.932570096636034
12.706115724257167,16.56215650899474,1.582036819944795,1025573.1536376025,-0.4015424011907275,0.006889904413459824,42.50043985309179,-18.926137229293033,6.951479722083467,-25.811455072012585,-17.03222116330116
15.290331691063251,18.566405308952938,1.6496042850719348,1287237.784458449,-0.5588793390964278,0.4573172955912028,39.12394204566581,-20.361973299911433,5.848903681404878,-27.099258981881462,-18.84401030015662
14.064864394857109,17.000246404597117,1.5898059338648438,1080140.3639837874,-0.5568636484972981,0.294653353601952,42.47002208635479,-21.157699345918417,4.00878978722624,-28.908108400602814,-16.785827569676016
13.997064943490985,19.213520820371286,1.6883553311330566,1378296.7759745186,-0.5491492150385282,0.32070158095809376,46.46277999872683,-26.74874991125254,5.711915020444324,-27.329408425414904,-13.211328006858697
13.905746506247818,17.555767328163395,1.6505606565187019,1151993.119342197,-0.5476470159652578,0.6050493798778152,44.03755324834049,-21.286382877251263,6.874958640630979,-26.20919420409374,-18.343161312064986
12.06778261902675,14.67973339372165,1.480793369379514,806531.5262076838,-0.3606654714768313,0.42513010260855966,45.04099614982373,-14.541745672734134,-4.490147428591473,-25.44272029814362,-12.546425431256118
15.235523539552497,18.439060686257918,1.5737336492297551,1268872.085366766,-0.47114221018043745,0.4703401281539006,40.37959951199874,-23.03940233119522,9.975577714078108,-24.571679112943848,-17.467168877305646
14.977758676591549,17.6923010880036,1.6522828717429414,1169844.6967466495,-0.5316845053034909,0.49327196955330876,47.74597279801448,-20.536543965704933,5.347700455541252,-29.612216277594907,-15.184667111027455
17.808650892085897,20.53551712543102,1.7626227604996787,1573936.9911504213,-0.5776865564518463,0.6944033612355964,47.12440784730018,-24.16028025737465,5.036149521742685,-30.44647369169288,-20.093829963004374
15.893560220007062,18.60989123331371,1.5800607411727605,1292395.3047660866,-0.5497567255176418,0.865324719419748,40.3792925260836,-23.210928873703324,6.1895840285747035,-29.596584884351902,-17.164015011378257
13.174474366140693,16.351554246156105,1.7114697827320804,1001470.5960795166,-0.4385422893737137,0.3742776665053795,45.926894902195095,-28.398212902077045,1.2238815833109156,-33.46151021231802,-16.17065496844449
18.32964517189429,21.380146093085067,1.7956427855001702,1705541.1008065578,-0.5712915570694298,0.5346727175935979,45.1784926870089,-22.83722004320651,9.20176432513951,-32.06809863853023,-18.78567889780708
12.090520177537233,14.352742732274766,1.597566462037036,772690.5046088166,-0.36245481157827925,0.3538996020216092,49.36031346387789,-21.224300203110253,-4.581379549201729,-26.786080199201947,-11.699928398433048
17.046001206004966,19.445052317903215,1.6955247610186122,1411548.920605822,-0.5381569735641674,0.631339956262003,43.09888689238318,-17.440441355599056,7.223121635915956,-29.900229371118506,-18.233023027750555
13.123283557162196,15.683985901205238,1.6499245103525046,921469.3074877419,-0.4397853357326519,0.3443896463858165,48.551646041924826,-24.178305370934616,0.6638136229294238,-28.403310356242866,-16.85575660278787
12.712212322551002,14.748700988660902,1.5953556681786782,815356.906778197,-0.25101885957862685,0.0002128155842586743,51.07779783103455,-15.498836171437173,-3.796173690041458,-24.861611941455784,-19.424550283554257
15.879953818838187,18.616860644844856,1.7949336044940882,1296043.4080167974,-0.47831666979166065,0.3767820670544988,49.44586505879702,-28.81635124301227,3.2906643206715005,-33.127913378613755,-16.479499293169617
12.973468772944265,14.993827574080075,1.6040020627331124,842471.3838121279,-0.4265296039697866,0.6403058337876288,46.909773683814876,-22.57761523330301,-4.214336743780459,-29.643221832914534,-13.514691586079817
14.01429466699146,17.732638296949478,1.6698508463399482,1175355.166746105,-0.6358429817719348,0.6440897651935211,46.90484149473738,-24.231161358525032,4.628137505734067,-27.67226804645596,-15.65249128221553
16.48716698432763,20.183984277027164,1.7047701261201529,1520159.508481699,-0.576608574566408,0.4322612924638394,45.84386603981519,-24.954956999429896,2.15378991345408,-26.786754336921003,-17.100293712465024
13.544745631995369,16.72234270320906,1.5699024663255008,1045185.4618743602,-0.4839321181522331,0.6569386365512853,39.49961877639623,-21.589487549095807,1.6041488123586722,-27.161005098143917,-14.864245195489515
13.985696086992132,16.305554411530714,1.5365969939844664,993800.430635397,-0.38614718698422895,0.27024076547011333,43.988051618445226,-19.236201852973842,-0.9093838691358058,-24.689523104109895,-14.399183243751683
15.336350961126907,19.068505230747338,1.689393150580446,1357741.4912281483,-0.5615095812640638,0.731737604783286,45.28501181407469,-19.857551928403335,4.081300083606686,-27.971889018351202,-15.602592345906395
12.722935948327253,16.11405871167017,1.6482396714307026,972116.3519681239,-0.35143702487634554,0.2659247046706774,53.753640743443455,-16.890892125851064,-2.892645177864814,-26.404166237485757,-18.480284620929513
15.837253903480459,19.206494132679104,1.647347660727766,1376789.7492365057,-0.6112732283744324,0.6252881838277253,41.97449013914283,-23.488326468088246,4.873574008726274,-29.050849384496455,-16.033681714605322
18.040055254955526,21.70632839135496,1.899723227690708,1759036.3383310044,-0.5305226243126613,0.4026084203349076,56.36770532741163,-27.33411704713005,4.806792398768537,-33.37113556460851,-20.84282329207899
11.448900927318704,14.103887123720407,1.4073886634002128,744335.8888137436,-0.2847412281498932,0.24940737939362378,43.63649418876321,-14.419394390289273,-3.1204712233974865,-22.386267279860377,-13.578596670412612
12.411422369143324,16.962544743882223,1.7081897223057931,1076842.8235492893,-0.38789210104637906,0.33846762913976525,49.554197207287885,-24.907866148537707,-6.101320613551844,-32.95198853490572,-18.0082650844252
14.709735899126265,18.559080031266266,1.7063030932205219,1286935.1654649212,-0.5946597547259568,0.7196730596218286,45.30568614375207,-23.162054856668888,2.6393071349456863,-28.179067327141723,-16.099742230157453
15.502886729931957,18.479542589651217,1.6344950675616037,1275131.578602124,-0.41769722297052414,0.27826051037678834,40.00607755275969,-21.516501979760335,4.780492122164382,-32.32182381531116,-16.61715140192758
15.646628507672492,18.100500107387138,1.639745818886612,1223824.0051583285,-0.5034267468625206,0.4545242712833044,44.41209598640121,-22.394243039556706,2.322960020512343,-27.909698414858738,-17.990572031354827
13.306683311272057,15.662149529020857,1.6418577565245833,918834.9047434627,-0.4821260214955357,0.3413742741750987,53.77752686283756,-19.514025885620757,-1.3916727344648279,-24.293914063551572,-18.863549179350265
17.676562000740503,20.708900441341854,1.8192461086836593,1601183.2324749336,-0.6534678967822313,0.7641883510510863,50.109440310163905,-20.649718740783257,7.6996130173621715,-31.611985178473503,-19.495000959829355
11.648853057213524,14.334732143465665,1.47714924112264,769404.4399477178,-0.31463115553895105,0.1069710975559297,45.364209409109215,-17.268764762537696,-3.7653684093222353,-25.942277326428226,-14.961763988580469
16.602490972141972,20.07083734184514,1.697759739502419,1503195.933521438,-0.40299833528455287,0.34069023242822194,43.97151689673815,-23.616136547326203,5.807478756387632,-32.29555865009253,-20.349482046197707
15.943353493822887,20.0814766480313,1.7315660339996417,1505208.2137199303,-0.6049817935589424,0.5046662101483359,49.76147284881651,-22.752898091071195,1.3811019265362057,-26.435617650832917,-19.192111422206395
17.195427786772143,20.124449127026033,1.7294491009907147,1511582.3756132484,-0.6566956395181832,0.7866474076320951,42.70221197626692,-22.012398741800077,7.548038730324301,-26.929886595842994,-19.538492697878183
12.597662840867418,16.160818366541093,1.6968671507690294,978310.4681356745,-0.4818108717902104,0.32512273715755,50.53250718934427,-26.716584424225292,0.5974652541442176,-28.996182191718027,-17.62560716139452
13.08694615879251,16.638570925437076,1.7346133588918986,1036847.6806286193,-0.3968672272745047,0.2908068769713221,52.823998784007706,-24.176657390676652,-4.170673190257705,-31.98815965813006,-17.08751696154758
14.960147504221545,18.88164432099616,1.545400099776768,1329742.1125807525,-0.49124742923702924,0.6058065049045727,40.860221412352026,-15.486668230519562,7.2005326295252345,-26.5536785875819,-16.615742730164804
11.589178990006632,14.202886171856765,1.6639832758074582,757638.4731054464,-0.48461336435813923,0.5346090867263493,49.78051413878073,-26.109586698852866,-0.3623889444834411,-29.266807413057624,-15.19340241277541
16.482355265896327,19.143396844541652,1.5453373586591552,1366617.8166602957,-0.4752974888693529,0.6235662734712419,38.95002448614382,-18.793095220149375,7.863925393195849,-26.789505082916428,-16.702069147221806
15.136149834179909,17.903162001868495,1.7088883007891866,1198358.2004364203,-0.5682573554115754,0.48320675602813434,49.23380273389941,-19.000325199727506,4.701406093799623,-28.200984000731314,-18.16257671141731
12.919782984459005,16.30193396289645,1.5648220224526397,993687.3684970441,-0.4376049074417959,0.21114497508131436,41.24666840429664,-24.777387214558487,-0.6479802468896401,-25.453487247636843,-12.695663477124903
12.440438726979062,14.533449153299298,1.5995170601653976,792053.4147295826,-0.4099537615421571,0.312268534990944,51.97304146380845,-18.89808924781364,-2.9623753161559563,-25.9607420281826,-15.165104329912685
15.972597306185147,18.746469324773386,1.7637770622057818,1313574.4852867299,-0.6171787298419644,0.8017596757160139,48.464062334077134,-22.40435383547152,4.725823082965423,-30.89002370334888,-14.926421270715778
12.576138479221866,18.259680492630316,1.7153518027632737,1246207.7367681938,-0.4785153538844024,0.39299758676086016,43.111986001813825,-26.101639819299898,5.109279502076276,-30.403735702442653,-17.604929890983282
11.05372802945003,12.74151752145006,1.4776134149166193,609582.2056182001,-0.363322310697704,0.2715741102381761,46.97702679053569,-17.547520818881164,-3.638950868846087,-25.87339776197133,-11.468187892404627
14.226275418845955,16.920078232577524,1.6544095549973727,1070841.7685690394,-0.5063939963692113,0.2491995221067631,46.5467907940135,-27.073161299818317,0.8718645093204593,-27.05678964885459,-14.328170751894294
11.467314236181657,13.830558263600075,1.4564150376014247,716567.3280181983,-0.20870102583806682,0.3403163075546445,43.25694612992615,-17.06262036040018,-2.6847349140937995,-23.982230710251827,-16.79318880488298
17.794745405684445,19.19806694259872,1.6532569886415596,1375662.9172760926,-0.5972607713560062,0.7226204055671603,43.44114185221498,-21.544352841596847,2.4767201128432035,-27.012238553427377,-19.058393865374534
16.29723512559895,19.688304934810688,1.7520806463896441,1447540.3055399002,-0.6379542319304962,0.704617025712654,44.5049190140128,-21.208936293376848,8.753911404228376,-30.927408434302208,-19.946131656335954
16.11123643675532,19.175961542247958,1.7627569722222054,1373905.9329537605,-0.4026713465542248,0.33711041716304413,50.20964102186598,-19.97097916790129,4.686539385409093,-29.308152610536986,-17.912745555922527
13.357220888561956,15.94166800822598,1.7223498357007176,952567.6073510308,-0.5342514431233673,0.561746550595887,49.20485069624279,-26.588174129117046,-1.9836830615499619,-29.496150692099725,-15.763344475542219
14.86429926374228,17.55232874882174,1.6899049135737896,1152032.7856730677,-0.4776213130528113,0.20618123371164776,50.662394557626236,-24.280690016486055,0.9871284262774412,-28.621643917188557,-17.036262655372695
12.21448797581002,15.936702958148148,1.5805987842227522,950246.5206323222,-0.29540764044445966,0.26557030325857856,45.26008260330643,-22.33383060639117,-0.6960375747057967,-27.394146747452027,-17.8326919532511
14.472476688618261,18.907265101682363,1.8394997326728892,1337017.543864117,-0.6325458745557992,0.5741794453398454,49.616327371921784,-33.65423911575222,3.7888793018541174,-33.476806749355404,-18.29969251608986
9.108279898777207,13.073695672060737,1.4952604701683498,641547.8794894351,-0.1842245652990589,0.12599048390840784,46.35442304458293,-17.08002397273878,-4.596280805516587,-22.34788896172565,-17.18648577004924
11.084607951127907,13.015446905212116,1.4944144679481772,635908.1668180334,-0.3072342189141453,0.5154582086964044,45.23188181037486,-15.330376457764517,-5.4469218993049875,-26.363010035851993,-15.705872341040473
12.44743408593807,15.373776343149602,1.5444121175507006,884525.0600398784,-0.4991936895554605,0.37256262878936663,39.91032842609364,-25.354693331684782,2.286289102939554,-24.53173356719023,-15.605805921788305
15.177451566303214,18.575457026844205,1.6047581314565846,1287942.6682035471,-0.4994758463013457,0.3309374260982647,43.23243877978622,-19.95382769055714,4.929392230766928,-27.804744849138668,-17.14356504584659
11.089181908419953,13.641996074418056,1.3871755552735399,696644.8993522463,-0.25377756516899846,0.22570100420674644,39.378997500873815,-14.332350307887411,0.3945593580467157,-23.07367304655256,-14.950716944196426
16.280446557225826,20.552495643822255,1.7903975428894612,1576887.2750411495,-0.5178951594369963,0.5557099668613037,47.07997411585694,-19.881585285121314,5.472803365033671,-29.166409905531026,-18.522356138432674
12.129550744552459,15.988277507409974,1.6314572796125257,956952.1142364098,-0.32111979912519995,0.2148158991205471,49.015323361200316,-21.567689105425853,-0.718486465230128,-28.286414416445425,-15.640142022607966
16.560907666306555,20.391076624781608,1.8472716750670684,1553167.1907619094,-0.5736074094667074,0.7015131219417596,48.72214728946,-21.6147345342963,4.783157595046992,-32.38470802425661,-22.24985781290701
14.068739205552799,17.285651992689232,1.6819401479720464,1117512.0570901379,-0.32390811337961206,0.08825788124612721,46.12543842337902,-23.241568014954595,0.9807379746584794,-33.35307797816841,-15.526665959200184
12.238617092997048,14.875269397644047,1.519663656864073,828375.0790315846,-0.35836946214274307,0.5719508936264224,43.96091103015354,-18.172913280863867,-2.0009611374950405,-28.187208387571026,-15.237789762395712
9.529831079529682,13.24385579944699,1.4900813628059322,658082.3182405327,-0.3941950065384146,0.3589617842931281,49.31678038737137,-16.215855955633437,-7.277779623737121,-21.38960517588798,-15.405282445399413
16.056567901862728,20.301029687510198,1.7663815277404926,1538508.3268268122,-0.5119035753665032,0.4511178347424285,44.10082002335964,-23.432755563130407,4.150114056192661,-34.34503687712327,-14.843988244019567
13.21569122237553,15.663871138475155,1.5502257512870625,917951.0183086348,-0.4204346907662143,0.3756928873595857,40.70186990384849,-21.932891075148547,2.9425687789706245,-24.624803895689304,-14.645494421519597
16.259637034706632,18.537021247508527,1.653291325694341,1283243.529716026,-0.5072935607133863,0.4395614535185084,40.61839229033049,-23.143344221782726,4.5347800550081026,-28.379961483344097,-17.15721813755924
12.711467160690978,15.745259082176718,1.5315514593795307,927208.9778862929,-0.3782318160658084,0.197396256940233,46.37833252863672,-17.80711844209882,-1.4415321794341416,-26.220612258187444,-12.823121835034515
14.183010787562168,16.244753785885823,1.5949234403230592,987144.6625065346,-0.5225760699806682,0.6283380363067059,43.616119133272306,-20.73843497959397,4.353635634752868,-25.741573137446593,-14.18268577866317
15.591482512565339,18.87996329438526,1.653839561633512,1330792.2783804128,-0.5020627379929343,0.453499181799923,43.54505335921659,-20.41257236317339,7.180643406489764,-28.6320711693898,-16.712642995013535
12.506516919803868,16.18088116730434,1.6342897854486627,979942.1873692767,-0.44273209474096525,0.28536067434038204,48.28969535081839,-21.72241792879646,-0.4223019013601197,-27.09912920140612,-17.533791114099436
11.740557873069227,15.05190473214973,1.6992901438698422,850102.702432723,-0.35649047532215367,0.39267118262840084,52.09380190234671,-22.355682098361967,-2.3402237386799714,-27.005028126351668,-17.832561117405447
11.820870603623833,15.339497643728109,1.528305622956977,880441.0318748732,-0.4709486483664999,0.42043625937969153,46.783132573780904,-18.683304594737123,-1.0692455250079576,-20.72363157139349,-15.24339979543042
17.45147320844412,20.837396365221895,1.8072493305700446,1620801.294656692,-0.49925561841457056,0.586091086566213,49.13149059662456,-22.507822439131544,4.316632958628792,-29.994662629703317,-17.998356297840672
12.842865607473174,15.628023722266983,1.746595850546104,916193.6019695168,-0.3854065193055613,0.23867942593523184,52.391813115154626,-22.043857203337062,-3.9278756423675056,-32.156465220493146,-16.49967093462237
17.038661735880442,21.95228315119631,1.921602900127509,1799130.5615137606,-0.6250934191182387,0.5762819658089167,54.46685933635564,-23.74130901860387,5.999780139046588,-30.339820568734122,-18.58912668290926
14.948286047064334,17.302846425797814,1.7016475202797599,1119962.585750258,-0.6562235768430538,0.666126946342442,48.901502213652705,-22.795285313648932,2.1253462888959733,-28.381823822506846,-20.047729743340213
16.30229397217249,20.327472831447206,1.7653149557696575,1542474.8202862977,-0.5215585063355761,0.32451184216056994,48.47913024323557,-26.261997115774108,6.085950611960714,-30.398587997840604,-16.07449157881055
11.953285254555999,15.710390798408765,1.6421056836361267,924445.2578759153,-0.39044648478072147,0.27385826215223785,46.58035420899563,-23.260984275503596,-0.6892862468468464,-30.390592221375705,-13.588235714907817
12.599644815120355,16.022363218430467,1.5753527017834585,960328.0684780127,-0.48769762057304816,0.6936174315067132,40.0330784881832,-24.577075252246058,-0.06968091025037831,-28.09867306208175,-16.90443156217075
12.431547502218422,14.702608029007465,1.5745244239574416,810082.7261102926,-0.48473154284723474,0.5471485593659589,42.99485065077424,-22.002243516454936,2.598333381453115,-26.70398439780263,-15.354358166411227
13.389324714811783,15.920312284234317,1.727548617360466,950113.0434129433,-0.4633564435969942,0.4660332832064511,51.32645059956317,-25.604723867076395,-2.690772423464444,-29.826141928163857,-15.277403078054625
13.58778814743623,16.392306657867955,1.6441622272982472,1005577.7068174254,-0.5109182851609367,1.006741196638746,49.125473411916005,-18.76768031767085,-1.4367102813700194,-25.674798645399456,-20.66244070875122
13.632159623650981,17.133057165127582,1.5783836264530031,1096802.052687882,-0.47706849580541055,0.34388566217271777,41.80154107875063,-19.408273242033857,2.7503757707192413,-27.768435153555814,-14.799860322119617
14.931422701624777,16.45574470824948,1.6340843069101438,1013175.8409002578,-0.5134822639259647,0.45720525024577396,43.84879050626479,-20.625532006598448,3.756066594648332,-29.081716379862897,-15.153634936633722
12.82110679736675,14.805130417465119,1.5549556965660016,821064.2122862877,-0.31818138276213354,0.3999366720800661,46.09198268526008,-18.004523091131734,-3.9749965707175114,-29.340387252033445,-16.383582018201068
16.38687888760551,18.884523769174052,1.693527155426757,1331922.5735553438,-0.5954758627485808,0.74585756296166,41.21725405556626,-23.533879790186873,8.475555005506218,-26.94529567474288,-19.99460328575291
11.702163097755285,14.422738693576546,1.5369345513006472,779448.8569774267,-0.3813278856670813,0.27887718681399987,45.263563878451,-19.107101293494644,-2.322005981726011,-25.024329661942655,-16.229842800003368
13.752124406516065,17.275689935309046,1.612082001790628,1115383.844504919,-0.5383472542379967,0.6257455532516145,41.90089187091074,-21.9226866350567,1.0325569137412742,-26.663821303008675,-16.01716599572392
15.773617881974763,16.851368884691137,1.7308460578339109,1063203.3293530857,-0.41047741556260037,0.46376087603507576,55.66553525929095,-19.239637373574745,-4.945802867613172,-28.285709852909527,-19.44614513916526
11.764588780828035,14.346801405256315,1.5683209077344185,771715.7135217129,-0.4732451174042889,0.262488939005479,44.03588410755545,-23.016130445463624,0.7587580994680772,-26.180842414326698,-16.66226658977324
14.158965282127086,16.965299381905652,1.6124549768626524,1076011.2654002109,-0.612042164264702,0.48715386031447494,45.46886227398012,-18.95524741007752,4.629596094598297,-25.545022913929163,-16.132979797793386
17.495870668172756,21.238409005043376,1.7892144111440744,1683075.1860422194,-0.5592563941216299,0.5008477894563184,43.86707473330486,-24.081163323029735,8.055619494463333,-30.162622528903377,-20.005387519292896
13.824320411395018,15.620934100595981,1.7466290379642389,915373.2136101194,-0.30203083603933945,0.20203187399664646,55.485015192469845,-22.557696364361526,-1.5740713058053353,-33.05577920994446,-19.20181982580733
13.47759781349102,15.128541302353115,1.5080657771973849,856399.7251254516,-0.4601839829695698,0.4900921227740245,37.86349372045676,-19.96176852091899,6.077283397458445,-25.502393222600176,-14.949884229547326
11.217696599244075,13.361731110395692,1.5052827132524558,669870.4256308979,-0.3531379092227026,0.18174239094923772,46.50498449071539,-19.45198139424282,-4.758533166419523,-26.288743136415953,-14.72484173234384
13.608133662946658,16.950883808274945,1.6375823475799942,1074502.380648084,-0.546269373419085,0.3230635543464824,45.934844588177285,-22.20305057574987,0.11330203869269745,-25.55835762714183,-15.404653680474414
16.082778778602613,17.31473679334622,1.534295198665396,1119481.2071840663,-0.5448143167015999,0.45057495526457814,38.91588696785765,-23.675400307264557,5.773598041797646,-25.081922360206143,-14.301157733680768
14.987701796250109,16.45773409171041,1.5446188460678727,1012364.7919024434,-0.4065564178040518,0.40850583978739374,38.68027916719623,-21.87610514047099,1.7014409681264082,-25.77332680995448,-14.61660108893645
12.16681346839155,15.648391302870872,1.692539216482512,917864.9898550907,-0.39201782395356316,0.4833155392687418,54.651257403799804,-20.620203841693908,-3.9403811622242193,-28.322386144121374,-18.656670038552843
14.477029689148726,17.460013755198396,1.6691939741570465,1139799.8602080692,-0.5313288189197253,0.3604829801842637,42.96965357978787,-23.982629291803715,7.052126415833937,-31.283211597721063,-17.13262167357452
11.304448075972084,13.082633262322068,1.4987159885178398,642452.345168876,-0.3112316960727853,0.3528160359534458,45.455663549137434,-14.568266011327278,-3.884305576487746,-26.240497903564737,-17.117038701845964
14.142619380515557,16.26781054988037,1.5692283894030221,989620.8306412825,-0.42139417217700537,0.45788612006254503,41.26329719292172,-23.277098256101034,2.142845791573615,-28.590022058249232,-12.592560977431722
17.57416043800103,20.158345072099223,1.745116439256345,1516842.959037004,-0.47273405836651566,0.3843653163481511,48.673403201807254,-23.39502626961312,1.2800862319289605,-32.81193224523,-15.957966388630137
14.503129142851655,18.53574071533912,1.728215308689484,1284006.3265321334,-0.5439594533776264,0.22025549037507686,47.722101220307536,-29.483423360880035,4.590889253646198,-29.224639827234576,-15.480676559560475
12.95146429803192,15.686912674605178,1.5853454692103204,921035.395962094,-0.4313693172804087,0.4030674085898065,47.84279645163976,-17.35011203896019,-3.4736126701890493,-27.912097907719556,-16.71000160002499
14.013370663307827,16.193255037925173,1.5305917458182812,980210.4344170059,-0.4511568711467584,0.2284443216206702,40.04308620837444,-15.153366435741038,7.539572804385461,-25.17331306498739,-17.877359162303886
17.82943424960446,20.294730815962915,1.659463414539764,1536203.845139969,-0.5242467933682528,0.5115074838355147,41.21110539089375,-20.244607411169945,7.5098629777594095,-29.75730809634379,-15.788044749732641
11.944906641742454,13.323696404218207,1.4590538080360127,665602.2269995625,-0.292822178357195,0.29079375063451485,44.11934944695987,-13.190686784303493,-5.311048193461374,-23.470205932518134,-13.717320760696975
14.738212291750898,18.20628203318886,1.6721262107744408,1238450.756243749,-0.4695342297354035,0.29968081530417345,42.90736172669709,-25.114292910455518,5.021161329530056,-29.971615205032172,-17.668573802340127
16.8304531857893,19.98388503530158,1.674452008627765,1490000.7645965545,-0.6657837439313341,0.9763597808049362,45.20370469888265,-23.531438394767406,7.217346783154039,-29.14431668565842,-15.557678757572726
12.3138495670332,13.089422835777784,1.354776147642044,641588.9538037227,-0.2789542279994392,0.37597450698262014,39.82109060841077,-13.21754487513969,-2.527746747151429,-24.730880998232642,-11.815640433050527
18.73720064024118,21.531496445708676,1.7879062058083537,1729501.2165705953,-0.6555735998440737,0.675787118185788,45.268000728041045,-22.94000892412977,6.315854769833353,-30.043654523354782,-16.12214768001752
12.964835513280368,15.049577771190433,1.5110233663916215,847603.90092162,-0.33008419561734975,0.41512690423686927,44.85899581314149,-18.489637043192158,1.278676633239125,-24.446778226678674,-13.0682865096324
16.160210254829106,19.840891008587306,1.7969644773246396,1470477.5883721437,-0.5818128523020516,0.6972719623294443,50.08846829561905,-26.912878527488424,5.477035534457762,-32.42455923756644,-15.982589672922597
15.877444135175615,17.801724730079414,1.7503220670294315,1185470.4387577684,-0.5745693082914041,0.4574169855720194,49.13627759600353,-26.729222946210513,0.9204834405545663,-31.623505074766857,-17.845887137014326
12.298422282686957,15.296957237155754,1.5447208459968786,875799.2491835246,-0.3269343570084916,0.29651592641949476,43.03706353674275,-18.09029896729995,-5.639621984240753,-28.30383530109942,-13.621419245338789
14.548122090003496,19.52231598451007,1.7281195621682792,1423117.244987863,-0.5736201039847926,0.6193342355416322,43.49856173164619,-26.382297072779586,7.910660801492211,-28.682189158475744,-16.478705421504493
17.237989054400263,19.713219367419608,1.7152317262436787,1450704.0046885791,-0.4109340963088053,0.3200709404901878,47.974864608406286,-19.019924990876063,6.789107251419338,-31.292133557144766,-17.835391078499086
9.300704162653718,12.353681520284523,1.408039841782343,572778.2663289666,-0.2846923460573162,0.42044335813404876,41.1053323654893,-14.830113220842462,-0.08973912473312047,-23.096436694559266,-14.426862251719584
18.904500767587802,22.730853115871504,1.952973075963035,1928473.9416158719,-0.5372490912000539,0.4967677573817286,52.4826297599415,-24.356526552154126,8.976988483123026,-34.4293418402116,-23.713671075229886
14.632699354292578,17.361108652808916,1.6597710648161237,1126923.6691444898,-0.5579898391300044,0.6738254231290521,44.09464396324075,-18.88622984555986,5.4633909072049835,-26.58448916735866,-19.538558363003048
15.524778028592824,18.62396400690371,1.5428595951190431,1293906.2311798776,-0.36808008416302623,0.16458620318143202,39.592930215432496,-16.934203801991693,3.8874787670492483,-25.992484124203397,-12.112909201672569
16.981807830172183,20.424597589137594,1.8713828564539587,1558568.4950548178,-0.5359179062479528,0.6540612383647706,50.44564309966579,-22.820736030146673,3.7999617893356206,-30.91947302173211,-21.642345225292125
13.05005153129642,16.25715060643625,1.650653237866839,989307.6252322742,-0.4069180875583983,0.43530388652563934,44.929210058344886,-24.792736425327004,2.316691619107957,-29.51688091020847,-18.894920957119734
16.196919815973146,19.96464802052279,1.8155022336623226,1488977.3261867696,-0.5382116953212628,0.6843153482580289,48.89503897718552,-23.930169043025018,5.128451333752347,-29.54613418471684,-18.048264932558936
11.93982891495031,15.436620738494168,1.5758473426812805,892062.3150580705,-0.3592392875685652,0.4481534131368705,50.02732602350176,-13.325421132326397,-5.239786549837687,-25.431232824069866,-16.256516247684434
9.634421015000159,12.69223312710215,1.3406250705110494,603507.6624165121,-0.36683237780378114,0.40411215712443704,40.6555230985181,-14.262120761433696,-1.8138792629355605,-17.817792637620837,-14.690443012235685
15.285097394354061,19.684204444961562,1.7736720856618755,1447224.1930909446,-0.5191097629082594,0.381439472119411,51.16967230136804,-25.735124863941508,0.8666698092077978,-30.35792716816728,-18.820968743984743
11.519096688063355,14.201026926509423,1.4612080752976013,755094.9122590481,-0.45244493407442493,0.14766043326192868,39.78883853335931,-20.478062748516365,2.526334955392784,-21.921565777098834,-16.165452782050128
14.754171977442782,18.917568536115983,1.7657182573106631,1337475.9538479438,-0.450483813077272,0.38921506172879106,48.054723393615745,-21.975671447578172,6.098024713444468,-29.007541172667153,-19.2540359780535
15.153122129235854,18.028084774991203,1.5979481361604853,1213629.3583249752,-0.4441284183003959,0.28549882469242993,43.369293550101666,-21.67679886325492,4.692990076079374,-27.093530128048755,-14.769940730646535
14.102654384894665,17.58185772775265,1.801946923465842,1157326.1590028869,-0.4217724421336975,0.5491162608889422,57.141481487913104,-19.20826575685011,-2.0868693081551597,-32.522522447875886,-17.909101709895708
19.365405667459584,22.327929399049015,1.8621939276670816,1859925.551638048,-0.6022390150953039,0.7091130052075791,54.60144065381096,-23.787920961988142,2.210045131340261,-28.941379720903978,-20.239971002920793
15.821720021384746,19.65191981195322,1.8241027089222073,1443191.247571047,-0.5686553369598044,0.47838151826525754,48.07028809577713,-27.644677466195233,4.436806961382607,-34.05979157018521,-18.072840006979284
18.6414462520351,20.055799720477367,1.7585272456425454,1501738.4634583066,-0.46884858430993226,0.3102016633107083,47.404146410746165,-22.71235913373878,6.118465564408644,-30.236341145637404,-21.000942680583456
11.528201980581004,14.40265042605256,1.661197212375296,778775.8668292267,-0.31409898114663415,0.2886045127220749,53.74420996745905,-17.906908121005323,-4.548833843671259,-29.567147283628216,-17.879877420301575
16.073013936459198,19.050857928921634,1.743208033656682,1355933.5294936607,-0.6245992333783523,0.7549145654365104,43.09317913921831,-26.168192152943163,5.596946170582415,-29.73813331799424,-18.588478290970425
15.410038992770144,18.389968287339116,1.6800628853209514,1263455.183884034,-0.5104404754103851,0.5864234955112013,48.7994195236288,-18.834941354370763,4.28485151437428,-27.41937702164282,-17.30036645364634
15.860469334990423,19.06322718476736,1.6367224867656383,1356346.7448839126,-0.5658522381215622,0.456436166509671,44.00868378551562,-20.885336721291544,10.979378440581595,-27.920649311289502,-15.779641285409431
9.012359556630626,11.918206625371125,1.3579055196440961,533103.397074511,-0.3258999238689765,0.04697954823003503,44.106842062644176,-14.7055378585975,-1.850829506795042,-19.820944073794433,-10.337941179126787
15.246495889807317,19.072192338104614,1.6662716070289483,1357975.0570134246,-0.5455007862244821,0.7613465461181628,42.02390976579089,-22.60376798068095,5.6171327790627155,-29.660729548352315,-19.054781664497106
15.517548404810478,18.195580025877575,1.6917719058934446,1237252.2373641343,-0.6132298009204568,0.6794856748701124,43.91734114217895,-25.91968062694766,5.243513673899776,-30.45019385993249,-13.345078319108078
16.343416437549816,18.995602785628726,1.6679143027092604,1347193.0685656543,-0.48864530718854643,0.4554643368554867,43.72436990505862,-21.503921292378333,3.78284807762357,-29.68165651998725,-18.385104503753993
17.926642056345084,19.650288267654133,1.7468484451170525,1441931.5679632802,-0.5495574098515614,0.7316026463726466,45.947987515226345,-24.756121771191836,8.114544967699167,-31.182989417268274,-19.2466605355347
16.168014686077488,18.689366500881338,1.7598130408459265,1305602.586739804,-0.6135369266492997,0.9013619229377441,45.273486187771425,-24.65326230966791,3.4948220266667733,-30.889882068758688,-18.055069278578706
18.433218489486716,21.655029244709333,1.8535353646747321,1750152.6536927572,-0.4545001452407183,0.35024265074943806,49.8677490104529,-22.09253256332988,5.370268923296976,-32.91654443457634,-21.522612478514908
11.726706047328307,14.148065384480491,1.505221180699585,750015.9134521706,-0.3270536057396398,0.22754788851763452,46.32195370549367,-14.97284263157854,-3.079372236007197,-23.867688233519942,-13.651937774166946
16.12735919296865,19.434970924023588,1.7278814635006947,1410507.0942731882,-0.4835235499022274,0.2102355022835054,44.9366465536372,-21.95187732001083,4.705713612607253,-29.319870774277668,-20.856763499945714
13.108084823371822,17.59037859531338,1.7450501533360798,1157688.8240030552,-0.48342877146356455,0.23295142317728335,49.59161950717095,-29.392020070600186,1.330906393824252,-31.894717381118753,-15.449783358314203
14.680787926048517,16.45057581573755,1.635341245424298,1012560.8858640575,-0.5678507456240802,0.7624514558955924,45.60569027991015,-22.790166670196513,0.10316184146342014,-26.163820529350218,-17.074395217848508
13.64754899345584,16.444753388684234,1.570595007918553,1011082.2093795668,-0.42839239111540045,0.41114644978271775,41.518876690213645,-19.770469760341314,2.208990602170016,-26.73031874480428,-16.45869604839902
16.793623632328085,22.019327338756238,1.8164540154085174,1808596.7934813558,-0.5966933368627259,0.44574811650803925,46.886253071908186,-27.26874977387839,8.270038288079089,-30.236291021169933,-18.858309216325274
16.24930995984286,19.826651724165753,1.7860231560703967,1468239.6200164491,-0.506752629676897,0.5451375410892609,48.983026666552846,-19.618861140518607,3.013457309192895,-30.182724499009403,-18.3225649900924
14.304568335977411,17.61439360898175,1.6088628311899245,1159128.8932494782,-0.6314309873830362,0.6801515270830558,43.66174612590609,-24.21943021361625,4.261385074250136,-25.14596204764034,-16.290992178799343
13.268407282897806,15.976493781531767,1.6971677333955208,956366.9515657607,-0.3422136408194414,0.14846830921569465,56.556849666297595,-19.42559888828155,-4.37923360317172,-29.080259329430937,-18.907194209036206
16.021775705757502,19.335240658402267,1.7407712180205144,1396347.1273604957,-0.5829902361720818,0.4886254008421811,48.207348156509916,-25.979354108490696,6.434292469983236,-30.189845231366746,-16.937070427366102
14.397347010715745,18.85122846491744,1.7637294253886266,1328166.7554338449,-0.4710398448831996,0.386670204882142,49.275847642160386,-25.59890876806528,0.5108714090365949,-30.992875240054808,-14.941096587470721
14.478677041483838,18.412193389587667,1.7022451600267006,1266763.5973215192,-0.4688281265753406,0.46955095833091276,44.6636956814437,-25.58942196191894,-1.8390052101300438,-30.45003690460988,-17.889123129241145
15.656610222792557,18.190535310098085,1.635056931069347,1235873.093262502,-0.48338676555258153,0.29856045096661044,43.14434610876303,-17.341482634305805,3.868394847585215,-28.970153506160734,-11.468888972792396
13.13864054521616,15.441983234581967,1.5982531449426933,892939.3058266522,-0.5074260209906648,0.5745087200267012,44.50825022906731,-23.800238663631482,1.9789315762568864,-26.72223011574502,-16.180045142655654
11.59216384126055,12.348038471720743,1.2538092672862065,570740.770036854,-0.35162716896479684,0.05076289080121699,36.418418231510095,-14.254250881602129,-1.7272909556039866,-18.317261407223505,-9.843539952801644
10.735397334657835,13.672299792474247,1.513724795858196,701071.7499015474,-0.2524435954609674,0.12122982657489478,45.16114700334006,-14.185968209013808,-1.016321174587819,-25.185019264073986,-16.480000683492786
14.573210754409986,17.809836508991108,1.662539066899173,1185430.7282791762,-0.4831268130467563,0.5069787065309117,46.80418501134453,-21.696049791143402,-0.9354043416720343,-25.85988407216619,-14.559597588345607
15.074237475037048,18.0249967815574,1.652847879333591,1213878.0978987142,-0.6199400743852528,0.5509883196357142,42.01402751311272,-24.50669968731412,2.6181332066173826,-29.210748803799206,-13.744189928254906
13.645830713913961,17.628165296543198,1.6331051329549724,1161218.2993813627,-0.5277256586039774,0.4426632673913211,39.89064073065558,-22.622553447721458,0.7837513713414075,-28.54456960760268,-16.594736041450613
15.491398963619117,17.739792708955658,1.5893732685335686,1175323.6369144653,-0.4695350255222998,0.5091268013542254,40.94879375940581,-20.700765281094103,5.94316390823577,-27.5752287912646,-16.324784751580005
11.619590430209433,14.18139141780178,1.5291780216567186,753783.1687170679,-0.3566369202261294,0.40432684212061165,45.95749993975302,-13.476655116769892,-3.154174603909542,-23.86891180738669,-11.567959820808689
14.223910728715786,18.294416679462454,1.7297709668731303,1251096.209132834,-0.601085062044132,0.7686818531392037,45.50494228873649,-24.552555031334506,5.112668743426131,-28.525730890704736,-15.71371951919281
14.290763855611733,16.624055937722833,1.6008478374463995,1033405.823339116,-0.3864229493333455,0.3512147099514409,49.2681036727626,-21.74243527704634,-1.5512822056843034,-25.179481036631625,-18.54466623806483
12.556238572784277,15.456816165053404,1.6265491397585206,894975.4579782514,-0.3535068830506022,0.2786788149899695,53.59282398202586,-17.918618135889208,-4.9067071115190135,-26.071781200447994,-14.64274255812517
13.607815408978624,15.659477166157787,1.5788169135956514,917772.5449068897,-0.37588603802359233,0.43783528654330395,50.34170581523969,-16.94762730531058,-5.185820905719131,-22.399052755476617,-16.97980290767095
15.52973271279999,18.562843170702347,1.7008700529349445,1287384.150940713,-0.5409265330215564,0.6347557199288323,44.89721783226302,-24.225218773736884,0.24289838297647182,-27.357959460333316,-18.295006888150063
15.680438155508874,18.50065474984732,1.8148557247454673,1280329.1712937257,-0.45092228173563015,0.49741018599773534,54.26787770418409,-28.922688795781394,-2.4847106172385773,-33.96435881435208,-17.76054954704187
17.163754775047842,21.354095089509887,1.8825965224529582,1702601.4307390656,-0.6438851527887308,1.085724684678829,49.5440565809425,-25.66002699577173,4.811238581355481,-31.148278916397523,-20.320582770288745
18.137121011103687,20.313213501376048,1.7906127657970623,1540661.030953377,-0.5173171595740521,0.39495798979947727,47.220633287941034,-24.372807679480957,5.452752405271545,-31.29051107278724,-18.54052177034562
9.40261925532401,12.523268818154763,1.4469794558075972,588820.8723751842,-0.22443960207616898,0.33592888748730454,45.14551862145713,-16.952812436205306,-6.208972548027157,-23.87366745493471,-12.433703242868166
14.679861659802734,18.393256159332136,1.6895262833220577,1264021.4053139533,-0.49018190372153714,0.526715165035772,45.28125411142351,-28.64960502285846,2.393111380699207,-29.29495695829118,-17.05635153960062
14.622323156286138,16.786733649867116,1.5714439643349178,1053197.6115429378,-0.5012568192253679,0.459624204922243,42.09785917763779,-16.991924935933426,3.704632532151146,-27.641382311877408,-16.302445900692433
15.586375090760889,17.42127555234758,1.5768846444783995,1133683.3431306805,-0.4359651594730548,0.48230794074469285,42.36698501317922,-18.35741436858438,4.854778620242866,-28.65369580355189,-15.7549290789065
14.692577107057106,17.27234982180395,1.7290161821466494,1116403.8095287394,-0.5020223698382362,0.5017313448912777,52.3094698017793,-25.012557450797047,-0.00706043608628542,-29.76127862199268,-16.95263645130612
10.869800232842815,13.662564552684994,1.5997128673305683,701077.7039895647,-0.3522761757788664,0.03953308234198172,47.51250819931471,-21.394682268574805,-3.5473791654209856,-26.662259939864494,-13.636679731736988
12.330550585657063,17.164691787637512,1.6593964547086657,1101793.7920102067,-0.5306920679229166,0.46614778265964807,39.946558300573045,-24.931887457083274,6.941150536062908,-28.26195336835515,-16.642048853824374
15.6469352288017,18.73397492980821,1.6868726636352835,1310856.2541800793,-0.5043501813978641,0.4836751820524321,45.020827128786344,-19.79530876568829,2.56331626467811,-30.132001622377068,-17.357302726069303
13.607702506929988,15.407576534268864,1.5604405879990655,888564.1830531415,-0.45443363290558775,0.370939021948697,44.44282888686668,-21.549602821125994,-1.2721846341615017,-24.82695219515334,-13.678984761509337
14.40313222054717,17.654930676738196,1.583152818574328,1164121.9299255847,-0.5717057231892737,0.6150780573871466,38.874753384874744,-20.153676614274485,6.457827608892577,-28.304889000740815,-15.054308090967417
13.277231392813315,17.05305784760523,1.7094868643776606,1088266.4166214922,-0.5648377779949159,0.5035661766161725,49.15567917135629,-26.25853707048023,-0.3264000501687463,-26.91077721844012,-17.550175919023218
12.59189105032266,15.874584260756672,1.5602921202722078,942688.851408816,-0.4076338337563124,0.6806259554239622,46.28633925249189,-16.488274735226728,-0.7668933458178393,-25.822196121442282,-19.778906180985338
11.110118141483317,14.14469542427681,1.6382542830213,751212.0386718683,-0.3424158446229852,0.5882177252626555,52.84881649657446,-16.90945830056118,-6.1083921442534495,-29.267645028460315,-17.090388643649373
15.046024039481457,18.187214178191724,1.7359550486726727,1236685.6496268637,-0.5477513329875806,0.535115636804496,50.32446358260724,-27.476239632365484,2.2523298954175797,-30.41527098572858,-15.694100526900337
15.419681929076985,19.38415299139702,1.7928096502048714,1404045.1462204675,-0.4799819682763768,0.44899886164690006,49.56485457833277,-24.182728920465628,7.002818365409475,-30.505934946883116,-16.821360118895186
12.509003502892268,14.918255591209395,1.628100154451278,834384.7472910141,-0.3782737984627424,0.3172603552882123,50.962953266894424,-19.042887542408053,-1.9962574681483831,-27.041786718927543,-16.28625951247342
14.089607701690866,17.64216224250231,1.6468264062627884,1163214.115100628,-0.4694332470425422,0.5774986942563265,42.03070889744034,-24.572275783578068,3.2156352867880558,-29.449242657171744,-15.719068238323814
13.35593907669846,14.734267768562956,1.5427398909509311,813168.5577385587,-0.14253513494564873,0.06924741893759867,49.4140096946916,-13.76498189083586,-7.335633375302635,-26.75097187306869,-14.3021431335393
11.782378352660523,14.51817490036817,1.598157737857107,790393.2467461494,-0.4196834561644502,0.5788385403324896,49.024753753498416,-19.282299657197115,-2.8977153050572557,-24.758408434508787,-15.840539259045388
14.957243959771924,17.248495323972563,1.6728602083981488,1112645.0384674873,-0.4506440834119253,0.49341937271994807,48.70709562652013,-24.35851129308813,-2.4848090100477718,-26.06492763617934,-15.255712773457677
13.413528898953368,16.31196123538309,1.5699990095357401,994959.1369491331,-0.4823411429833188,0.6017239145439479,40.64167853362227,-19.853871111433254,6.85516334613072,-27.812191679216937,-16.641187229984688
16.52427991389254,19.84534394708101,1.675475272322062,1469569.3314034278,-0.41988905664466863,0.5561348738125602,42.00686359220113,-18.130707341452023,6.9069323227316035,-28.039284194772666,-18.5231121333996
15.904314373889337,19.68215129731145,1.7244467840131812,1446286.7506662689,-0.5146354936914659,0.36744051040656434,47.54755202248715,-17.627982505579155,6.90265221500958,-31.055505663722343,-18.578422843665706
17.121198671074076,20.079490991098126,1.7707604588033987,1505421.3466923146,-0.5861124172409669,1.0755369003419073,43.99370261456542,-23.187478942339993,3.3087074132680465,-29.53790306211316,-19.45584567715364
10.9322533093216,13.015228212078606,1.45581862823561,635465.1990424313,-0.25496727036398265,0.17481989850436008,44.24606834935057,-14.218511467040024,-2.603004203000184,-23.65090573183732,-15.654532369940773
15.429590296999375,18.297807923775835,1.7402779371322312,1251691.0575318618,-0.46511721347364626,0.4927876581101378,47.63816562132959,-26.529803628290708,2.1457820541884765,-30.41178583300089,-17.568555346357577
16.281064486056877,18.21384776719111,1.5823205183347908,1238388.7981674224,-0.50260091266387,0.49190866667803057,38.35972355448091,-20.277987072401015,6.2012588715539385,-24.767943626594807,-14.842797229569179
15.396059480834571,17.365898281608835,1.6135112051393317,1126978.902891973,-0.44168254735858503,0.4344429577490869,45.53206300036108,-17.689279172621532,4.044806818798304,-28.02610210373843,-17.24432680071428
14.593210759446189,15.661703031219501,1.6776577380694981,919223.3834862148,-0.3533352076580709,0.410117135053504,53.89609590751084,-21.896150998342797,-5.783802426503604,-27.14889018391224,-20.026651186343344
13.930501547182134,16.011493989718204,1.6748328095323455,960235.9824974859,-0.4226213334544792,0.4047845252669866,46.208349147003446,-25.639435157281742,0.48573795739937087,-29.516131090808912,-17.620727696963613
16.04339237023458,18.70087391195554,1.648511422836208,1305791.2188086095,-0.536484402689772,0.5419769538676946,45.49073427148672,-20.48063703489667,5.675030684337597,-27.92495061464097,-12.681912113877665
14.675750017704303,18.364138878221528,1.7324189650061756,1260599.8415340509,-0.4216057819098792,0.19728687475753848,50.79515760310743,-23.628029414406488,1.7763437762768133,-31.577533870076238,-19.256030702993918
12.803783554939738,17.6779793031942,1.6715557635305383,1168205.2136391662,-0.5607616546638943,0.6133700558483373,45.96757324322334,-19.792710756619208,7.583390219923987,-28.605892941003482,-17.670692399822705
16.019081818861096,17.759029401743856,1.637168767297054,1178425.0706334012,-0.5538063625610824,0.48992217157254014,41.60726308634466,-23.536733490533425,6.214104275472755,-28.70990674952771,-13.941861426109499
9.404652037607303,12.446799915732202,1.3419105629993677,580660.7605355403,-0.3432472056932931,0.4951941254905807,37.93974791999936,-10.535100751235493,-2.208797431946353,-19.70409494606087,-11.79994436824696
18.31967534822391,21.224527495248573,1.8228208745430885,1681341.016564447,-0.4364736266779566,0.5245958899921055,46.57477732836503,-25.16797247327733,3.9227780251887383,-33.93967706149138,-19.553767925675004
16.7396860320435,19.785028814233005,1.6968334746561087,1460980.0864218562,-0.6054680344505595,0.6441752361003821,44.17753258589738,-23.601533296413006,4.901889137714295,-30.704182103208133,-15.939724991285598
11.654906503487595,15.976750806292966,1.637089170170289,955655.204063033,-0.43431177525745823,0.34777052816132015,47.65506720404767,-23.1569648102725,0.5109131291864443,-28.27630046319218,-17.81473067958603
11.56853987344455,13.696401328427774,1.5427482957871124,703844.3395262623,-0.3197015924309976,0.3202585158810214,49.17330812808136,-14.348389064837868,-3.604074698422755,-24.408339649663475,-17.84195646956243
12.18391310782498,14.844243631098982,1.5670726202392995,825500.9930610303,-0.5162863495724928,0.35164439289917526,42.26939590681669,-23.839283997952137,1.7727237120547659,-28.935778338865433,-14.461657163087274
17.5409376496883,20.492519616664808,1.8010236839059914,1567908.0074654613,-0.5106336036639335,0.5078448586540389,49.443263950758364,-21.569118970054227,6.36471934755718,-31.812370829044717,-15.126627169774395
17.296373795787897,20.194591202137424,1.742676938696557,1522230.5080998815,-0.6763162324983335,0.8256825999541149,43.65868252489834,-22.69102140687456,6.037020613381954,-28.602804684952915,-14.993883118497967
11.977519699537932,16.13263288263194,1.6772607286657848,974693.0501638848,-0.32862445027337733,0.2796001089083058,50.086694280889446,-25.191535642231337,-0.39726343749339355,-30.948439021983976,-16.797904703308404
13.058759351435132,15.676382881366418,1.6796736560548717,920952.9016051285,-0.5390038537859221,0.41990304017893987,47.86616510171503,-29.402609752663118,3.343898112908977,-27.1910364906908,-10.538431294066458
12.847745425758381,15.803178816200337,1.6815725692207386,935764.9846437387,-0.31414732478385493,0.8387869880834047,52.78120724703396,-19.552017361600548,-6.414951301420489,-28.63787442326866,-14.474457406367321
10.293154267801556,12.95539677971724,1.5597492193580824,630869.3320013611,-0.3531802646361017,0.25577596078020814,48.6062664230636,-19.33918400713427,-7.0467578371383475,-24.290250890281126,-14.234388345057791
8.96806823645234,13.121411955494947,1.4816002709506866,646028.219909485,-0.310835749990413,0.20217342772238567,40.66682327527732,-13.169990340521808,1.6672641525548064,-25.81574650379138,-13.520597683933966
11.262281481355934,14.7438094151375,1.6970241095582859,816062.584558273,-0.25151021083306546,0.22880064529848454,57.5422178667735,-15.421613346181132,-6.078910129916505,-30.175881930606973,-14.152091112069563
12.422633685924898,15.085491527304745,1.5535675521904961,852096.7471443271,-0.3250043230336162,0.20437576002270763,44.44675454751595,-19.313157377009496,-3.2815626307010515,-28.863474325528706,-14.937508177887267
14.152239965191352,17.555449470153686,1.585892027451024,1151176.3248989617,-0.40065892592592917,0.1305269239812823,39.69387463009626,-23.71485525751273,7.217327317847998,-28.328233173667016,-14.205608537715797
15.175827029794462,16.9729663312076,1.7325899638537392,1078464.1973039838,-0.4620176143972571,0.4237895120038053,46.776274295856915,-26.64412343597679,-2.7879014118804366,-30.03620564656798,-16.931890864557502
14.959916709960677,17.69580275097581,1.646111551001608,1170228.3930783998,-0.412661414407778,0.32564810706932024,48.332040635937844,-22.846297219415487,-1.4553838563072188,-28.009894190678214,-17.55336113582005
14.60039253661778,18.227682304333936,1.6391611335938618,1240935.1064726168,-0.4172008282683933,0.2922829378234715,48.15038896153578,-18.97807847884219,2.0673908738132685,-26.4306381639855,-15.143034852010476
17.262947634233612,21.594684978749733,1.836786116974003,1740254.0705253617,-0.6129281123265133,0.8256924881972858,51.47690741693509,-25.29280524206402,6.4923013773083404,-31.28724885367434,-18.53491414903612
15.56187151506484,17.477611468895137,1.5938403435356014,1141166.7860323372,-0.4764409076354879,0.20185912751087143,39.99483645174389,-20.165984962444128,7.005847976161601,-28.861377830507116,-16.299384912287323
14.45542790800987,17.37196439545583,1.6354980747701398,1128024.3033699268,-0.41834731655187535,0.2259493251649629,45.873591597288026,-18.048908753409236,6.574208990778612,-27.05005248967737,-17.276270303823015
14.64344697746243,18.03002778761608,1.7066140775304934,1215219.3766059424,-0.5230239892036633,0.5314917779122856,48.58100268825612,-23.271333295118012,-1.1825034748010164,-29.22560275133832,-19.404278975218773
13.766358698386801,16.429891481903447,1.7419747842372868,1011375.3769986356,-0.40875498925579323,0.38985854302985423,51.96545202376794,-26.870138627989466,-4.979613160866327,-29.76349676482691,-16.72916284650657
15.290897219930468,18.667119264184045,1.7518570208843662,1302419.926909328,-0.48505546038026276,0.4541775856741057,50.5547517079997,-26.728949411433078,-4.222623863708468,-31.394451647334172,-13.529166072344616
11.66038542686733,15.188991795964517,1.555656729135487,863730.1243542773,-0.306966109934032,0.3249794400364001,46.81382740271374,-16.604217082169775,-3.247223036758699,-24.50158967382587,-14.721992360133928
14.849848680858356,19.071376171575917,1.6896889087730533,1358150.881627313,-0.46249523749937704,0.18784511636311452,47.22801660651948,-24.187708795223767,5.180355125371076,-29.098845631161737,-16.8962409040928
17.957708875732152,20.703670234852204,1.8042274726866898,1600179.118466633,-0.576902191672398,0.5986253229006038,44.966796773878784,-26.563268029330253,6.57309120847696,-33.605644424592924,-19.7331489620042
12.800972513081478,14.520349637251908,1.5031344452999404,789535.376803892,-0.3077801889365026,0.1910141353692989,46.796617080741136,-16.41945733368481,-6.483758870327643,-26.46095693787381,-14.70758012399514
12.062799192947097,15.135833703758383,1.6590521410352796,858989.1184632299,-0.5304209883640243,0.6155679967846113,53.74403676378046,-24.983578801676664,-0.43331186005121924,-28.042023644848285,-14.582517940261937
12.70415854125063,16.683571925320418,1.7449649443039665,1042536.8892977218,-0.5425364847663309,0.5813528352725625,52.106770758273754,-21.837374922359295,-1.2492832146976136,-29.62326310515951,-17.246298834867908
13.27634889226411,17.745898366696217,1.6791917796943898,1177214.080303558,-0.5078535079257529,0.293111677935328,44.079803423093054,-18.29994385585806,6.6647917376538075,-28.573953432320387,-15.716146658237008
14.851121024466728,18.860216370232283,1.7232715702672272,1328899.8649486,-0.696961052778302,0.9577121409901048,44.19545332817464,-22.225942313344817,6.5567093509559715,-25.44432420690755,-19.32427445691004
13.063384494589776,15.825139417068092,1.5997711537301302,937343.9011881823,-0.3110431235145391,0.22424316670309352,48.60571468914192,-23.230909946471208,-3.3895758178464135,-30.9763760604448,-17.548658026975012
12.353472548865103,16.500706329768025,1.6035466650486365,1018299.5071229114,-0.5828453155972202,0.8036832434012333,40.09437063779886,-22.023731922856584,3.9472415992316447,-30.163673490953748,-15.484149261020045
13.39221671185827,16.716506926977214,1.7174244996167713,1046259.2135345339,-0.3906016542889343,0.3844604106328693,49.48300236287143,-25.258020436010526,-3.6131416508704906,-32.032568426733505,-16.33914182267428
17.908660677008456,19.764291068904782,1.779259226903019,1459002.9347800277,-0.5347643467579635,0.6617698595462342,47.428431185168634,-22.8877799194425,2.6365783575206123,-32.032310643858644,-17.816190926584834
14.37030746936341,16.939630736924,1.6481804235471589,1073218.414325106,-0.3913592467311828,0.3596076065063163,52.66734831102072,-17.39786415026773,-0.5978747462225309,-26.942558729916207,-19.48245986806575
12.69082688855075,14.73597328939603,1.5297972652622782,813207.4432391025,-0.36227320339063823,0.6239046070675021,47.761171101671465,-18.117832279984263,-5.566715772092886,-24.712905174338452,-15.954669761423308
12.595170706015733,14.751825002592746,1.6433105514422348,816273.7828121048,-0.36258279601744964,0.35502786926764607,51.21728801561804,-19.771714714684695,-3.9413823769184764,-26.701573326362528,-16.986383670522812
17.361053546226973,20.404183039605936,1.730289063201152,1553597.5902258912,-0.6029269469058559,0.7330170626921677,45.305594254989416,-22.481492591427255,6.738291109528679,-29.930416879507415,-18.09278451289068
8.957126708717674,12.534432195280122,1.4100920704547821,589466.797139893,-0.3849085389193351,0.0961497867503005,41.973035898931975,-16.44550331328346,-3.6367061181469245,-22.094241800558574,-12.652125560450255
16.986371748176413,20.5504729186826,1.73851313255878,1575900.8726717378,-0.5380656429256974,0.6369749078107882,46.3020888801265,-26.05786640292942,7.185155944395964,-29.752065753893632,-18.14759277447007
14.790858203273217,17.219120033393228,1.6325776831661067,1108400.4141021906,-0.5348149682193672,0.4813798812852843,42.872337034525714,-19.30077641508212,6.404283604337062,-27.959857347926484,-17.089451930092427
13.628575261546779,16.129005842606404,1.6888038712839137,974403.4699899639,-0.3427514073212829,0.025675371861327623,45.63046260095521,-26.964477836047166,-0.25678977336451475,-33.04020769084889,-15.762009807721881
16.402576110934007,19.03467053490261,1.7440256743929032,1353659.9408629811,-0.5141508436548942,0.3253958701049875,45.256157678094326,-27.800897857660093,2.55652199593273,-31.60266581933471,-18.26030282478527
9.834901021352652,12.754372377550013,1.3700645295781806,609661.7942313526,-0.3065313031581938,0.29633793445734247,40.42366056265511,-16.5450299301299,-3.1194893572504747,-21.835820282309136,-16.05387344793448
15.26800249312144,18.61778011966375,1.6203838773061363,1293961.5447301972,-0.5390173313368039,0.5813434246930704,39.071615813178525,-21.166582516682865,9.277721659128257,-26.7400628057064,-16.829505799910216
12.816802481872282,15.48638868882633,1.6651467765703427,898836.5138550883,-0.24311718908841204,0.2399797465625748,55.993708909102324,-18.667495985194662,-4.556489524415006,-27.809966691215358,-20.806771672229086
11.630500593457404,13.76026971674408,1.559932719295052,710539.0192990358,-0.23142815240112743,0.4047373187347132,48.56648567164835,-18.869044968629254,-6.173200271633636,-26.42724080081055,-13.644078089079557
15.112735083101594,16.76963461049412,1.7119511783685317,1052781.0177934517,-0.5038549823534925,0.3959386284494828,47.6835140001633,-26.84204044890624,0.9824512768801735,-26.82480461169598,-16.6073649251022
11.999178235504202,14.937686502609825,1.5972670499192492,836165.66699273,-0.25850249055223407,0.04290294198514166,50.58789259597159,-19.70901153483586,-6.8314252632647765,-25.591182515807294,-16.830191405550973
15.235946186483774,20.308605601501583,1.7290210172141556,1539164.3529504226,-0.526640731407251,0.2974461978624894,46.270117735108514,-20.275236353020496,9.20671410777509,-27.49424752560134,-18.22246277828984
11.354833950138575,13.350002741366461,1.5084680341759904,668745.2715621276,-0.2692016178483923,0.1456567754591691,47.547044571729344,-17.715152895342356,-3.434823535965455,-25.506516455477374,-17.386179623449706
13.168400827997912,15.590397513878958,1.7119467983776417,911397.6052629892,-0.42977431302454605,0.20968582115128598,52.85697863263113,-25.620582404964345,1.1758572172501656,-29.40376307256156,-15.700337859778553
13.975971972660268,16.115769400963206,1.635185151986595,972161.8185746393,-0.4582212230756795,0.23116831372057067,46.93713357882912,-26.034224453768157,1.8518713762821715,-29.90100532173117,-15.19498453058969
14.194725223070229,17.23014962650082,1.7902862983987373,1111808.1862787192,-0.3722374757800919,0.36671918029896844,51.36652310050647,-27.016899905737915,-3.3792018270849242,-31.59837684291557,-19.411788304908633
14.0038078677317,16.620960140182916,1.688620198076892,1034094.229143914,-0.46779406836619175,0.3039306779695865,46.684035519987894,-25.428642001968996,3.156402185918278,-28.181872559137854,-15.327076172808294
15.057530259231433,17.862071794408045,1.6965180011554655,1192757.2527428628,-0.5261159422142765,0.448356636384478,48.038501085200764,-20.116212620290447,5.4125835496601375,-28.50553804137369,-15.748530049502726
13.465657693111625,16.65287750355981,1.6164860680103375,1037145.6753013514,-0.4522184941486061,0.3956626617145691,44.986755774438365,-21.214727238275522,3.8232388814119087,-27.09857905998418,-18.047382875764647
13.288210485298684,16.503991690720714,1.643084607286337,1019176.8417338651,-0.38467496071683954,0.5117368492968724,50.17994706881397,-17.337518679594837,-1.790336216623031,-28.229245374599103,-17.889624406661362
13.433311008110334,16.084198270035518,1.7268393324847342,969537.0268994607,-0.34356487181954964,0.35371779736140896,57.38319697127915,-19.722573399682823,-4.562004342755396,-28.699926576260793,-15.617071151102898
12.851429689825238,15.944893888006575,1.5690841852387187,951079.6735679768,-0.5309058649276638,0.3140973625918835,40.31357873394467,-22.08743849118812,5.8404487369104805,-29.247458181057326,-14.435389681584754
12.618532182652658,16.235170512846874,1.7095170559785902,987394.3935905385,-0.3843830856566614,0.2574545821189491,47.71731790512659,-25.646761871709014,0.10640322297055496,-32.03404654448435,-12.74716609809067
13.349725182451834,16.170394033141278,1.7276328766620341,979847.8584039438,-0.4561534705934133,0.3847186088520105,51.08735854735884,-25.319245641714218,1.4922468302404834,-32.121774676223204,-18.6782602300844
12.35039523093791,15.722159212233226,1.5908671856109093,925202.0359226208,-0.3826067098292579,0.5163606491979023,47.613167111587885,-18.86442504669718,-3.46784434256067,-28.342061186521825,-13.648870932157513
12.246680411849843,14.751964852562354,1.6355281883254362,816194.5291216859,-0.4925459712497345,0.3987378777075028,47.99064075668778,-23.54385636241239,-3.5002082659901106,-30.90917003866335,-17.017596378375274
15.107327611495867,17.272691249007863,1.563597753208747,1114429.5468989382,-0.5440901794885932,0.511333243916559,38.92912060492252,-24.2641920412794,3.535611096022542,-23.38696958908068,-16.83776267496549
17.061836370074776,19.443864723010087,1.6296139961781808,1410565.8110157633,-0.5201059760589548,0.48739366263182937,43.34458176929283,-21.11259523311581,5.293674836439509,-25.874451634938055,-17.406265449145664
15.414883694552836,17.982242812436038,1.7466039510388038,1209355.2815402457,-0.42760810779656516,0.19032147893802742,48.70913311992913,-27.791433774258934,0.7822519039368084,-32.900597970898204,-14.568180017749658
16.775758410772774,20.137217110588594,1.7496508741743202,1513747.371175482,-0.5818560228248182,0.4558802666723025,47.18596802110663,-21.57403314122027,6.522174519812242,-29.109003595777864,-18.380403442455226
14.051706644709375,17.251463307149244,1.69717330275705,1113327.9857100672,-0.5082473805981803,0.36757359393600364,46.39967467118879,-27.32137594966273,5.474846640061338,-29.24712084569282,-18.89736701676092
14.76485814882795,17.39094478927834,1.6375228961249848,1130493.467236021,-0.4885027435149792,0.5982006176433221,46.74454155912117,-24.17947652731734,-1.793282079245446,-28.780784421225427,-15.833851462986903
13.19512109685879,16.74223137653651,1.6393456526787287,1048477.0816756012,-0.3906669376389066,0.45022112337613285,48.94525392848905,-20.507395764211246,-2.3621940787797513,-30.136131160804155,-18.04002935613758
13.54195923834437,15.75072804903678,1.560462938872851,928178.3734290374,-0.35144710919131655,0.4508378576622132,46.621294072489526,-15.894746714431225,-1.8390553111664887,-25.06857281302996,-17.458754101752405
15.00899494052143,17.920460903550723,1.747500533646661,1201148.6886954599,-0.4112975874401081,0.29372479457526834,47.690316974511404,-22.99751784363044,2.502979348554226,-30.880606104707873,-19.496412727832627
12.97942750247006,16.102681507767468,1.6000231739010036,970178.0579506694,-0.512777723561848,0.5291068436513422,44.85421640819258,-24.8489186059731,1.166250657177227,-26.646760386876466,-15.972419610293173
10.98579485875019,15.342083097041108,1.5654907848501052,881161.1694454406,-0.4123222863728404,0.6824102089656954,49.15336288911665,-15.750239783472313,-0.03207587937872736,-24.113983298123934,-13.39562379293405
10.076842542916218,13.91784821590614,1.4756603350579012,725750.4881881475,-0.33291963385811046,0.33150612005347124,49.038579286215935,-12.520274904433407,-1.9138728567945522,-23.413032241771248,-13.223104181465068
13.321756953624195,17.774964618932778,1.6291287577265072,1180425.6996787533,-0.5585612078262626,0.6617743538904284,43.348923690617134,-19.595504515310882,6.770469597305526,-23.437630534967358,-18.058222325861067
14.099205876050876,17.877517368808643,1.7691151441986492,1195734.6409406322,-0.5341918547049048,0.4359622279550952,47.0395101084781,-27.691579031606885,-1.2093138523786005,-33.25319908268849,-18.040929748991648
15.239272950467,18.94652971771332,1.7717801476565338,1341618.2659387272,-0.4911776982955709,0.2068384203851923,50.11955021809712,-26.186979464236188,1.5871615721697099,-28.340757803534444,-13.354082532238724
15.155438691957853,18.443921502545706,1.734872352508895,1271511.6232571579,-0.3062411983907063,0.28167443239986456,53.37090161701535,-18.652628556425803,-2.266512135290974,-28.72708013097367,-19.657383733195978
19.364660511619178,21.844559473197787,1.883428644719252,1781112.3639501391,-0.6326006661949883,1.0484987162049508,48.932846353111174,-23.28723455601825,4.695980916000672,-32.18956718647999,-18.265779881147743
16.414650908995686,19.041002887760918,1.6609971229100602,1353505.792444,-0.6002024930199736,0.545590107615169,43.899909650093925,-21.092147160757598,7.135803451443197,-28.104348003278087,-16.908149419381566
15.096545294736165,17.60892370116654,1.6854409567949065,1159349.7235153434,-0.45294011316408095,0.3801469072880308,44.94981324419575,-26.629196761495766,1.259287236990434,-33.09029194637049,-15.272715169952649
10.638833544058626,14.634251005140115,1.6053236848909354,803015.6483075239,-0.5743802065572622,0.4581566959481558,46.239189179288104,-25.57169583317663,2.0710306213315572,-26.978641870196114,-17.405949092135934
15.51608372598411,18.789207981184408,1.6931035980753908,1318612.9691916434,-0.6349575512264002,0.6321669617021284,43.32986578180426,-21.66560736390705,7.7868633918570005,-28.344534177965684,-18.43343462673426
11.686474269291285,15.342272150655337,1.652008975597684,882214.031322851,-0.47826777446966745,0.5267899419932949,50.78660497446586,-23.481203667386943,0.015660269514040037,-26.835106004352113,-17.101540852170174
16.505484804213488,20.14759252224225,1.7674547790714412,1515527.9560061763,-0.5493872017277601,0.4062480034070455,47.24036368384051,-23.206126621814875,8.727361135728366,-31.58338861886428,-17.74491457671571
16.282601034135066,21.713794612443422,1.8298024434193885,1759271.2830445527,-0.6010343738327683,0.40536044469544885,50.469069601512174,-23.877650431285314,10.751987126891311,-32.23982293534372,-19.15363707503188
13.814260163003704,16.76791762427077,1.5847892618910437,1051014.4613903554,-0.4732356075763714,0.272470819483178,44.77659453411505,-24.463212313510155,0.3644289507348679,-29.101484883714576,-13.09843039451071
12.327230153069182,16.67397228104506,1.7433345213668499,1041329.4002994711,-0.4534445325847567,0.6954752822135686,52.432613343242046,-21.88589848418345,-1.5888875434335592,-30.086138567396475,-16.84575592674125
14.963707240213518,17.851207455624003,1.577055783138267,1189870.8000602005,-0.5079442799063669,0.31779619414921445,43.43672896172214,-21.35879250007291,1.7374033474786756,-24.958816557607285,-15.72670497852835
15.43467561899016,18.310105993054034,1.64934561251342,1252217.0945897768,-0.5668367512455161,0.43927806311394546,44.74329564742186,-21.542734829018386,6.085605848191741,-28.415217953926405,-19.64342200691633
9.664230912676505,12.5570285187117,1.3714066071963074,591168.7674239122,-0.23382086677614558,0.1605358052264827,40.720879074203026,-14.587310443115586,-4.831653145551786,-20.62914255975734,-10.03931387301213
17.430484206666918,20.44271086434059,1.8338481386902772,1560795.8151039784,-0.5942723883214157,0.4641810213514712,51.412983178722854,-27.02064750181494,7.494398713782502,-31.382392623375594,-19.166248792285998
13.01739994731318,15.588863767765964,1.4953432942529754,908646.5266349333,-0.37431226322395783,0.28926309919394777,39.64928288825777,-19.529487392314135,0.15155664679715505,-24.183238123376675,-13.186520625450399
16.394464883427823,19.419819362416035,1.6664788054132957,1407553.7146861022,-0.3930728330054592,0.41614486043298626,45.40865619843409,-20.49011504066931,2.539663018411824,-27.12266538104201,-18.900467117347283
13.24306127815576,16.914836229427785,1.6565649609329647,1070211.0803718593,-0.35680643144287555,0.2272661448457307,48.80405633242081,-24.940192502177887,-1.3866395871424337,-27.888367473218274,-14.63299968811767
12.910517289512095,15.988445751815014,1.5973999625827087,956564.6219580021,-0.49734244277768924,0.45730983289167604,40.7098295177649,-22.637741157243937,2.1970886708574033,-26.541905371228665,-15.963768759803642
17.15473289190242,20.757463978791563,1.8230948016746078,1608696.1262283057,-0.6366357267557451,0.9158827699398602,50.804920990295244,-23.33291045611424,5.2559574448034745,-28.76138467477728,-21.48577600922538
14.208677705458301,17.114541638612703,1.6752225021603147,1095620.0214764008,-0.6397746490665394,1.0412912911644847,43.501242626593154,-28.543661100928396,2.5804876746504686,-28.843156392537352,-19.66266411346374
14.032849763174635,17.04699439859893,1.8243036458397321,1089003.6172360138,-0.531284560055119,0.377085773925558,55.63874187318586,-26.98434685344315,0.23707588209358732,-31.203172210709212,-19.1846626827094
11.717523100456075,14.25825596406687,1.6128357820324293,762856.1743795977,-0.27048906445938276,0.1490205136705991,47.24879254077702,-20.958748736131113,0.14477748915623126,-30.972732471422646,-12.843260110206707
13.128612069186072,15.872222453760784,1.6056200681133408,942942.7345788702,-0.47737547311513967,0.2793905911206269,45.59483071402459,-24.61184782700565,-1.0669507458110787,-25.97554999497139,-13.547934126044918
13.635277252046874,15.589448757845956,1.7611522351480744,911921.1709936704,-0.3542900904706007,0.290267652835253,55.82987240037252,-20.752976196280187,-6.045870560505174,-30.132823708734048,-18.394313228428683
18.214208295406056,20.19524702113564,1.7756667710749305,1522758.685462007,-0.5070926124229632,0.28168153462182666,47.29048021685556,-22.807748506958212,9.2922884974889,-31.648694886635926,-19.38299730016746
10.459580311970116,11.248537941558551,1.284881687332845,474908.85169443034,-0.19174513080807354,-0.13218493127206754,38.31359681556811,-14.98515506177695,-1.8795403382454028,-20.97006177990562,-14.126509850742885
10.614503375601085,13.368185545645362,1.5237396962372718,670716.7703825794,-0.343860810447355,0.22297924866541008,47.93774743033918,-14.275516114235757,-2.836879685146481,-24.497785798999423,-16.533529310375364
14.221189410837514,19.04032494921992,1.7896750743860244,1355055.2554171495,-0.4799443975498825,0.36706897420785367,53.24845743209113,-26.756961283976707,-1.3494203370691027,-32.559942415019336,-18.289745672412447
12.013782603031293,13.96497052432661,1.5255650012278545,731173.4149292359,-0.2891665326156308,0.1371438965894578,47.42555167267237,-17.5459900498484,-6.496479019995826,-26.309966038403083,-16.8135827471099
12.23835056273674,16.15012833994542,1.685063210296699,976882.8390688904,-0.49216224260412184,0.36271961129366126,50.42115081756839,-24.172981216336694,-0.9124534082581146,-25.53345279180294,-16.10352788524198
13.99741507151186,16.516136739076607,1.630786831942021,1020513.4935502885,-0.4327295051911757,0.6095175583208281,45.99585359801492,-21.046982895364014,2.1037904439188573,-27.707382587579623,-14.347098680834762
16.262877944370196,17.286631195846414,1.6069810506800732,1116724.072965277,-0.4957933270042118,0.671655501903127,42.35904722649343,-22.653577961217295,0.4139066283044956,-29.406452467150437,-16.066013869003804
11.910730995107963,15.99468470997818,1.690461645712235,958437.5563225017,-0.6188518831036729,0.567664197636736,46.01040805079981,-29.140656346107928,2.9184053471560727,-27.466666020506786,-17.01881548151341
18.22527619537595,21.687666608750522,1.8707579907772363,1755631.3611437283,-0.6459384489258997,1.0200935517846377,50.78826041922248,-23.638387722205522,4.175036727190408,-31.41788314015242,-18.234596757710968
14.56602818867259,15.816702368416298,1.6439046151193235,936885.1884012757,-0.44723945682644894,0.31002337506725164,47.86619767009367,-22.367891968501667,2.2548394232430375,-26.767752611102622,-16.300821637629117
11.459635302204497,14.655222171130882,1.5777106563862606,804965.742400782,-0.3114173125596573,0.1935573772504866,49.336060460377,-18.4529863174303,-4.891752917692853,-25.333843963747135,-16.461037672738648
13.811102559512388,15.575233656589019,1.6883685265637787,909349.6118923818,-0.35721703178756087,0.4018219203697826,55.63892958808326,-17.325815719131537,-4.497859039746567,-26.667657892211984,-21.0388161595981
11.523576932269021,14.941946967280948,1.666509012102806,837474.6115609903,-0.45035638501688435,0.41845316360026485,50.46445121138882,-24.97753803990971,4.45084105822091,-27.898238859910045,-15.003934720014172
18.050527540488446,19.802198657359433,1.7381039826526872,1464023.6257297518,-0.5392399230788126,0.7649172165763263,47.83780011823654,-19.49162802185854,2.1556454647879715,-29.999712125375424,-16.69794019720988
10.770086753530046,13.877000675456667,1.5608883043126338,722502.8617673356,-0.2952736583068927,0.12716804393453618,47.13613336905526,-15.99289166453058,-0.1326776946428973,-26.863576537175334,-20.56663612723904
17.56026142943332,20.294356217118597,1.7491316690717278,1537279.9184726,-0.5922083576462236,0.8588030218559206,46.88198099467513,-20.701444279948173,5.464501430381571,-30.70663292425924,-16.529069606406388
12.62349170021632,15.478982363471157,1.675593768726998,898116.1176472895,-0.35014426014371997,0.5145522027900453,49.88010776592021,-22.193826806942965,-2.2106762656433365,-30.94218148910359,-17.499886521297917
11.414709763946878,15.067639723549064,1.7191160820272469,852109.715320697,-0.344869641010426,0.20217104577790534,53.40361391053965,-22.908789827486768,-1.5948161122080329,-30.616785754494835,-18.597151939261195
13.772263408189703,16.886766585645542,1.6010587652161077,1066025.8484591139,-0.4924066012262411,0.39230210563109713,43.798450144285106,-21.967471193719273,2.1830636921846702,-26.06547378115631,-16.783858165339716
13.409201906820247,16.997785698987382,1.6950929333402645,1081111.807562639,-0.5162701338191151,0.7587202029969378,46.21971078247821,-25.466869302447083,0.4574047774652885,-27.436462976066245,-16.058748755755925
15.811049651604506,19.03918754646761,1.6741008943611926,1353411.5884472232,-0.5668161899542749,0.7353142992615274,46.145862947898244,-17.86371225529669,5.431017174721504,-25.08316686310804,-19.052349061286456
9.979216751618642,13.584608471856875,1.4771721951090222,691811.0307274385,-0.23549775471190457,0.37779635680089285,45.48980731820423,-15.428781906827925,-4.1089958095435986,-23.402970384391367,-13.310605508183206
16.796698620567007,19.284857953408903,1.8265107180146563,1390271.1938773007,-0.5462604528667832,0.7037548951500243,47.49480559599289,-20.96888915691991,8.536476705950598,-32.36837835395549,-22.648766499624408
17.202034935100997,19.710494249379938,1.7856280526873485,1451219.0493158062,-0.5443174723519038,0.4632614578752796,51.20621461373797,-22.134548773803623,5.2932082923789565,-28.185520159501795,-20.86602979501769
15.989744852518696,19.830633698498154,1.702063085912905,1467739.6462981827,-0.47600409679272127,0.31814951639013156,43.91095610675747,-20.776178049709657,8.31573325686098,-29.68336519220992,-17.68504966755144
12.96675404573911,16.302708777009194,1.6240817949831827,994481.1138113672,-0.5343407259794144,0.4094084776873612,42.439451711842565,-22.177244560638115,2.897870314017475,-28.357817294984514,-16.430264180937264
16.135443095962025,19.737561233471297,1.7485183201079384,1454689.110313698,-0.4419512266337621,0.46851809621185225,44.21143337571372,-24.867760144648813,4.056219914828404,-30.017084434788615,-21.386411579790447
13.245614326046873,16.6679596681929,1.603538904108606,1038853.1621973187,-0.45160066048871506,0.3092923535459233,41.19261069214555,-21.151997770411647,3.1549985310809214,-28.401081703207517,-14.152994724253496
16.057530684750102,18.379644388522898,1.661382522290261,1261817.4806142214,-0.41261875238133294,0.19222331487256739,45.84771717115485,-21.243395889764038,4.822666577850921,-30.235744841196173,-14.698698038813266
17.592310144019653,19.540667226471083,1.7064169432970173,1425497.025100394,-0.5947744724999198,0.5250186361353575,44.413115190582864,-25.30610764144337,10.060444567302412,-30.79873505489791,-16.31204139967174
13.681678756391115,17.23020845641191,1.6946073000810595,1110580.3350924815,-0.5084570713908905,0.4402901067267013,49.21534869990799,-25.397192803309785,0.37740395569626756,-28.49521914912301,-14.096222990503092
16.179578934126916,19.650068723708255,1.7603455309921898,1442074.983855459,-0.5370392288930137,0.5639993910028669,46.96738692069868,-21.68440056159035,3.705967027178241,-31.064430881026716,-18.37785115954372
16.59755394686008,19.876522419382,1.7213443815544323,1474735.124731826,-0.5235747766720961,0.6436017211282614,44.014371051524094,-22.272209661211242,6.318825040538144,-28.946945660012474,-17.06361920221248
16.506806898451615,19.627032719551213,1.7172516726318028,1438167.5035549225,-0.44403259578566784,0.46736069284953974,46.44727297011126,-24.943982623281755,2.332881194934764,-29.788152927948893,-14.460041595064478
13.712080911318973,16.19066767180624,1.632140208792538,981089.9328907074,-0.5432562915485206,0.5424875119942572,42.9017738425786,-23.59575343120089,1.5380822361106619,-27.97437846382877,-15.253107148651914
11.955137040815437,14.886894283035831,1.6524307957407294,831217.3017819347,-0.2751559933964028,0.17452639716753948,54.65889061697592,-13.773482728441053,-4.186823746642115,-27.757765219142662,-14.569052084305397
13.359579703841362,16.151240858340703,1.5924234795569925,975891.0490378122,-0.3813945967556883,0.527920514659864,51.36005389549936,-18.00460320687902,-4.0391867103492,-25.61860664138919,-14.911333278450051
13.629848095703656,16.358931014952052,1.6231027683757642,1001272.8656628195,-0.5864556047943403,0.8638409163617129,45.35522187158979,-24.709201930044546,1.4019713212460152,-26.017482327740403,-13.715799065924568
12.306754132359675,14.609248386282447,1.5093832902728508,799199.5342991347,-0.3593627847640852,0.39470469922648554,48.98006067734613,-15.501056218949046,-6.4349429817395825,-24.002234509047483,-14.015433549561639
17.070336264103346,21.066784105618254,1.8096806632808402,1656447.4673096742,-0.5088868387860356,0.3930302654105091,42.058378276953576,-22.58904179254258,7.1991390250423635,-31.49850604234213,-20.938966103003633
13.742429021617577,15.85000499926799,1.6513370934414242,940883.1667534496,-0.5023622829340267,0.38282175585171085,50.98204183660664,-24.358807544777918,-2.006830989526859,-23.547634190772335,-18.034615094137415
16.912729114651896,19.304732560659144,1.716067013353102,1391663.1532878643,-0.5506343414141891,0.44681059080534125,46.32363974396508,-23.20504755522316,4.64741720290802,-29.851904165699175,-17.158632574479952
16.704624760678907,19.689146770508717,1.7799977713073252,1448028.4571441063,-0.5862806086006679,0.3129257315060423,46.000013136774854,-22.603977449428243,6.311557062215127,-28.407236285138765,-18.488705576541783
12.661216735099819,16.51427929178812,1.6601286074563424,1020643.9430633668,-0.4157387818115707,0.4840457736432211,50.45936121876343,-22.659911512189026,-2.9769052464585437,-30.197417944038186,-17.883738531984953
9.678676313095158,12.582779657524256,1.4125308776527294,593991.4812804265,-0.38564174067461404,1.0220395736587458,42.33838866149291,-12.45784337294773,-1.0520806503119722,-20.758591863821366,-13.889869388006444
12.882868058543965,16.480775091333655,1.6912477079891024,1016934.5670894425,-0.39313238992425203,0.327079301214392,53.09677843240083,-21.767059844900693,-2.0201109835645488,-29.67124543633869,-18.160940109293577
14.374729834704288,17.294994032940924,1.8004749751458375,1120238.3489653552,-0.5046480292904905,0.420529832392059,53.90968478757134,-29.690735037068237,-0.6274315833871948,-32.49034182745886,-17.751009660415946
15.940331717340738,18.73527169580293,1.6714809838164493,1310844.761791787,-0.5587516536998689,0.590210715145056,43.354910784991766,-26.748667291393033,4.360799303343787,-29.82414578974904,-19.306714037482024
12.526167701290278,15.378399875116612,1.573097240137388,885383.1743781132,-0.4674194199908584,0.6173188191692551,39.90286815750133,-19.20414179378283,4.924310929372329,-27.340065022007565,-18.2026765371875
11.758413524554694,14.347435624397008,1.5425836351271682,771486.4934563783,-0.41432896054571616,0.4220844365138343,45.40025328480941,-15.514194342883105,-1.2314599314467802,-28.086451564496883,-15.311249773629278
12.898303617536964,16.276075488334165,1.7019941209595635,992226.4810584611,-0.4591359955959115,0.29885898367638974,48.08713098164775,-28.002957605964294,-3.0392399193033466,-31.047769936582082,-16.178289232786433
14.750763933021384,17.26451077731376,1.6140725947367447,1113977.024881539,-0.42088115761226713,0.18095753124529512,42.96410716655738,-21.548382096083074,6.51826005874531,-30.650033726737703,-14.951666091847116
13.100725898667992,15.238617908369081,1.6641579816818102,870619.0454051963,-0.40703423539906236,0.47061566637346,53.61388287357757,-18.506721802176106,-3.992533278936365,-27.731255577003267,-17.471994954543334
11.134694823397922,15.188089448484453,1.6673750249945778,864962.6331086655,-0.45318879477290186,0.2266202128251389,50.647472826231365,-25.652578879469274,-2.9611463479435707,-27.784226523177658,-16.52757352267347
15.02652407056693,18.45583497718586,1.6776693334241333,1272417.1127559734,-0.49196359692672487,0.39280806642420174,44.47643353951257,-26.407821748987473,5.99203849307078,-29.498463501484736,-15.692683054015061
13.003155719748806,15.97887360066587,1.64131740905101,955957.8918401657,-0.4621423141141545,0.3307597472200827,48.82208384076962,-23.125480040378527,-3.8583263305471345,-26.90789685960722,-12.950291689776098
14.23967496839898,16.533695511730137,1.7762839257557395,1024500.1972394603,-0.4062514130178844,0.28037344955203647,53.605045860554135,-26.400166539231115,-3.3281414270984095,-31.268599016841904,-17.005845824546867
12.382135172235504,15.822636612075375,1.5426173071273865,936385.0182895074,-0.3607237024988478,0.19440834188717115,45.328636826774336,-20.597659515680725,-0.3474371210330335,-26.97151140392058,-13.540219613677152
13.35677959505124,15.820293210853057,1.6706917868097089,937635.0512399634,-0.5460492245099626,0.5942856468194586,48.11349933049897,-28.277554076698635,-2.575511956107076,-26.529631700351963,-13.30682449720328
16.71948037054466,20.260407049161927,1.7065604882242498,1531633.8194539733,-0.48487886017820303,0.6274185419991642,40.43774072579804,-22.483200280272712,7.933610364078303,-27.099860192964464,-17.433291333276095
15.890432826987892,18.622621496977835,1.6357287337780082,1294814.6558673207,-0.5299097602479084,0.5100395092614227,43.660109156827,-21.46929532745713,4.618169856476383,-27.225849728964935,-14.443490944478043
13.753082130858779,15.422682051301592,1.7070174093079113,892064.0764879723,-0.4883741760557222,0.3546276468271006,49.82496765765449,-24.999172957773382,1.7728999110892056,-31.12598083417329,-15.623554813174538
12.5312908580476,15.436039375720403,1.605295537588943,892342.8973024957,-0.37983100587110813,0.34420939025507735,49.197522769910336,-17.24844545799986,-1.7786250116399724,-24.74249426361887,-15.160682335888035
14.137697764106775,16.95415198464594,1.4860658468137669,1073159.404818396,-0.3678083546746516,0.3237057646940493,35.910796244617245,-18.246753156450822,2.7823586205409896,-24.341376514808445,-16.462899904277013
18.156366008851514,20.65248431886304,1.7352050119933664,1591431.0466306359,-0.552914183412503,0.580487511224312,44.699113977718106,-20.302666460302966,8.111577608523845,-29.263229224858335,-15.871219712355316
16.683975865640072,21.01153720177973,1.8849630689927601,1648864.9799137549,-0.45020565867800855,0.22549909639407328,53.70251803243154,-22.983114491864136,6.709096196381578,-33.3230729682682,-21.565922399557344
12.52847153828329,15.071434483340933,1.5504823981173033,850490.6529595486,-0.35262143159595255,0.1699846204594384,45.039367351308506,-21.808871439241663,-1.8501947135349672,-26.7461678987111,-12.301752290937522
20.222009320476594,22.447727746256973,1.835777476707719,1879437.4244816012,-0.6365954913447062,0.6527708860771915,46.94234250637213,-25.403444635155946,9.348140275350765,-34.56141128865218,-20.263603027689694
17.633011201740825,20.744543516816275,1.785406239141849,1606205.535097247,-0.578253663164959,0.7551793041312083,49.7012654883557,-20.13783488349027,5.32475914220244,-29.622578115825892,-18.988921881789654
16.597018823281147,20.13502435877097,1.6754748936046384,1512478.893685616,-0.6022883994435178,0.733178361024537,40.66086171406737,-20.753322621341603,8.472249245207749,-29.68510534245596,-16.50293638322129
12.856878691081237,15.400572639232877,1.5358512347077664,887482.6459194914,-0.48655800242395536,0.3652855488272446,40.54386915086151,-21.636472481735545,1.8542373524195583,-26.118965371091768,-15.476954106666305
16.07937947410869,18.69940808025041,1.6315300530065557,1305381.73436704,-0.6031578219115433,0.5544016940371086,41.2467188851034,-24.175584927617408,4.491250551299979,-25.914461214143632,-16.33271142397132
15.319702876549634,20.2006578569487,1.7938688077208498,1523809.2323811874,-0.630963314716655,0.6244704277749573,48.78567783417779,-24.530151217784756,5.089910179598192,-30.349558459977256,-15.414936493774107
16.267716295616474,19.525882935404148,1.7398034563524394,1423783.410855587,-0.551920291812359,0.539692822568695,45.24018407692802,-20.456836579939427,4.126087747859362,-27.06712742563119,-19.848183691275324
14.112769163443696,17.084253339107118,1.7518968524120122,1092755.8667979315,-0.4316254747882342,0.40497592365880974,52.38073554600833,-24.363216717774005,-1.3003236276719432,-30.89429473049494,-16.459119413024304
15.09344071012879,19.5353386504116,1.7488522258435102,1425268.8187896519,-0.5705088814608362,0.5556739241412103,48.505139055736166,-21.335125573882607,4.089330512806029,-30.527782893266608,-19.42131198150551
16.01125808846186,16.9210266098511,1.6768160101253542,1071237.222080792,-0.4552593539248095,0.5159340450240202,44.418809191646325,-24.33958986094865,2.637209594182442,-28.997449669416262,-16.658675230867296
13.303574815165033,17.15239025880359,1.7576716256920293,1101473.9037017035,-0.43983071384551725,0.5740577985384179,55.33593876226022,-26.520041344991476,-3.0300386209744046,-27.851076156858824,-18.06888263866618
14.228184680718384,17.25077214529876,1.6703495445126217,1112904.962712565,-0.5049186648376386,0.40709919705525355,44.30975505928274,-18.369419499750723,8.130900051473215,-30.355435719427618,-16.54824544983719
18.11839617788927,20.29153977144612,1.6849611893696466,1536039.9462742177,-0.47334249839492176,0.46264812613045425,44.29497078464688,-19.266912416135646,3.9262053169447704,-28.17332314067621,-18.485287396570367
12.166469447759997,14.896568370899848,1.6324971379538322,832042.2096776601,-0.33163044893996274,0.5953705093225454,51.8025551825279,-18.715415669966923,-6.342919490568567,-29.44875170969378,-20.911887980529116
12.427521065079452,15.540142330791326,1.545837488124971,903596.2858295012,-0.5535812130604701,0.7413955069564637,41.43180012562076,-19.816353909199037,1.7339022651050056,-24.145538190829555,-16.64490655520067
13.521072116457184,16.183080221657097,1.5073739200543466,978728.5892111389,-0.4939063240856173,0.40653419487428666,37.43606056035374,-16.008591029004968,5.678391086672988,-23.3022831657423,-15.761384345788976
12.86198178407999,16.115337245933755,1.6994478844616012,972904.1664383797,-0.24352452602083172,0.21790324717242182,56.291402847482345,-19.857506651350434,-5.209322309616638,-29.836730763284784,-16.79058057252756
16.026550212327162,18.00787999267199,1.5805116904421836,1210726.4172213427,-0.5769730300267669,0.6140758154727926,39.94735784579275,-20.49642501859432,6.753792336844505,-23.649427168003736,-18.159762342270845
14.309010501060044,16.416124990599016,1.5584843993022266,1007456.3134870495,-0.33550977620844447,0.19149832225940377,43.15550879469657,-21.962958993939324,-1.6978346342129154,-28.41690292740524,-13.642283143753444
20.323765792512223,22.07446210010297,1.846157033979132,1818007.0902350897,-0.4698949098856083,0.30563008639244327,51.15357877660578,-23.5737702104636,5.896167335894894,-35.40768627264003,-18.65185313312599
14.217077310658782,17.80826498778046,1.6347208263320134,1184883.5050739641,-0.5942633922802686,0.6066993811089954,42.93440030739325,-25.228233903825174,3.9423955478644634,-27.173913310855312,-15.705263538774265
11.750521587934621,15.47820030195447,1.561971155580004,896663.4945620545,-0.2686107660749878,0.27435392170762274,46.3401225862009,-17.319708325520946,-3.4875402075701496,-26.354140485638574,-13.541059958975406
15.698329966508487,16.930505723044863,1.564494993295463,1071077.2222448855,-0.49717306676181616,0.32114976081487656,39.66021739868576,-22.240117594113627,8.820112673669911,-24.566438145372054,-16.057961092013585
13.340061035755504,16.89507243248733,1.6662391905219935,1067854.4536220864,-0.45370177326822075,0.3484448148402719,48.58015721400386,-26.958075930568523,0.2908352585294543,-30.82618195129624,-14.881359368908534
14.26386008105418,16.96100589740314,1.5652880574016346,1074916.2659300081,-0.38511426889072103,0.1533303852067105,39.24776500319862,-19.70100812106576,1.3373433456682253,-27.704978036910386,-15.261993201574061
15.33170210144856,18.7008132106743,1.7565871442032712,1307146.278667808,-0.4637738297384638,0.42227208154985485,49.245229065011145,-28.985556962704557,-0.4565639059839204,-32.07191655501752,-15.13391650798793
11.304630548207223,14.866107780667896,1.5041873920624909,827192.1576517192,-0.3533105277078641,0.3102067790863141,48.039226054791456,-16.623424041491106,-2.412746878957996,-24.11145631072875,-16.781679936538396
12.23925361944347,15.495378048283117,1.5985317123770282,899062.874852824,-0.42401338100608216,0.7310258952194504,45.78601369360023,-19.6575108215718,-0.43098626562840137,-27.688012161474123,-15.659499316926688
11.91358468808798,14.69946696096079,1.6319968541087837,810423.3365856766,-0.25789926089982135,0.2590233392767729,53.488227837380144,-16.13147445249463,-5.405849175833092,-27.060073604898115,-18.165218137598664
12.3171204269069,16.147573053985994,1.6741783964275723,976441.5936406379,-0.4300853269467296,0.2797626682667449,49.662284013484296,-23.455254108273905,-0.8596693277281734,-29.052294207752972,-14.099063387538447
12.158541807393338,14.867872955332128,1.6627785523946246,829247.4636953913,-0.3549171983616404,0.24172286518516106,53.020901132343155,-17.00430060027559,-2.4688069014982155,-27.00310694968887,-20.450623652921273
17.55070978221297,20.138378259340517,1.777953281633679,1514290.5450993574,-0.5292470982659669,0.8007127263933267,48.267229535116016,-22.90058731895403,1.5009555243240342,-31.10727804732482,-17.54324733695824
15.606569569979078,19.211933182507526,1.7726017380431176,1379151.0285317888,-0.44231926671477345,0.4860924206423638,43.85426456018489,-24.970743669990334,7.239856308439838,-30.967276359173013,-19.239109042003705
12.724231962048488,15.154952096253236,1.6634496962098544,861188.8585363966,-0.4484205646055872,0.37981025576383143,48.9235340133815,-25.51065284667211,-0.8091314230333706,-25.933003387232738,-15.959005729428323
11.687232276020936,14.978632251455837,1.6521584138788108,841364.9359886872,-0.5091614660941267,0.26918860507668896,46.012187052091434,-27.263586605353474,-2.9016331776348183,-26.191266543433017,-18.705607396499147
14.715669253465922,18.924697622852857,1.7711157171541603,1338546.2198548634,-0.49083935564946146,0.2901353030284044,43.736297285044216,-21.384822013385765,6.268909095702016,-34.49586181181475,-19.15545867870566
17.741227046489975,20.627617680174726,1.7708740060377737,1588091.2148769773,-0.5998339523609242,0.6884746847314185,45.48173026051818,-24.692979142332206,5.64160838763892,-29.19711601155985,-21.77219912826864
14.00553345702789,18.762746475867267,1.8203932174847182,1316588.3735344755,-0.6515532910862982,0.6996602543069295,48.63104908395161,-29.480705087104024,3.6488366260267657,-31.585126890269926,-18.55178252493207
17.628641009273167,19.929650878162402,1.798943185184047,1483582.7045266945,-0.5416156461889061,0.6864055776070237,50.51567231619619,-22.20706624739359,1.9491515674664264,-33.1197620406153,-19.520402618212195
14.155067155303906,16.79776309598933,1.626067839350121,1055217.1288026897,-0.502273182672649,0.5132419991857624,42.5528048864035,-23.671899273427506,2.395675995805514,-27.453927357777523,-14.335617117351847
11.001080033196313,13.955975268155681,1.45877799363961,729504.4183989714,-0.20239206867180734,0.31325531494281433,45.176917926298,-16.33981446921569,-2.264812418313359,-25.0425471916803,-14.010774173728759
12.727702116206409,16.21850360896083,1.6883083394748715,985123.3553649735,-0.47578719363728494,0.42559809227078516,51.264018719007055,-24.99697823619666,-0.28324390199491395,-28.79761408128666,-18.529286752945737
16.51978810692538,19.868165212292332,1.6881176023139335,1473084.769435797,-0.6319458131432903,0.8388798977090506,41.59402964817018,-23.430802196140988,5.376121767568648,-28.403118394645965,-16.203341547685305
14.142993780177264,14.67744574844281,1.6290407107232994,807990.7990786787,-0.26314585336314533,0.34118636679631065,50.96781003878286,-17.86533892975538,-7.667624840126855,-25.166822958516086,-19.22513170927776
13.297518591126735,15.83889541712218,1.6321236962263785,939345.084617947,-0.5613254621215366,0.5442734636460509,46.34281526103544,-26.373984042885887,3.114405689340609,-30.28650309767215,-16.155311705654142
14.690406220860352,18.432511465584817,1.7343731983945965,1269946.2861314341,-0.5232293541564783,0.3293852444298895,48.469008738577614,-25.3045634966494,2.3716117667277303,-31.7303099577732,-16.389958964320414
11.584371367282884,14.518594058875227,1.5163692453804465,789494.5565442217,-0.3322716295224924,0.1995258173250507,47.27592229890311,-19.105646623375684,-4.756331576863091,-24.497531856046017,-12.397970953960417
14.484437585124788,16.80469105818958,1.5705919456823232,1055422.6043009493,-0.43964304059291603,0.3106682472244269,38.21643467390277,-21.565455925788925,4.911741153919438,-27.1170910963387,-17.95307646929869
10.998771919408789,14.647195830061372,1.6278674789224672,804690.0548795378,-0.4139605583807292,0.4075041101357635,50.14160631081053,-21.547170019995264,-0.8788435805190979,-27.51268442175673,-19.99278145843865
17.665920669042684,20.831696555719972,1.8074055313160495,1619923.4272143622,-0.5269933381255966,0.5367984515770656,46.20522871377528,-23.553891610969355,7.865554049888726,-29.261235350778712,-19.41787753716514
17.124583584632802,20.73316525120141,1.7473152008993384,1603958.4177149269,-0.50930712757775,0.7438613294585634,47.284834519006495,-20.77292356870672,6.6788419956259535,-30.880196117782287,-19.54635993673474
11.729224830202444,14.31948776237308,1.518111362661267,768240.6119383476,-0.33562020561588085,0.20047550223282729,47.728580418301874,-18.29297898782935,-4.986396737689082,-26.50459618255161,-13.946672811298365
14.96399681489103,17.045604823659126,1.6422345773012565,1086489.687272626,-0.5131046668748775,0.425988993156015,40.94983556709654,-24.59120312938223,3.02136811325839,-28.2974878978555,-14.362967169058656
14.937502222504412,18.8366767280538,1.721915061819895,1325594.8389662919,-0.532251766627282,0.41778114825757706,50.40732900172139,-22.8495875992186,3.2629649932116447,-28.926001446681163,-14.794847746399508
14.89004906513182,18.642241677785414,1.6693433088541474,1297935.1622756487,-0.5182209614245499,0.8135818479848465,42.982102745803175,-22.80293416304948,5.074222577039267,-29.13691585484802,-13.127976585135102
15.559606535295352,18.090177091066238,1.5650885081278878,1221553.3541764454,-0.562200374639021,0.6435177899662774,41.50095523344619,-23.00314969688031,5.093343257246919,-25.05864331136094,-15.851150057152292
13.544056162014344,16.80997435514211,1.7127274741249408,1057809.6342843897,-0.4850947365903748,0.49041828446673463,50.21843278684753,-27.749682880604144,0.5563677277917171,-31.129790675322027,-16.27087969157684
14.589502993059359,18.37463859830848,1.7187307356576178,1261854.0090473257,-0.33071587221019305,0.07052486594459761,56.19790463952297,-18.19815552715734,-0.11035686886096097,-29.646381622310766,-19.3174797811786
14.140173285831436,14.48256388924924,1.6566927491616783,787272.8108222072,-0.2840418087497807,0.3757899776015816,51.23143474948232,-18.341764816108995,-5.763085817120735,-28.388575420770085,-20.597714250934253
14.063542332845426,16.727251874016478,1.5929546338521037,1046063.9932711164,-0.5078301304733671,0.7817424728908731,41.80451011497283,-23.767274199166167,6.77385802906465,-25.66675048018415,-14.97307090562969
16.998252226608656,20.475248485133744,1.7803604669473452,1565012.317924492,-0.5300983656157007,0.4195240662765083,49.04256181685402,-23.087684452962627,8.420225387963145,-31.695513520056664,-21.72677692367842
14.822353892643134,17.80699757936396,1.8245669406311875,1187149.4580921386,-0.49863054112989785,0.2708049208820098,53.52704460266592,-30.748015476876212,-0.5614902823618613,-30.873884828471088,-15.124094195682357
16.394910013034586,20.115051122531007,1.8025881215099477,1511138.3637400144,-0.6124515352536316,0.6190999242754134,51.336427084598654,-27.778594999561054,3.2136096543745545,-31.149035339574027,-20.175455910582237
12.764724099664996,14.960689118388187,1.7029924195631576,840006.4996995395,-0.3913071246882048,0.2504428614560421,51.32505916663118,-20.749842894977007,-5.682057336588147,-30.094896245380287,-17.600107667139476
8.797424651021052,11.886464990928118,1.3010255825522108,529743.5585116909,-0.27989794906583787,0.13654517954167167,37.81259245712239,-13.478033204947737,-3.11174000598556,-17.90237404169834,-12.031207461730101
13.08571739370695,16.02006287304383,1.600323617048757,960348.7827522545,-0.41032691290731294,0.12933929004049194,44.26201657252507,-27.617381062766597,1.193108076451541,-28.46294356250401,-12.01071136998819
17.59549455569971,21.312173996079355,1.7807538540002226,1694592.3247161203,-0.4328000446207429,0.26314013908629574,48.75672020603885,-20.357756101142026,6.688094427978719,-29.984156101846413,-16.072624681740457
17.145438712517947,20.916822632623134,1.7484587243067724,1632313.9876190894,-0.6341729259817249,0.8431355803509004,44.77570800062668,-21.649684311550587,5.5032312007184,-27.93743706065164,-15.784917597308773
14.357242708180419,17.174727031144517,1.6836268128475977,1103370.6662444787,-0.5631057855341927,0.7493928756380637,48.75521928495702,-24.351845478176692,-0.16887033301878712,-30.362652636024038,-12.892676655691023
15.549533762024488,18.93878291377782,1.6466787678912238,1338946.4273594571,-0.45005795444287633,0.37562355216545695,42.25174350824665,-23.70980085418515,5.655838870581686,-29.395399809959194,-15.943007865749443
14.244708693824526,17.179767634281777,1.795133735445858,1105449.4426608703,-0.5077077443774201,0.36132999661104614,54.73919942191482,-28.597051261319642,-1.4349764171979016,-29.91324934711053,-18.395127897814127
11.647141939619154,13.973636450484685,1.6286051791011404,733274.595127323,-0.29130671514261464,0.29373736837857534,52.17173734475945,-18.271823767020678,-6.710983615598092,-26.393653657151788,-15.570582858087871
15.836985238286156,19.215142016941986,1.6682155352602897,1378277.1386013492,-0.48509985826262586,0.42897543495585255,40.51359763030097,-24.001048016966664,9.387855407698538,-28.514661317818216,-16.84665530780219
12.003034490630244,16.175926181907272,1.7278978798807643,980514.2411201246,-0.5934028243561615,0.509347260972449,50.01810241584898,-26.958370740779507,2.441419151791129,-28.6506877042342,-14.0907661821263
11.40237832848696,14.733096232165511,1.6529444358759722,814345.4763585406,-0.4386815031137178,0.4546756374210221,48.7427678860365,-23.14539104044041,-0.9136527896910436,-28.961038028866092,-17.0353926920487
15.871495076629637,19.19826212043706,1.6636118533082458,1375817.9338850789,-0.5527490822280436,0.5748125995554925,41.38085386916376,-22.812621125348485,5.116878533006181,-28.57344961928702,-18.000108088848187
17.174355606338345,20.312525132081287,1.7996605165060535,1540677.771575668,-0.5403918085675534,0.4920703958820223,50.09223596263553,-22.115665194065503,6.999476954050002,-30.121100344579652,-17.4676207717511
12.119812123982923,13.829107655613702,1.5256966466648225,717184.1444343727,-0.31680533681144496,0.19341638170735553,45.02425560391169,-17.325364877463826,-3.991365854129178,-26.589992124573193,-15.069935269672385
14.933550214059071,17.79542852168237,1.6424215569077298,1183283.72603554,-0.5186694052107661,0.39119557270430994,44.488479657074066,-20.758744702264877,3.925227889896957,-26.34994906714533,-17.659216762508223
10.689148236651164,13.364850128543186,1.5690688007783204,670905.8306612878,-0.3336091185206597,0.19410516656410737,47.39730783729853,-17.350507460416857,-6.493014846633259,-23.4283999970756,-17.44875736705162
14.958633663141203,17.12970472733972,1.6808060413522687,1097613.263544589,-0.460460245717158,0.35669901594034714,52.85892445278436,-19.992125027671044,-0.17201186815064715,-27.218611678350243,-15.90335478026433
13.065209025074772,15.708222758034534,1.5484365990585163,923085.6266247372,-0.2557454854691145,0.07625698982423756,50.25245341592856,-15.79516833284702,-7.594242205934936,-25.595463898447548,-14.985440067646973
11.531386574154661,15.702464038050953,1.5993084319549518,923008.733830815,-0.3547668146625296,0.3840707807620687,46.205013108162504,-18.51778861788691,0.5021436729135577,-26.538766886960506,-16.55908026087547
13.605422061852602,15.727366993723592,1.5659497576729116,925517.414791636,-0.4385278082864269,0.4817249777460648,42.974667609351535,-17.656464862003013,3.0739373623630852,-25.133334209268334,-17.81693028338382
11.36698918668233,12.907888707231695,1.4772525814871467,625388.6837811619,-0.2003061919220488,0.17983043829062328,44.46983176575097,-14.764629492151155,-5.480153030682093,-26.647619305225483,-14.1374459886998
12.760949479065072,16.572487898204752,1.5862340560141792,1026890.7438495113,-0.5137894835983751,0.5214337507543716,44.6366134525386,-26.908826683964982,0.5637626585927504,-26.15215901520689,-12.501993774663664
11.632846038683224,14.733823126873528,1.5818598953538765,813572.8903746447,-0.3822818068442706,0.1663421571909347,46.66776989484539,-26.21772277115692,-1.8696472261445505,-26.433841400997267,-20.532274642236594
13.224964777679455,16.960908217480107,1.5736126954410745,1075000.8018874242,-0.5589112016085569,0.7611631001171975,40.15715907484183,-24.492302400941703,8.445774077504431,-25.46590764734891,-15.059047910000888
14.56725679656692,17.868934187924996,1.663924595938768,1193259.9173418165,-0.463959789528931,0.5971102927258367,43.29673818111,-18.12858468081646,3.477381707318891,-29.466188004999918,-17.377955838037728
18.099559030033035,20.821993463194712,1.8202466351445383,1618598.5690460606,-0.608127723548182,0.4875331373473659,47.19934101641686,-25.189364264779638,3.9065183472509513,-31.523024367401028,-16.04156490149419
17.474843439132822,20.41522342263219,1.752310342909745,1555551.4337499458,-0.5535212953922453,0.45337852115069666,45.82250456973039,-22.001319798746124,9.126340220962671,-32.369407956981334,-21.2434446528696
17.325208263546063,21.163906350182778,1.9254728333496836,1673246.0891238719,-0.5293214199959392,0.47970188423610516,52.80254718051543,-23.570439960874943,7.751867240977442,-34.46192487670369,-18.572619498603068
16.885395199447128,19.889507189848747,1.734025407550539,1476810.5560674262,-0.44550098944466476,0.47051103216344936,46.43942102454742,-21.74954300770595,3.57111590871255,-29.63482552399627,-16.83073947532633
11.77907559022113,14.422595341477479,1.591061419786771,780060.825118632,-0.4436616491890814,0.4069490948271408,45.48908419671784,-24.295561260421724,-2.9433721783139752,-26.814071159752405,-13.22528801441595
13.790490079719312,16.88381532828796,1.6659379538799277,1066441.899278393,-0.42898834120405904,0.26358839912105303,45.78402317392743,-24.23586903017295,-0.30289677442863683,-28.02047361723522,-17.1370060556562
14.527826324485732,18.14454913466523,1.6737574335769607,1230156.8014491524,-0.6337600174641959,1.0888575309212483,43.42544528977745,-23.244057316625877,3.828898607037424,-27.25632084350065,-18.985674072114335
11.039112124479358,14.223955608122258,1.5985705127403427,759066.8427604618,-0.2628984066064736,0.2482292644829358,54.5120004817444,-17.524785853189876,-7.137162052254293,-24.54049580387411,-15.52696700086625
14.1659921569985,17.6215527730701,1.6935763625229459,1161100.0318253757,-0.44169607237886654,0.31321633670824056,45.991316123419615,-25.29196253547741,1.9788076246964716,-29.24023285171306,-15.632898147993739
15.702416284803004,18.14577674841777,1.6999619202559832,1230649.4074565042,-0.45744105195760754,0.25269792993697715,43.72622941347596,-22.870581229028417,8.316733487290533,-30.796219572104185,-16.55786679555236
15.111467496340452,18.425511537983198,1.6279009741028787,1267664.034651086,-0.4853160013355267,0.30327415694108684,43.301878106172495,-22.19795112316148,5.859935557046042,-27.866454340820496,-13.895530520832388
17.40762122078325,20.206231070418493,1.8568301241170742,1525495.1890305094,-0.5572596218736322,0.59901419356805,49.51528304134513,-23.865675499081615,4.8440224418669615,-33.468073698820376,-20.47679943853221
15.510791576041136,17.933738770079067,1.608742128038853,1201187.0739670068,-0.6287816230328891,0.7342942000023758,44.06786685424096,-18.295367724983276,3.6014037188654555,-27.9186782005685,-17.384318249266748
17.454411301099267,21.69040370604385,1.748173969312007,1754427.6317109116,-0.5232492823930691,0.5046069802126629,45.48927015517431,-20.932563565741795,8.744964316171579,-32.32479134636368,-19.545489298428606
12.56661095148331,16.479687217041118,1.656017797900118,1016364.8095869329,-0.3590866542247767,0.07538435631207596,47.78423663593581,-25.129303846118354,0.5060524197742751,-28.21575779458415,-11.695983646194811
14.000176321353548,17.644319835975576,1.6188485378661415,1163157.6777974982,-0.47913242518880805,0.6353867455964886,39.311362197008904,-21.661518990454145,8.40408855505135,-27.708972639128604,-18.058659945060114
11.87184130616889,15.458312852990604,1.547181369034315,894213.6298958473,-0.2913990317103749,0.009961629910942627,43.131842438251624,-24.413308115671377,-3.3767484750103947,-25.214497907331076,-12.238913203648867
13.529855586312404,16.163078237966303,1.66565190416408,978192.2267240838,-0.490164238085548,0.4164837399087693,52.30825942547562,-23.1296089293951,0.2609487507782034,-27.4903022835987,-17.483294257340074
12.42982567428821,12.336833320589921,1.3298089753967965,570443.4679183906,-0.24224934577627336,0.019492123295568042,38.91129637942418,-13.884717372213142,1.039377521203374,-18.643841311235818,-13.531182240166256
16.63327332830109,18.797030719642297,1.7159968460527066,1319991.4985333588,-0.4802353080493246,0.3552424209626963,45.513542067348965,-21.494575448193103,5.323969854162112,-30.676051091976596,-18.73045457005483
14.987449083432736,17.145935241590966,1.689565086771901,1099783.7729451542,-0.43388870741745306,0.340401309386023,47.859341405267585,-21.40089168193625,3.3123841008662707,-28.942190248118177,-16.301792563209958
16.27354816855786,18.88821307556306,1.566035018864347,1330899.2031066096,-0.439125144809459,0.4801602150194513,40.31877719595881,-20.704315211230305,4.436281513313926,-26.26572354691372,-16.539460349146268
12.891060019741781,14.790016340094079,1.533592877647363,819162.4971343692,-0.34653655045126636,0.38989539583968336,46.3990227592453,-17.25404219224032,-2.7515457051730614,-26.368689559114785,-14.969647825952542
15.966850113539241,18.989894004101195,1.6505722653695727,1346176.4157492127,-0.4777217652559339,0.5249999975043607,40.18535592834388,-20.69319224066914,9.259006611908356,-28.49626213273838,-18.03893011703272
14.357061015807052,18.382119867704553,1.7154127072856915,1262830.619729745,-0.6038015293577033,0.6541394973154526,45.93712473705257,-21.56804970469088,2.078778068433031,-25.047556716974498,-18.632679853879736
19.10712285194265,21.571324106708893,1.8662255016952654,1736921.8630641738,-0.5710845025828742,0.6011375971716038,50.892355078944206,-24.04199515029302,7.192730739156599,-32.61021599910699,-21.44764346617138
14.168774533913295,17.552108180757372,1.7013083063853471,1152147.3754645388,-0.39830628388348926,0.2610141652238771,52.292179880941305,-24.348929632602097,-2.1726996163658936,-30.323995667230573,-17.697537078434976
17.575023524443342,19.45242859930914,1.6730885538368498,1412331.934783341,-0.6207998551813251,0.7603299821875531,43.26989483691628,-18.29793885594523,5.808518176534219,-26.492148822788046,-19.18844861732303
14.013332814076277,16.60018754254988,1.596141255276229,1030411.9748788778,-0.5898361382186468,0.5140707041826644,41.83933867315899,-24.78406539259944,5.297816675116201,-24.7456891868782,-18.887631519874617
15.840999762527218,17.04850337311894,1.6511758530817988,1086964.930400684,-0.4464222473792941,0.7958091851117408,47.05906785865987,-25.003745193177902,-1.9709102283685431,-27.65945503513805,-13.869904677852963
15.350394164663376,19.02032649067135,1.6385023306926731,1350315.07343635,-0.542370401144946,0.7630103885251587,43.759878684257316,-21.802811462882538,5.352200876029521,-27.377880201402828,-16.405091607471903
18.32156387233427,21.267492186017293,1.8287777522839546,1688185.6654731026,-0.5581698543226045,0.3603827312493304,46.64110305130923,-23.54795489488579,4.366658217205554,-33.12129198872607,-21.139423516086293
13.665884046190415,15.52548911523467,1.5982362621710764,902520.1100999434,-0.5739926257036918,0.5568964239881429,42.81528117604461,-24.14072841799365,-0.32555868748206807,-27.343334229942023,-15.453080712716776
15.532714488991404,20.695689305696998,1.841675373247777,1599460.8154880544,-0.5900000814021399,0.6546920369768641,49.65304400719157,-27.233915371782047,8.478720900462765,-30.66839844817887,-20.346688682400362
12.123082371903259,14.73346321976165,1.554573038444174,813216.5105646288,-0.38891832021283024,0.3178803337349785,46.88057980607179,-21.411861426023165,-2.8779748115016828,-25.869720178911066,-13.614791328284205
11.492753951104676,14.290741555168223,1.5772794177126856,765872.052387953,-0.43729807635150697,0.4174522577215418,43.76178443284995,-22.423728400349475,0.33144269703923374,-25.458799895918588,-16.83251446891258
14.933543736354096,15.582391401582209,1.6367636215807615,909540.1422813484,-0.4006000081945187,0.3296572806265412,45.02684143591232,-26.037035400243,-3.407352996716309,-27.674695977412526,-19.058120104510685
14.914072158178174,18.039084994573688,1.692361042569183,1216250.2547241799,-0.5344696730106078,0.48649116938981285,47.6085251824466,-26.45913767679548,3.0748058043927045,-30.445376954153286,-17.33209354812346
17.150677769720776,19.81808171528713,1.75998325096458,1466638.714014241,-0.5414073269193167,0.5184990953670274,46.09424061654751,-22.56303968176486,7.57132582032442,-31.246990723180943,-18.801856370616637
13.13361004725828,15.977784770158673,1.5555960397521977,954813.6426675085,-0.3956170226676741,0.2475214164029298,42.748675197034615,-21.30171338818885,2.1593791496556802,-24.704311756595963,-13.226059577089323
13.855293780625326,15.697577735306751,1.5749326081932473,922153.6018598716,-0.29006779756972134,0.18294557194155026,49.69719240200439,-17.043178180489683,-2.7474162565149713,-27.930160063996077,-17.595756725175463
15.720004442365644,19.161545965947393,1.7739787531633457,1372005.3835827312,-0.5814015355404646,0.6106709306358673,45.831557201724905,-23.636430533397856,5.748160531179174,-31.235250865579097,-17.66705649975443
12.45010860620899,13.780617946341595,1.6077265691014377,713176.249183419,-0.3479274925031129,0.332255159123497,51.70168371368588,-16.92903028640363,-6.350128360086519,-25.460273921275217,-14.923283198018087
14.387374352976808,17.199888488327478,1.749777443774504,1107416.664346044,-0.43759808785035736,0.17483032309649538,46.29770693156597,-26.158926896450122,1.6804445151686718,-32.81051586961816,-15.565970252019124
16.993617077626624,19.925628722838574,1.7651355992825857,1482542.351550199,-0.6137108479203303,0.7906555865782297,44.297832129985025,-23.229912297863038,3.3112677722569197,-31.04787679229354,-19.536597834639906
12.419102787179082,16.160971676305394,1.6521943758832178,977774.5153376578,-0.3277663970974335,0.15268728733419135,52.227340927411305,-17.910451980104448,-3.0843698703644735,-29.571323439118615,-16.94376661616822
13.712354267446136,15.520963658903801,1.7186668257340536,903479.546310692,-0.3169671221156443,0.1560257892506951,54.90296952454499,-19.412007489449223,-6.184230859355644,-32.18626741483193,-17.143819691595212
14.723848955345211,16.625689156677943,1.6799579553854274,1034568.6340587947,-0.4561621777834612,0.5609660880613245,49.15804840364459,-27.152965904433536,-2.4180856088395397,-29.27025627566395,-14.34799165854744
13.111969779491025,15.944562381315132,1.679647415687348,952371.3058237602,-0.482434918900392,0.27699937404936437,50.099112094504505,-20.76826673418757,2.3567262917140415,-31.253173735002655,-15.308510438807822
12.31667510453432,15.636722115789565,1.562912162453775,914948.9087944531,-0.5546641059710974,0.6462767682661434,44.189191977375366,-25.311216368790017,-3.6970993175275693,-26.265318029607815,-14.303375332014344
15.755309632112843,18.542692259041594,1.7154817238495683,1284798.8324748091,-0.4413252524458168,0.413742651949065,46.013627389689326,-21.716619913091275,6.671439992019616,-32.88835328501747,-16.636845815735192
11.386485618809656,13.929781256973525,1.5712099291117254,728060.3116138821,-0.38189636916303543,0.4409547405290106,46.7864454991151,-17.39938707917259,-2.629891713973259,-24.995604770748113,-15.923503585535174
13.99538696633861,16.07709685333653,1.5626792447792042,966690.1107666886,-0.4320771322664002,0.38801377250147606,40.90958440634943,-21.928092962883,3.0269108640692597,-27.214934910907367,-14.277384748135495
14.134718837193562,17.240453375316914,1.6723252213825452,1111610.7951815927,-0.41621745591316417,0.5333889853792404,52.08168011376607,-18.645489940180468,-0.6342274313706886,-30.310779962826096,-15.829054362671085
15.056824727444607,17.2995311062296,1.5968321666833458,1118256.6212639725,-0.43356163978407386,0.5144293593526696,39.47172016734084,-18.257148365292796,5.87535353787586,-27.694021991155523,-15.333955046866176
13.176310288407752,16.455097068686275,1.6956805707152782,1013856.7706705083,-0.31235061808986747,0.08216473676121705,53.48972507970273,-22.525280374373924,-4.138267355505914,-29.882737521662374,-18.75110635076487
15.196353399655235,17.57148788361511,1.530589156404208,1152625.091004067,-0.4052990569365478,0.47929413243302177,37.69831444245244,-19.509124645805226,3.9963482947574525,-23.20604162048344,-16.422362211479694
12.50267047736463,14.525095208865213,1.6148949836653912,791337.1549321816,-0.4934079587219419,0.648798964568329,50.02397447035372,-20.88872739075167,1.8692492134361438,-23.919063681299917,-15.723431824613932
12.278426040658179,15.614066567131209,1.6320427159493758,913144.0744920528,-0.4322704289603908,0.5551343955909629,47.965205203812246,-17.97945602046714,-0.9986498868409726,-26.92737056926121,-19.510418895875283
10.036573175308616,12.581668489975094,1.4459965843886633,594242.312461243,-0.33812352339625756,0.2837382980905896,47.293227321183096,-14.308115538073263,-1.661180623942414,-23.94826127332606,-14.26640054645857
17.60624746817146,21.161479934124014,1.8409955286482202,1671686.728381388,-0.6121553641632362,0.7968438226116339,49.63211013862552,-22.38381286367293,7.873096160073298,-33.47680402816301,-20.47293691903915
12.870566796618265,15.937525501159042,1.6394853117255603,951046.1985495342,-0.5980419281956999,0.49266628113310995,47.28234245284543,-25.942168699182258,2.511160870702147,-24.856830050095336,-11.711096125765291
14.464141813412091,17.869949593242453,1.7056767033121607,1193915.6186380237,-0.4558657371161591,0.3443277979653785,51.59909368568945,-27.379740331614244,-0.902819759746448,-28.834135189767586,-16.041753080542787
15.310615593780113,19.037659076408655,1.673641341609075,1353190.2599569089,-0.5822760883363711,0.7250082127512059,42.15357231198958,-21.248857758166775,2.5294332277177958,-27.264281345161855,-13.935040487767065
13.808637697900535,16.274689535957563,1.5843401302827338,990626.7948845553,-0.4794416423106089,0.4453341389979726,45.307464747858404,-24.38676067790402,-0.3367985865251308,-25.15767067002026,-13.983380507786524
13.013329949948908,14.494675956358252,1.55680469845377,787383.9025708883,-0.47417257766025717,0.27123406004444695,44.35107276232431,-22.319415428005204,1.814924433183639,-26.21760427384439,-15.75060595010277
11.645386667578354,13.239475263600607,1.342553842890338,656104.2082636249,-0.2297495873584563,0.3530164309147015,40.16864567491697,-11.787671990568073,-2.3817178554414222,-20.732164713467995,-12.151762462244214
12.655967837587342,16.76760153411595,1.7480654846846893,1052991.3593095723,-0.48746030681234565,0.35484491874838753,48.16107860300781,-28.691739255714772,0.9878173949134221,-32.906374227152966,-18.94329737290059
18.077944824034578,20.97978060596781,1.7257879708016852,1641794.9397523887,-0.5731120017918931,0.5544640446397762,44.492893355291166,-21.60859650416207,10.19300587595302,-30.968442394744827,-17.65838993138533
13.34385356058838,16.74842509482743,1.711399235264025,1050140.1260006751,-0.5083245300275105,0.14227745210027276,48.34727373442728,-26.811559708466582,1.8263593326753726,-30.22216018781888,-14.17215404960984
20.386834589375933,23.843495613717508,1.978072724270693,2120834.8279742375,-0.6433176950107237,0.7155958567174094,55.381365465717835,-26.039759351828863,7.030218333898439,-33.478227773504344,-23.451837579431746
15.612286716587066,19.22902907277084,1.7819475515279712,1381708.9702648812,-0.6350536731678883,0.7216636475729379,46.74947222806196,-24.283233446775725,7.708024251011237,-31.42594950051909,-18.992843866497125
14.491170827488531,15.760991607196413,1.5651900361548905,929431.3956596161,-0.318206034488195,0.43274673436193867,51.39126126631666,-14.81042840739305,-5.912148162641335,-26.538517395336807,-16.4874642086384
14.700935829952074,17.07965386074467,1.7097224872895498,1091632.7784845892,-0.4554578189856622,0.34992456541062156,49.71024619767184,-21.80279050576388,1.2334575053203065,-28.283166604303602,-18.459894797487486
12.005811125572874,13.960604791966576,1.591411359291939,731482.137587625,-0.26433541782583564,0.3093457984269592,51.81764188153571,-17.27718756767011,-4.923478241000309,-27.883754362125565,-17.609522267499962
16.996119890929045,18.36300466139597,1.6098981572638809,1258928.2939648395,-0.5461818473106029,0.5624743470131257,41.98360323138972,-20.952264487327753,4.8434016767673285,-28.572050716219053,-18.148714702084355
11.877159420178675,15.716232282426272,1.643534842574644,925142.8123752277,-0.39204528700675817,0.5062239521662959,50.93444502974295,-18.812727060974986,-2.6552041086213056,-29.54687381367078,-16.016433574162587
12.30807470973367,13.78370875394121,1.5043742543417908,712300.2138137803,-0.2940687986044484,0.06338141796390229,45.02747354055495,-16.938314276164334,-1.4777570895703283,-26.877779484234665,-14.050611630743294
15.127304998289738,17.7143070785244,1.5844873215711457,1171918.4551512962,-0.48490463613263923,0.6016274102164041,44.039061186781495,-21.237681511694355,1.1312328971215557,-27.66655598679391,-18.998498986134354
17.351699169726754,21.041006342797107,1.8677889841482325,1653217.622263689,-0.5720492180811293,0.5157003116458241,53.91315722505775,-22.2632173463752,6.341262782189256,-33.21316235412054,-21.227216390507053
15.281330863215276,17.28388836108856,1.6482626061643646,1116870.6438730608,-0.45318661360923473,0.45174309358891174,41.56115553692969,-20.107574495599536,6.154323276662314,-29.376791590954806,-14.220577908964982
16.09191901606472,18.102141585452237,1.6737034529049717,1224461.0530098334,-0.5091383798849821,0.4706785992640681,43.184789938207985,-21.557062726535555,7.816591169543822,-28.018532628873913,-14.062681385659776
12.472772061783365,15.565780285108099,1.5385441587340691,906467.6490168115,-0.47341154151665754,0.3620471004005439,42.642968948394625,-25.12083712275289,1.8865305073939216,-25.591430472029742,-15.498237365106492
14.92655293528791,17.792070400462382,1.636748872214604,1182772.0328011387,-0.471669238955608,0.27452745724472916,43.71823826454769,-27.770680838090076,3.3483337296447395,-26.54488789369151,-18.295279310061563
15.620021376565145,18.303971259259498,1.6101966144670259,1250912.0993740289,-0.4278774472773645,0.262215518758961,42.85491376475686,-18.90203898812368,5.418034210504383,-26.26305071758939,-16.714016681156735
8.222968649949884,10.827675654287878,1.3298044281401853,440920.71229822864,-0.2563058937850523,0.08127226570226176,38.89664037052893,-15.446070738786212,-2.231363661081698,-21.02416613898659,-10.97255042400339
9.874501053868045,13.892938476858504,1.4935965298188492,723381.1322785291,-0.4439803554294117,0.3352035949940664,41.54020451450809,-21.98106914697381,0.38239716033211424,-23.83591856424965,-13.957099127019235
12.877910745110345,15.53613068785469,1.6225897511439489,904035.3914985382,-0.4220975820551845,0.23846267108323937,46.621350206096324,-24.156678728759253,0.5899703130613683,-28.954728821326555,-13.93625542338875
15.391025755063769,18.0053771974903,1.6323464694737817,1211009.4939902383,-0.5352326077198116,0.4577771249698319,44.876459357086176,-25.579912142943193,3.628346308968184,-25.989785206340777,-13.65355954748177
14.640165688602881,18.900831826958946,1.7650432952982862,1335122.0239733947,-0.5913141930029951,0.5575741425228462,48.54843960229681,-23.381920637861782,3.4698853690487863,-29.972616703583476,-17.88761533321852
13.517483285160498,15.536156981426215,1.6723749326211206,904646.1882254125,-0.4596370657255594,0.29387647623611324,45.87959024130231,-27.848492708173264,1.5223806017143469,-30.590860198915834,-18.125648457427015
14.852828823732962,18.266471089013105,1.6293407032801102,1246060.8471263985,-0.48308189650719835,0.5518886408306609,39.4941860289291,-21.222770255961713,7.714157663044072,-24.722581702708556,-18.578127060514728
13.66513790085544,16.765392208817495,1.6938184786094033,1052025.1057144108,-0.5799779880719649,0.6742126509508348,49.66244419178915,-24.457894922502923,0.21004036883993055,-28.21447350318885,-15.674025898781373
18.586369766768957,19.953433136185545,1.7204529373838084,1486073.4705120753,-0.6069031289499527,0.7905831283171243,47.13631416124842,-24.62716282206057,2.2831615637650557,-27.53804473876018,-17.92814050030192
10.715163931017733,13.253734278329334,1.4118938636886105,658211.4660136835,-0.20511566722581237,0.22864171014455925,43.74556635911152,-14.235933494873382,-6.542353386214248,-22.278242689696867,-18.34426944967823
12.94909688915841,16.155290371745767,1.735277693160962,978137.0269492118,-0.4621766912785712,0.32006985775889385,54.816603403679544,-24.14130333029921,-1.6677403750896835,-30.135527413373005,-14.297091374226278
14.872928988939488,17.297926089984614,1.71538391106739,1119505.7231594862,-0.644772985208753,0.7695747970211952,43.76262181801785,-28.96528979646847,7.193403163017148,-28.244188037658013,-19.245131826540188
16.449727537234647,20.820094833430876,1.8498827070996808,1618708.6272159172,-0.5751387709336357,0.5984339400313874,52.685095822249146,-25.137706616324586,3.755037945628572,-32.81371379534356,-20.055468157696914
13.028378835860087,16.012177062539372,1.7165874556352794,960841.6835012137,-0.5464001781249646,0.896507938388277,49.351069030396395,-22.500451055383103,-0.45569160303473083,-26.895180750948697,-19.11929581643625
17.351320291395727,20.29172809945499,1.731933532556515,1536662.9143017149,-0.6233915248330636,0.877958013568545,47.91458085836634,-20.201894682408795,7.516739750119118,-28.87951335265432,-19.836229079379862
15.655910105161858,18.450595210093837,1.6866699499337712,1271812.8273645986,-0.5726736603345183,0.5144735869884376,46.28191544320107,-24.20602119202325,1.4315200237385173,-26.91157488333739,-17.51080087732003
14.762964027605502,17.539655426863593,1.6508179773046305,1149901.2597654376,-0.38695242666633417,0.466023225872636,49.577428999386335,-22.398239681635772,-2.880915155298243,-26.86084848896556,-17.044673401283696
15.718385677719697,20.5091084663369,1.7340563927161574,1569550.9345395244,-0.5126194875151188,0.46341674964755164,46.30967271382658,-19.28641313599816,3.966090985289064,-29.215548993546946,-18.014792462628904
17.147053308451188,20.249997588983742,1.7498758457540267,1530626.1533079296,-0.6109436060451374,0.6175133415104122,43.28907420486732,-26.871223186408216,8.271032801970915,-28.847759773587622,-17.868330696985797
15.130946784288865,17.984367760362396,1.6644339439910587,1208599.9882677956,-0.5594621584525883,0.5928931273536135,43.77616330997894,-21.476487531244253,4.509178991402953,-26.660382919313328,-20.412588274564364
16.33921519821912,19.837893740961444,1.8225602914168066,1470380.208916516,-0.623475856215826,0.5443983211043446,51.19153636388842,-24.819648485580878,6.9756518879784135,-29.5902343437312,-17.64204158347361
17.343981635294238,20.80617754244379,1.8111157865201355,1616036.393805136,-0.6368913159852353,0.6129359625501047,46.09196111164347,-25.149645330333072,10.916628065370638,-30.099402889398668,-20.310063125549974
13.264795587298886,16.363407435330316,1.7574317348791444,1003498.0243763067,-0.4314187095412721,0.3308132463938147,53.584165203062604,-22.95924762991407,0.8200824185679361,-30.436923584825735,-19.603903011242295
20.457172031746186,22.146921397107587,1.8075875680234426,1829356.718188148,-0.6855338805213179,0.8304968267497808,43.70476167652076,-23.444215112483757,10.230840721442071,-27.975202300962792,-20.881717615567435
12.101910842775194,15.221194018269623,1.5700023598827115,867524.470855583,-0.47615960987206096,0.36141160301776853,43.919281620461916,-22.652548943086888,0.31877012671340943,-25.633120570143717,-20.864996110476795
12.409261426402946,12.752570909940935,1.4714503351244788,610558.9204912051,-0.3666140992986732,0.08160680070702808,46.75374536842138,-13.99971859332858,-1.1293822651625618,-24.6811808167868,-10.415823200453689
16.895965637069427,19.715449591087165,1.7016191488622578,1450857.4754354851,-0.5349078080529689,0.4418883863731362,42.71703472144113,-22.441712274563187,6.335064105940164,-29.589275245162675,-16.645196110921532
14.033767974864853,15.99909087984647,1.5332178124626414,957081.7719447552,-0.45808412276392385,0.43970557132527466,37.00067605693981,-15.464776299624166,6.318463199283361,-25.378863750866863,-18.748147345247528
15.6229970409766,17.449271988662364,1.75946571849513,1139557.2704935877,-0.6072507745354383,0.6989196698190163,49.65670301541245,-26.561895564198487,0.8242967608523033,-27.134008305468527,-14.675384777912214
12.507240805680043,15.419449148002002,1.6189325209851433,890609.2135533716,-0.42822432415280565,0.16753890637821245,46.359820008778335,-22.80277119424234,1.7160635528387274,-26.714931278302604,-16.82063569649734
14.506684981627595,17.154935729760002,1.6276051728449081,1100166.1030086651,-0.37350672796381895,0.19793803010942357,43.86852324080112,-26.062713959248693,0.7065902951640097,-28.76797587563599,-16.34407311921049
17.715703193137596,21.590461464489714,1.869090093937012,1740021.8465269587,-0.4653690193777208,0.2627746921044687,48.7917240389764,-27.34334661574064,6.899030694776341,-33.73480656590209,-19.636313286180766
14.639120822023788,17.123611189708708,1.5768599187381491,1095585.348041567,-0.5115385685087254,0.2887615157085519,41.7076405504753,-21.614186388062645,4.277519788407247,-28.311984383644166,-18.352377526329686
12.373003113950318,14.35033145742565,1.5411597169959341,771778.1249127596,-0.4553730491739821,0.3130014407906989,43.09962644790146,-18.68299869540899,0.19965529591178519,-24.677479493135948,-15.383356980373545
14.56073786268709,17.180149271192004,1.618208957200892,1103260.5587215843,-0.42931842305665535,0.22544086843707234,42.755187740827644,-18.564836758942974,7.0019985999723495,-27.83524227204476,-14.40450329010823
13.368432851801053,16.001727308420723,1.5553552592022004,957647.677325103,-0.3833424789429947,0.4493777998571655,43.53418760936747,-22.603911907927824,-0.6093374803270057,-27.430645290433752,-14.61187007606009
17.014512428568576,19.143789461963525,1.633550291989335,1367712.4634332454,-0.33855045895748886,0.2905524105991497,41.187537212155505,-18.92268881338065,1.5285092305710983,-29.004722331964814,-16.08074842567092
16.732046454080567,20.098291925920453,1.8664361657400115,1509509.3371226173,-0.5248065491086941,0.5677397554094754,49.76488627756604,-23.988189751779192,5.814636389755726,-33.049286964631435,-18.935515554674787
15.508081242875434,17.671518427669966,1.65093124059159,1167105.1494398727,-0.30235111013335386,0.2488159335427631,52.018796021125624,-19.10869877953828,-2.940041312595469,-27.578173877021264,-18.977954437609213
11.721706059000258,14.076298960311835,1.4828402112503254,742263.4328326155,-0.2702217740876397,0.17451614622169043,45.284183132064186,-17.421995442822578,-4.916495569923727,-24.711770313519335,-17.551743062648512
16.819419417142942,20.77437901598408,1.8711319796707722,1611956.425816819,-0.5513702071786667,0.4966317666313298,52.78171620950949,-22.374895444593463,6.5581738739973,-30.470673853506796,-21.687238604335548
10.475268281767763,14.35049329356787,1.5514226875565553,771912.927310167,-0.32654438764171534,0.36208696441072963,48.26817739718817,-15.660949586748611,-1.7742975920928434,-29.013912555806776,-17.922912319751077
14.148868523784504,15.896532201347965,1.4974591856780526,944560.5547528844,-0.3893014962897336,0.18786824759425835,36.77297659524933,-19.39521513693608,3.636794951014435,-25.116317198874857,-14.224937543821191
12.077045547004728,15.506701282943743,1.5810624514126193,900157.6973845175,-0.4231968003308979,0.289107438155777,48.108091147964146,-15.833015826390813,-0.16236565883075543,-24.78339325503162,-16.521761255980092
8.678770713259023,12.276427850005406,1.506382921577176,566790.4193237027,-0.334179613843817,0.2625928825033377,48.75077995010747,-17.353147561907598,-2.0315572991613453,-25.804457283931725,-15.582301849311978
15.692845219365196,17.96097422444814,1.6962097755578867,1205880.1425812277,-0.6375490476959161,0.6790220775355249,42.10476436263613,-21.963826407003896,6.454958833893564,-29.01980971938165,-17.516190347230648
11.220670831267393,14.256888619836477,1.4702033618626624,761082.4747167423,-0.2937066425411704,0.6309299826496448,41.769955490568364,-16.73511441263615,-3.8909599976260223,-24.356236200621893,-15.121484164496302
18.327602913434422,20.75254866244919,1.8184898248658132,1607878.0464588625,-0.5624225388879136,0.7493133433571266,50.69666543764551,-23.875823518199848,5.545962361169927,-30.70906984254932,-19.321875526118006
17.103900561363975,19.87387567607741,1.7308693520138283,1474467.1536926213,-0.532868492105338,0.3223683323098596,43.56102386504898,-22.196342187575688,6.037722192925546,-28.743243753140618,-17.01882145190898
12.708683688281432,14.7202841115348,1.5422650792663204,811637.1065558998,-0.1881302905787875,0.17399264293429306,51.027374669285464,-15.04645253115772,-4.5155875511218895,-25.93872898511824,-17.845765968599622
17.694699471539803,21.822443679903074,1.7723899977165378,1776030.3355985573,-0.6064379838020142,0.6879186909685977,47.29491563400408,-21.376839795416295,6.342919058915968,-27.24458922340527,-20.445349501708733
17.138627844932635,20.433751508544166,1.7685161165595216,1558566.9741294456,-0.4950921484177005,0.514833281680203,47.2457275062106,-22.975898876181795,3.8245598517962645,-31.736419824987983,-17.236325202806945
13.26077921446556,17.17685160274215,1.839427889901913,1105674.7246253898,-0.34008177874149187,0.4811590064254818,62.15470490755193,-17.913234300123374,-7.570678194277103,-30.31278340426726,-18.50590087936034
9.192090427730331,13.017268920054278,1.3284313285186484,634347.9438465812,-0.22273838048092434,0.30156310223085114,38.052924302358335,-13.713019428134928,-3.8836839225636517,-18.954914425896163,-16.707371185535703
15.057663695014229,16.73850849839297,1.6454903830255996,1048090.0563269497,-0.41964934640396895,0.4253635598072676,45.36380190395978,-19.997307095211497,0.8978080722733419,-26.698169749051814,-19.36634480395917
18.156487053287677,19.959564467584674,1.706689871681832,1486805.400019218,-0.49024609128979413,0.31277945018198716,43.06816312336596,-23.40848651142192,7.852152530936939,-29.071893283683476,-17.018986011163697
19.540839218127964,22.258350540120244,1.8689370903586646,1848524.8855470535,-0.5750813288642707,0.572178062572529,49.16570614288988,-24.942722689247706,5.222883289578558,-29.546467878643217,-23.947737000115303
13.581417210368715,16.857564320368397,1.571405076416137,1062026.3522429608,-0.46709365609983283,0.38666416696053085,41.69292667238848,-18.071807853069153,3.21659185673966,-23.32861960740334,-14.370710511342793
13.146058697302987,16.879743086858095,1.5973407634593875,1065103.1156348526,-0.5013853783779593,0.5623763702679141,48.661094666775185,-20.033233694310095,-0.5606447445251289,-26.164132745750074,-16.225359349767302
13.32196157965504,17.199498611199168,1.7056971866294786,1106802.6356425814,-0.33767046745340445,0.34428329325384865,51.54029170788142,-22.95449227736121,-2.284740110292728,-29.99531598648838,-16.649891879977126
16.54384456596872,18.308820378591,1.6296332776671956,1251803.193659577,-0.44525036101131166,0.23060186087362888,44.621505790688545,-22.576615122735088,5.950240167617432,-26.67883342159873,-15.264541280393553
13.24978994522376,15.978018857307998,1.6421860118234801,955867.2568646087,-0.379718217215693,0.33273070644628744,52.19982106175207,-21.200138435390905,-5.6551106469811625,-24.26669535059472,-16.52144477256595
11.128967565618233,14.12888021512373,1.5983847679997478,749077.2334495862,-0.39750445029292136,0.6872730873718531,52.148779224888415,-11.839039799215204,-1.5626369568057195,-26.72694430998795,-16.943088467281104
14.06871284560227,16.30356770554031,1.6814912500590693,995287.9798504658,-0.4821761126276085,0.6112811506035549,53.07765802719607,-16.558630468890165,0.23531738750477096,-27.690339177264963,-17.592326743225357
12.114394427014275,15.44205591348487,1.634013276133898,893375.8692716758,-0.46134386932676075,0.441619198110065,50.364722728111815,-22.99345855915265,-2.7334343628613538,-24.699258179351517,-13.75326834610497
13.538719334274916,17.565812174738053,1.7622369251214376,1154712.290633909,-0.4922401518158726,0.38362913094338635,52.81453810564532,-23.866929309202433,-2.7049366974568616,-29.471514620403582,-16.16963123519419
12.372137147862391,14.961400854409597,1.5161849607796538,837857.3413998117,-0.3173792005242937,0.1549591954450591,43.9642861738791,-19.17641601811213,-5.135361494861511,-25.122775867706405,-16.124071137990406
15.652419877408109,16.953190771133105,1.5747126024095939,1074043.9212652082,-0.6028321378072214,0.4684438581909016,41.66379094349681,-22.24617460620883,3.4060768855411045,-24.387329599382426,-13.011139343040227
14.177746322846906,17.026603723799262,1.6896347683040531,1084676.170565048,-0.5315319173172969,0.48404126585060503,48.27357012431485,-24.328280408109713,1.5609522827045688,-29.753067056224896,-16.934886558862594
15.163872152758168,17.942541850694823,1.6114670266430506,1202389.704125214,-0.4789349204093018,0.41377807284883295,48.25860456823263,-22.28270864623648,3.8744590567732784,-23.701040702122413,-15.34762151422232
14.497252422462166,18.728679380536423,1.7755615180230724,1311258.96541011,-0.49868946421819915,0.45666485589922967,51.317828639093264,-26.864465351316895,0.5171053030048322,-30.417382937390492,-14.412035025237024
13.169072253112352,17.171999816229647,1.5975248508345417,1101976.9026659005,-0.47559370361824244,0.1781434188149631,41.93243795855942,-26.524790936713856,6.377065766229977,-25.734656047414497,-12.938929244516524
14.855764786991827,17.737043770149086,1.670181392643113,1175938.2032154512,-0.49752273983590245,0.4108206996236836,46.9665712093669,-23.446391485490203,3.725391662856583,-27.623818810608093,-16.854307070732144
18.84295624033393,21.311430574299674,1.8499730354108277,1695406.0487800606,-0.6256285964973425,0.4154659865699273,46.539665552288625,-25.307545615676034,10.31929827891501,-32.040926904589305,-20.25977684246478
12.663963191163353,15.445677392707857,1.6597769072124373,894104.7142023989,-0.4156231151596674,0.4492875536293277,50.01475851830652,-22.678200460123477,-5.192057056798518,-27.915712490881063,-17.659663093720493
13.084326452207828,15.4365057535789,1.6349165423724517,892751.8426388549,-0.45677189418368563,0.5111497292717568,51.9975174315057,-19.03397272876437,-3.2026631507323766,-26.212905769177368,-16.253437940890517
14.893137851460631,18.275485649804086,1.7742450159735854,1249108.5947233026,-0.4923932254891899,0.35095480115035915,54.943530137275204,-27.084548616489215,-2.360569057408371,-31.59752938897327,-18.23094559778461
14.71708175511132,16.998754733741386,1.616240213579818,1080266.4607004141,-0.6081599147799854,0.5196690817163412,44.099483039490494,-23.217248188772672,6.2096676887359585,-26.487634855222446,-17.293356507523995
14.907512658430846,18.447040366074297,1.6974611145425385,1271462.161623461,-0.4755822910419559,0.31011978042803223,45.66198964665842,-28.134059588502375,2.5230163362843854,-29.520332207007257,-16.616135859650974
15.271740457184942,17.088164450217064,1.720172998771694,1092842.951663569,-0.4336138212302756,0.7263565903056572,54.001131194317395,-18.94484809940262,-5.895662294368796,-26.944884419288442,-16.645753480837133
13.856743207021726,18.48415664521717,1.6470411356064973,1275916.0120899682,-0.5292463428693974,0.5475372587094856,44.399702340104895,-25.291540437336508,2.290850254145309,-30.643865240844384,-15.587714559462714
15.870231101914591,20.19148698667822,1.7751365919185518,1522189.0858999728,-0.505971070707,0.45497738005263644,43.54978690336431,-27.281399671002507,3.98323138567772,-30.142754240879285,-20.69437455062072
18.23216709047505,20.243399637006963,1.8151354785480516,1530498.248703858,-0.4935937043406522,0.34976229785083834,48.36461515407135,-23.142766217553724,4.798786079228501,-32.78000565157988,-19.936403945270495
13.256309103077262,15.896533604149461,1.5890246611261458,945607.809905632,-0.31029950180217386,0.22669764034367734,49.999727466879136,-17.340460087709516,0.5958922197017511,-26.343459181357957,-19.469041892936794
13.687623105368596,16.224396275184308,1.6761122493811171,985679.6329707709,-0.3570635822241459,0.26930017661067973,51.60478031777828,-21.12473114212984,-1.6979867863337632,-29.644794248419295,-16.186338853199555
16.916581210048165,18.9405467356397,1.736710294835865,1340322.5535510858,-0.4871877214183789,0.445353886635671,48.098705987385124,-28.243570754497902,1.8815503202700072,-30.76819447844963,-18.524758561855837
13.55303548946508,15.241641576702687,1.5664546595771403,869791.0542575425,-0.4207858552634603,0.23067913629093084,42.07508838869768,-26.018172620022682,2.5644881464704987,-28.52402192164964,-12.521904015032344
13.428950365007749,15.90672001698517,1.6016220346485703,946957.0035845287,-0.3986652224962134,0.43431896043095053,44.695948970629004,-22.739258836218582,-4.8771185002435065,-27.86753515076811,-17.28073862540429
12.982889571289293,16.43538797926005,1.604802924598577,1010343.7575380199,-0.45991147138019844,0.33571070265921676,43.97415955662051,-23.67919960897634,1.7237931949988776,-26.42583669117338,-14.16970630191976
13.234667397894887,14.17589503523136,1.4395532658794548,752219.902092521,-0.2829674714955405,0.24728333885457632,46.482241406384205,-14.014839999374523,-2.4528486704892822,-23.48162147906315,-15.582424394324242
13.619246439683248,15.869993265274319,1.6351692890589236,943035.3722460335,-0.6008639901217917,0.8007097406142067,44.074246374409384,-25.19803658629617,4.719949528234254,-24.556062516531163,-18.33100643779659
10.629519197366582,13.419463194445784,1.495064982070806,675485.2694511265,-0.3258204798821202,0.1685410321783789,45.502677950319836,-15.052223803946696,-2.136440888508915,-23.518865860281615,-18.35202410008351
15.429023792517297,18.997460700971153,1.7457539192959377,1348439.0842263764,-0.4721306070568754,0.3433634000180916,47.90352189758059,-21.59968799893793,5.556629995071955,-29.417054207119094,-19.15258803865077
14.75685252985589,16.70576080618514,1.6154772266585704,1043669.6409522158,-0.5042493457428336,0.6471534182735681,45.82047134597509,-22.186231682124273,1.8912922836199602,-27.437018969954057,-16.050981286301724
16.065506049304364,19.074528250831424,1.6818312005492602,1358498.212382851,-0.45384348584048084,0.311610937473795,47.480372309337625,-23.581297672017953,2.528939726212692,-30.266614813354714,-17.583753111805844
15.374955928706495,19.289732958236808,1.7396230316041583,1389819.9182305085,-0.5128216793146602,0.4666216349443073,47.82365904341965,-26.17519391955189,4.014551350477783,-30.89776183167635,-18.63461985202481
16.338002553781127,18.0623856012593,1.7078032212881795,1219561.3839967758,-0.5985252600825413,0.6783819911813573,46.58194774968936,-27.781042475319218,4.474813775411544,-29.710271774493037,-18.695638326484932
16.13748025784214,18.1074571921073,1.7380768125504302,1225987.8973750505,-0.39548705273003615,0.23602134098856098,52.282099510477394,-27.077527393409532,0.4159333009819713,-29.29572779593228,-17.14790266559652
16.95932486677726,18.771691261740564,1.635421274474981,1315463.9385909715,-0.44697604732315754,0.5464238224699343,38.889399792951906,-17.476326344368296,7.56137755873476,-26.933839494443166,-16.726776130836868
16.46379084805102,19.414153310912276,1.7586925382986598,1407908.7001694515,-0.6513060791611385,0.585070246267942,47.24537663142157,-20.61244101903462,6.944454131826296,-31.662870843124537,-18.971403525569883
11.62473256204885,13.706040272245398,1.5066849787561407,704415.49460545,-0.32591347689231764,0.2281192243696868,44.06045671681538,-20.196237810929503,-3.2517220407026732,-26.3813515724125,-15.166924251660188
14.016659917568413,16.236723494732043,1.609130994577998,986346.9243497627,-0.515063203461285,0.4371883299093908,43.003177153392414,-25.489813159201656,5.916491166568779,-25.51342301943417,-17.244873399670936
9.721729548546257,12.243943173083915,1.4704321555063957,563442.7476294732,-0.31505242321627513,0.2856707270327439,45.39088419587386,-14.77858179666105,-8.538494469449947,-21.423251631840838,-14.412653700068326
13.268277337399878,17.637993773963412,1.6842541429716928,1163131.162319353,-0.5336746503207935,0.488487098409891,47.03369444702136,-23.7105266834816,5.7533792307987195,-28.13455932816657,-16.705369813149538
13.57152130622228,15.499592358262268,1.714521053810061,900970.5838787435,-0.3172151356817384,0.18284493843781213,58.989666798973005,-19.887450382448044,-6.549015144336848,-27.422967496943144,-17.004404894272923
12.279640135725554,15.275828969154034,1.5830051641425211,873849.6516450483,-0.3839101957346285,0.29300387438202335,45.5336838450508,-18.04917954814693,-3.8437217661046583,-28.597259060815922,-14.424492372021147
18.282119076227204,22.196175254393786,1.7878262903976734,1837185.4520369223,-0.622973670001331,0.5696398590456999,46.94768173891591,-22.749418102571873,7.461094725243605,-30.158967290212303,-19.693427155119345
15.76632508735024,18.4441234124718,1.7413366144165296,1271622.4738473285,-0.49806691227509736,0.5245466053212979,51.18997310443944,-26.62713540413418,-2.9717058331955215,-30.314263080992248,-17.597065647489487
14.971481444268342,18.033873773632905,1.6504102323300909,1215034.2139938185,-0.5409613893504052,0.7484765017725703,40.73498582185966,-23.416359113377176,6.83823743567095,-27.923448342882217,-14.806468265107963
15.20321611550509,16.8141875741417,1.5619901890148749,1056505.6369629446,-0.5150516325157903,0.49313823326188766,40.379200872154385,-21.02200842859913,4.107975647976407,-25.294163343959823,-19.96971025590847
14.894002076434367,17.333587421889803,1.5226911918994184,1121769.6723061735,-0.4377941396185357,0.2152433899544901,38.649333390926245,-25.105103804463,2.1723876036245837,-26.824663963093442,-17.441017270222694
14.744717294104726,16.985007831066977,1.5688450766360724,1077976.292644279,-0.5392586803553675,0.3922831593947329,38.04527653527103,-22.108151677439245,2.7012095525351123,-26.613643071402606,-16.090003953376893
10.963954891847742,14.027656449648191,1.540991250961977,737850.0071656464,-0.3995838812837439,0.5233072415394324,44.92004757597584,-19.00190439784553,-2.410453771872815,-24.01224197768778,-17.04591685718838
12.742560172121069,15.452116652457901,1.505747624426926,893035.3602383944,-0.21594668412782417,0.0021461341721775717,44.35899333193254,-17.63792195701963,-4.673089071279355,-24.603483250769905,-13.634257691643562
13.271023837459676,17.22110255567193,1.7291526557723584,1109856.2476284585,-0.39558247382996176,0.1034233952117436,51.48765742366334,-24.775508603597146,-0.6812986206179847,-31.770430136571555,-15.036663163598197
10.130667257932867,13.563975113418802,1.534743064377367,690378.055744822,-0.323713417545579,0.20445249660440146,50.83947338724265,-18.36084533093161,-4.389584949786162,-22.54885244628936,-15.511441492658047
14.657166303171115,17.739207815793367,1.6920114944596483,1176494.5802525128,-0.5088359488931516,0.24156822463746463,44.778004096018876,-27.498621336797694,4.846160661682186,-29.488368981851238,-11.93919639319504
11.055824274700742,13.06972316028766,1.4684186165241842,640868.3614472831,-0.40296969055259535,0.6039550236608897,44.58286079508443,-13.247121973904644,-3.3798377333094716,-22.059455107835916,-14.739995826860351
13.621076422077726,16.365673895325912,1.6528433933190596,1002451.37719132,-0.2140777036987089,0.3381180906599619,49.17714065834498,-16.553445848226126,-3.2715680938125815,-28.869004616058277,-16.13756388766066
15.707735410381915,18.11059915838785,1.69586994719977,1225872.5228721402,-0.5999176630805227,0.6008628665382001,47.615473475748615,-18.517129248276884,7.498609452698847,-26.753995396669016,-20.831732432156826
13.634305060825481,16.228288609903633,1.6010743083062533,985236.5274948066,-0.41901927173990844,0.16742843565523913,45.75960103062705,-25.847872597949745,3.084545136269029,-26.9909689183905,-16.25852440310601
17.61265306952826,21.63059170975609,1.8356671040354173,1745989.2951518795,-0.6227089865527147,0.6006363893926947,49.303323755313556,-24.676987812421743,6.063145567462341,-31.797514556865686,-19.142468741207594
18.74849507501031,21.195758290593222,1.8381738565012395,1677027.6900311108,-0.5686190025285922,0.8310781099604232,49.06719774889167,-25.82250615898922,4.376948820432053,-31.046452185200593,-18.754199921640343
14.24178690423343,17.191450547914467,1.6922118716862238,1105607.3937170384,-0.5067899486272415,0.3947200077703541,47.46267405138151,-25.241867085284706,0.6485786852432879,-28.678825268699722,-15.277234832637504
15.007996352919958,17.19912816021644,1.7955389210640762,1107920.8569552854,-0.5077267813401745,0.3586053030255698,50.88274885120906,-26.61580572007294,-0.2359342281898553,-32.32233720997007,-15.391250252508181
14.853893225930447,16.846448048008202,1.611074662881839,1061105.973460409,-0.4550535076279405,0.31432439571028015,42.67861404189627,-20.025884107445272,1.7471914760728886,-30.905439698587806,-16.02290583821991
16.272421457069544,17.857746505381105,1.640648907074163,1191494.0588163515,-0.46516215147177986,0.2368301911983841,46.316512945686725,-20.8735794007279,6.236958829882543,-29.246887302917493,-17.19445133738375
15.307628461567266,17.239256933897874,1.616423008553351,1110776.795024326,-0.4070244497222443,0.3949265105007105,43.720571343934296,-21.465819931483942,0.6379187477787309,-26.016012420534835,-17.609144297816595
14.520229067537786,16.15470777085783,1.6784290929519892,977348.2758498729,-0.5228600801852225,0.5394154232807149,49.1775976724615,-24.214529605214544,1.4080304673280737,-26.199315312503863,-14.610999347732356
17.318248569395184,19.30217083009693,1.718945416230729,1391333.359623925,-0.4579369333306423,0.45883477818895235,48.19051967902177,-20.768229401277516,5.168425372154042,-26.97054943398046,-18.938345750262307
14.535014510012523,17.807186534253137,1.7242009077539253,1185854.7596383272,-0.4283683191500189,0.11752023652094179,47.849730619625774,-27.321467966644917,3.869952581984883,-32.08228337764778,-20.03108213194153
18.27281262997579,21.165853961991555,1.866405204843455,1672721.7008290202,-0.5944713314234114,0.6368897195014087,51.920910208279174,-25.743486933450647,7.507887426631381,-31.290878669518357,-20.610394777802924
10.657381055752179,11.784788282045133,1.352715905164749,521334.53351490526,-0.19718467755043706,0.04311654181195035,40.91436765095518,-14.599198899172906,-3.503145616070432,-19.180213737222303,-12.826214204093606
16.14385908170487,19.60744789976285,1.7667288071187273,1435959.2388524245,-0.49197523123677783,0.28158946288277065,45.930989145288855,-20.25931523618916,10.653874080884954,-30.69140749866179,-19.600836493122557
12.352256327555226,13.315899279051207,1.4754828079158262,665011.2766829103,-0.308502479682531,0.3611283526639233,46.12194037179954,-16.891673933739682,-2.7020191549488093,-23.047353531685268,-13.260258180190466
12.144851703390286,13.281702354837014,1.4902301867153285,661803.414789218,-0.35498579673474734,0.7466562163559582,46.99746333195574,-17.05585923448958,-3.779183805526189,-23.66784147566065,-10.927930656567934
17.39301371517055,20.248362789697865,1.7156641830353114,1529941.5857292947,-0.5164272179892021,0.06202752105141096,46.58605673644533,-23.30272536884076,5.58059449776485,-30.989192069403074,-16.711854995328423
13.2556756770944,17.38491583140547,1.6544302614548467,1129922.8826235349,-0.4736569192656194,0.3498087745624967,46.07374541649095,-26.28546101223052,-0.34996524794775863,-28.76892103321517,-16.761404491337444
16.68081159155978,19.32367735413657,1.6679896509688381,1393771.7085410985,-0.5368026764643297,0.5160427132388055,43.05179360427219,-19.5994529146324,7.052591134936937,-25.741425480069616,-15.402839733497506
13.862919427097514,16.309652466356983,1.565927310161212,994632.7845415669,-0.4746204769747765,0.2852308667799881,43.01570207440473,-21.64307409455234,6.1845344558342505,-24.418623523252496,-17.952057710735097
16.080615462260266,20.85626299394841,1.8482287157734327,1624270.7234739335,-0.6489574013384439,0.632110117249701,47.798768417694546,-25.288178590930116,5.545642770764998,-27.532378155042235,-20.34651945719866
15.22789030726594,17.591826125355663,1.7491333468188714,1157930.370461338,-0.37255729474118765,0.20426140888040756,56.046916664634935,-21.39075768711447,-3.725761133971152,-31.531423921604365,-19.582676496307272
11.885307590964011,15.882489534753867,1.5880475686545819,943942.7417814502,-0.5420743707979779,0.5010655785578413,43.26886520173949,-24.805831083592565,1.5809908746419814,-23.667149483475917,-14.812311417980723
14.471629931202747,16.226728944812027,1.6080693719126367,985132.1547039166,-0.5287188160805707,0.33025199850952136,42.49294399980789,-24.031496841465923,6.073249257213809,-27.361331084262083,-15.361703094966483
12.729710402768175,15.131056520478948,1.7183906940286346,859195.9393020512,-0.48541189417698866,0.2691331511060575,50.19605450544854,-29.1228161711021,-0.21932137449654976,-32.41173539756857,-16.447892148658035
19.954721083555285,22.426827880102483,1.8971588845029685,1876811.5453111085,-0.6196848664501813,0.6068641334248839,49.90173194120831,-27.47827659350193,6.311818926735647,-32.4914004732145,-18.247719505903145
16.84081912987983,20.155449419642345,1.7303330820810996,1516220.098335423,-0.5902808523094846,0.3969169689959853,44.07215237938719,-23.666320656548884,7.772166254498062,-33.50992584738137,-17.595162463546146
12.876118355367787,15.227962688414511,1.5827122536320457,868436.5342834916,-0.46014043408838057,0.23247310722159087,46.67232991644704,-22.92608091197367,-2.7031457264164134,-24.505275496585757,-16.930530669604803
15.602525611709147,18.354772032289596,1.713660232090786,1259086.03610771,-0.4796083683291265,0.44400104250605077,50.2558277185528,-25.283652315381612,0.35543859448839316,-30.64165584723162,-20.21125759247865
13.125396676930784,13.417374360860448,1.3812699992810256,674064.8829441916,-0.17188192060991866,-0.11348157087979915,44.03335717538722,-11.640474748818685,-1.411983023489579,-24.446819875440937,-13.638653799923393
13.07079079306848,16.21304550394677,1.707452653552426,984708.3757809212,-0.35523629956184494,0.29426202878820895,55.61479346528108,-17.802630578086536,-3.968279449418186,-27.62866470925448,-15.858511836012827
16.08386560858757,19.569520363079146,1.66697439386308,1429184.9688761823,-0.47507289325641855,0.251359207768278,42.46177779853656,-22.624319302343025,6.6755168129690485,-29.911366831741013,-15.594499787342876
11.287833743604144,14.013485412068217,1.5981609008861006,737042.658597965,-0.4104180571088505,0.4024918660624661,45.583997564511705,-21.84026284262562,-0.5076338097050758,-26.5759049483,-18.06134311678256
18.257612715495608,20.984587664698246,1.70328602865434,1642256.4506991785,-0.5120518441790374,0.21723780864618636,42.538633650854926,-22.037576948380465,11.435169336863883,-29.29657259016094,-18.637266507157253
13.552561420203192,16.42089000989706,1.6036944789663168,1008565.7067098102,-0.40479638454446243,0.276904754201325,44.03130351799523,-21.280740353922827,2.0202535798613797,-28.31756727089939,-14.492063029844765
12.668419226786462,16.0446914870825,1.5344708241195655,962509.8184433363,-0.5823106083272372,0.6486255213491705,35.16846820493799,-21.379055396552353,4.618621663755336,-25.07911397426078,-15.07987753010041
17.025101815757292,19.891274161375357,1.6746394459412488,1476320.994661719,-0.4979948159134414,0.39618876782190826,44.6692055261543,-20.877329560393726,9.237917605919954,-27.555606310671635,-16.959376086924646
17.65289126568764,20.127784618036067,1.79756009970921,1512969.8576655393,-0.5138641660298613,0.6511299526954355,50.97354991366487,-21.41331609740029,6.691002559199234,-29.693423326578753,-19.488234743092136
13.724013364119092,17.24614181775185,1.6918821562720499,1112581.3888304112,-0.49608135522112856,0.46036896806776584,46.87201015692324,-23.089699152468537,1.8154718396772003,-28.242694841209918,-16.422751586411373
15.95189823524437,19.030049287515446,1.660450601829337,1351954.0260800472,-0.5091098324395757,0.5783546587391939,44.57426770673837,-18.564333171760666,4.516125354183971,-27.277477899598374,-15.61266477154571
11.456260351343627,14.339623206294814,1.6319126514947138,771706.7902852868,-0.45736577582186455,0.29271023425240594,43.1991099255465,-26.436224199258575,4.098930872140034,-27.813124429757288,-15.076381061910268
12.75481567080933,16.425128810947356,1.7091837403846384,1010376.3432316232,-0.4035673318296768,0.6314002517719968,54.760816213968994,-20.339943067208118,-2.1834332313489773,-25.4605326039025,-17.20086531781277
11.213438549176475,14.397907976624674,1.4791347788701403,776151.5350194249,-0.3441284218255049,0.25158960392297836,45.163869382879774,-14.430595464826908,-2.1602350004058373,-24.332091386195962,-13.064358695153267
15.808864622805102,19.766005317794008,1.7381151149877274,1458717.8184431163,-0.6087993380883286,0.6224346373902567,43.45783752174708,-24.07712694702628,8.422710937853436,-29.041859109118946,-21.487204255736387
12.773283351584775,14.958540424990499,1.5886867502036663,838374.281060668,-0.30514037719709264,0.2501614605991431,49.37901991401314,-19.61895540671229,-4.335368043509968,-27.996593477676456,-16.394377420856824
13.238243551497868,16.907260680268767,1.6129785267509826,1068733.7905389834,-0.4625496706764442,0.20298176085576447,40.209692956162314,-20.378415917896202,7.511564519840691,-28.421608829900812,-15.371837153818241
16.352407523065445,19.738436631967396,1.7394488417012552,1454699.9407189619,-0.4878155840338049,0.5799278451707917,44.56274639686086,-22.45142568787403,5.509978034018177,-32.46118137471546,-19.012143152899235
11.496452391494222,14.662717375814552,1.6227419772388343,806313.8606223546,-0.3819975528071755,0.1362555854657992,48.42261222450401,-20.576106364852542,-4.021751436685909,-29.59417324470003,-18.237872655915503
13.123633722408655,15.297955756136108,1.452992228383941,874893.6490936979,-0.3060589687158083,0.19664708675523856,43.53531428079356,-12.189389627848321,-3.5912511941691143,-21.82662958515053,-14.393645653864565
12.458277879369614,15.634435221281421,1.698536358244041,916322.787612515,-0.4708324081890442,0.222750037382907,48.564895204141756,-24.078015968325474,1.4157103134994948,-30.081226464753733,-16.853866007828827
18.17143063462832,19.834450895431814,1.6656860152779103,1467846.7229928402,-0.49974523738260757,0.47909757984732515,42.054381242190864,-23.28273137980122,1.8754378700325622,-28.173496241392954,-17.501607794268125
12.304441484000305,14.387627419065977,1.573762827105773,776125.4458485337,-0.3603141195914067,0.7448321472608468,48.130276584185296,-16.60819624161701,-3.859505756593083,-26.72274966154397,-15.822929049397633
16.793034987419173,18.517825052477953,1.604536642095057,1280019.6371995716,-0.6411650205704748,0.8054296294802135,42.66498908721941,-20.796245764369992,4.500557933378321,-25.186416475435312,-16.95550610840828
14.98067101860763,17.94580920785869,1.6833281356141867,1203701.3767356449,-0.5560605707563504,0.5210941823729023,44.875618923793596,-24.735309781322442,2.0539324755825676,-26.094143298220104,-17.454998221911175
15.206629247033886,18.07379453183908,1.6189579031054666,1219993.7872106624,-0.45686080329473494,0.5799725352283684,44.19139536991856,-18.340816069128984,5.670431280834304,-25.533759716881057,-18.040579971270194
18.58773599755163,21.77076515609699,1.8741940367186465,1769059.0235398798,-0.6395271329633715,0.951564463616994,50.13066131038294,-25.73377661918781,3.6324295868804417,-31.495276846247904,-20.182808233777493
14.75422965985378,17.147780202327517,1.6066153174903834,1099005.1788824305,-0.5451326821723422,0.6985254405639911,43.334030437958596,-25.43099242064212,2.9179730461894153,-26.63463284910336,-14.901846902242996
15.472444529267076,20.503615619756378,1.830025935150006,1569983.5553443758,-0.6052633238018877,0.606107917650772,47.73224600625595,-21.83904082815024,6.616062075005325,-28.69700208962381,-23.532557438719508
16.047561707326125,20.439833826390544,1.6969059435351226,1558568.6290203151,-0.5376611689955182,0.8882423591218505,40.45386650950954,-19.15066398971672,5.265982631415642,-28.854346901460513,-19.07007163686724
13.960479179310955,16.53438615500235,1.648654055824168,1022965.2670871124,-0.4628646298066097,0.5008676107568486,44.505882648952465,-24.63083039364471,0.20657409937552257,-27.797749580928357,-17.004899796457586
13.401387048782777,17.26118988148929,1.5963226751628763,1113341.0967808892,-0.6252248874201869,0.6405857091337142,41.36095480721646,-24.444957447265892,0.30345177802677764,-24.28805768212795,-16.172087635335323
17.585797678495585,19.958944573851884,1.8421273734122143,1488494.5010280844,-0.5686649882596264,0.6128571610589244,50.04711176568915,-27.27952859637496,6.371264860772911,-32.45166140320252,-20.174823300527763
14.252273787052687,17.22798134505655,1.648425236513378,1109723.9970830954,-0.45410876855995363,0.27141502539858786,45.468763571539476,-25.773941145756787,3.059282827771196,-27.595768234701822,-16.43359941032467
14.028442848788599,15.821401091412492,1.6113272885311685,937043.0656072509,-0.43282874316900927,0.46859905422069215,53.227219509348345,-17.658733064347658,-2.401727257129635,-22.700832508565547,-16.16259616560238
15.016467544352043,18.188977350908694,1.7758533729791783,1237442.4061758772,-0.47507488320311975,0.5306684333229943,50.49742444310412,-30.775754099102883,-1.2277605990558929,-31.089522124013335,-17.827415115950274
17.076141688447763,20.074197468622177,1.7061569532470953,1503801.6114436884,-0.5010081828759492,0.32565834443579655,46.7127428369933,-21.891906749410257,5.917128537668579,-25.59831218459904,-18.04155415339372
12.860726588768808,16.31348527977383,1.5291940791879257,994674.8162518429,-0.4981466917722479,0.3491652527824938,38.1747546841911,-21.975040624761434,5.866963835640794,-21.044718360477283,-14.733986800509026
13.093251938715454,15.818446005373273,1.55291428934087,936011.848099385,-0.4730199371930364,0.34366574656458626,41.08962153958393,-20.18588142504352,3.2067462210145523,-27.78029498521099,-13.110327564793433
12.983755877471653,15.323173440552896,1.6236687654796438,879700.1745550078,-0.47256689910461985,0.2417943694366751,51.15556970335951,-18.698052973485034,-0.901327716354412,-27.725730400373635,-15.564703680678434
13.12045913711162,16.58359827323286,1.7020479124275745,1029666.5489953529,-0.36323430665319983,0.39645083953268,53.54748937736518,-22.019978146282398,-3.441754844784634,-27.54811529993642,-19.429041294995027
15.549956764839713,18.421284976706797,1.724769194876594,1268290.2980288074,-0.5449890432864651,0.4698563661559745,48.12746396848481,-27.021348805704257,3.645345574552553,-28.54265418554636,-16.793333519170815
14.053470162275868,17.63837162722647,1.694770555571821,1163312.2053203506,-0.47354144363864187,0.5522178051798847,50.402676734471214,-23.1232892921291,-3.342044814403904,-28.385118890709563,-14.175791674112606
9.441640252591494,11.785420221662546,1.3679000298909254,521542.7734853726,-0.18989909241641356,0.22775965633574868,44.03331909979354,-13.694386473608914,-5.807835101064166,-17.697744398925387,-13.74067082868483
18.980022886261242,22.088207867017893,1.8314200165829315,1820055.4115290765,-0.5718471372681763,0.5566368374919062,46.585991485723184,-25.24067729339272,8.711206828578776,-31.691553613474824,-21.054641356963266
16.360866608241622,18.729803125593502,1.6708175396827658,1310077.4643671657,-0.3585474344550227,0.29645823856471587,45.19012082055795,-18.90874238998284,4.8620603830899904,-30.346394813879677,-19.50908755105208
12.951515003138105,14.797364749543991,1.5161501480268726,819770.9483429254,-0.4984752229697882,0.4284886984278806,44.65521512175832,-19.30282719175623,1.5941712866979125,-25.070461662965066,-14.612035117448215
16.490371989789274,17.92574488303577,1.6974616446692148,1201211.779421417,-0.5784302470655335,0.6555693591033185,44.98083746827402,-20.6848822134751,8.348145336664528,-29.519559191020214,-18.439135886208643
14.671778413802734,17.817362919485365,1.636906382627595,1186110.8598870654,-0.5304031801731328,0.5140349052839848,43.59031446969679,-21.840479519827582,3.218931722960078,-26.568363398295325,-17.631699121391392
13.714375028628194,16.941099920501237,1.7626405532835259,1074849.281316183,-0.4852227007650895,0.2975757776828454,52.77888724184746,-23.76494005579931,0.9951932134187986,-31.753019188014598,-18.197080068089228
13.128282205050777,16.522944209045953,1.7692505124048485,1023091.0406938472,-0.3446800923024156,0.24141060240206036,57.452020092481206,-22.648245573076125,-0.7932248529197115,-32.204225841571386,-16.875065211873675
13.213835949362098,17.104731886743263,1.6805814419683436,1094442.946566205,-0.4016834607882468,0.15571734991810748,46.967537158968426,-26.383323962495624,-0.5206403459322887,-30.886658820655683,-15.567014125836728
14.48787981374124,16.522010649890493,1.5961598594147872,1020818.5029950967,-0.49615305408233334,0.20606680089353757,42.777773003889365,-26.007164477001453,5.6772045808971185,-25.802408267098347,-13.09052386422308
14.51102790040934,15.597321931165906,1.598028759755956,910800.6959000207,-0.4495921922027095,0.26835010830126205,48.21193823403132,-23.475325658838962,-2.7558383774631894,-24.35989978515224,-17.759482059260776
14.233726588839778,16.787933807634538,1.6989107014568172,1054891.3757693649,-0.3862523768943816,0.4532203733140472,48.75585632024335,-22.513467052966107,-2.8848934764591565,-31.21144529964647,-20.283234785775527
10.532292441774048,14.615714714760191,1.522177902186202,800043.4068108436,-0.4592317830323396,0.29073130749581333,40.72887306034829,-20.963184748848796,2.826201095180905,-27.687397277323065,-12.5407988488295
17.71748147244053,21.092277551482137,1.8474299724102778,1660941.0141524123,-0.5276083479329757,0.6238333040836292,53.06130701759157,-23.402237598366177,6.518599127161446,-33.41256593656658,-19.027647767532095
14.54978328103042,16.0539652530162,1.6458104842023993,964924.6146938348,-0.2759136856979001,0.36837965708510056,52.811525765436244,-19.9683923316619,-7.254333372598921,-30.193500723095376,-13.976786062509019
14.823849091844693,16.500745937499556,1.7177972892017521,1019710.2700966824,-0.3743615626366953,0.36066731786031125,54.10089242455446,-26.523438858764628,-4.717379672324371,-31.49230670910263,-18.131981409764684
14.112929519412758,16.67811724279334,1.64209751298195,1040571.7727190905,-0.4288020170549929,0.4328953042432393,44.11460517546314,-27.503197333866428,0.9794736707530434,-28.057282173800466,-15.015285313367652
13.164746977004178,15.856596024123341,1.707426415408623,942355.4217264148,-0.3536563604784864,0.3877326971296853,55.958636728837675,-20.646238317946292,-6.36707214450554,-29.492220657073112,-15.454731331545432
11.380836640678249,14.468257837568345,1.5349612704884186,784298.8194929332,-0.3123853138686081,0.41473929040811663,47.70945232634665,-17.140496827409883,-5.403171333775736,-23.86621721329189,-18.951078732958372
16.384308936455906,19.073747507203727,1.726201496904154,1358948.1157108382,-0.5431439003124259,0.3631341861455102,42.48872594413328,-22.650400608914943,7.843306766456274,-30.914481550281472,-18.221175274562963
14.23092794592765,17.441859933145352,1.6276541278807717,1136944.9614630705,-0.49557510010892086,0.38334076661126915,43.21816793370732,-22.083534172145605,3.0300780307806523,-29.85556155059776,-15.620061104046457
12.825696851822647,16.140748128664402,1.6094432078896161,974837.5833798621,-0.4684984591071332,0.3188250271608628,42.406329673334824,-24.981811208266876,2.3984562834684406,-29.404419399410802,-14.760352748115384
14.223211017786964,17.874899610464603,1.691662424092376,1194394.7728019194,-0.614271615307681,0.8824881536397253,47.2430729209665,-20.3055186474647,2.460034971331085,-30.67613565830013,-16.722621535037852
15.806748711807925,18.092043374069913,1.5937826985798766,1222139.3648199202,-0.5804010337855741,0.6518194349170328,40.96374389479902,-20.491364961498675,4.531487330080749,-24.853515828874272,-18.57766327338944
9.854329727768095,13.750320538519556,1.4744300915619755,708563.6846206987,-0.21158351136490391,0.1360702448502118,43.98182522718305,-17.29901679135571,-4.921760468453617,-25.936297424197928,-13.56380742716736
14.536726726360767,17.909866313207257,1.6099260865608809,1198030.9173030434,-0.44019560420024945,0.40651706068033766,40.84187522645215,-17.987549314744882,5.495982582199553,-30.82723276748117,-18.655061052196658
13.007910599781479,15.435377315241807,1.4906246030108163,890951.8520854901,-0.42409908367676724,0.36117381504549595,42.9312493498517,-18.27715710147673,2.0521471388001995,-23.185356224942716,-12.813876046111144
13.80945817445667,16.2138914714513,1.6313478555341585,983868.57601527,-0.5155598488611198,0.7619910205861058,45.71495142238858,-23.233873658164406,1.8650339119756842,-25.22293867492496,-15.045021318763663
13.620346186427708,16.951072536191887,1.6869270180681748,1075133.8796131085,-0.5889153123002855,0.7290433024906804,48.88425663061135,-24.237201505442485,-0.9041489324419346,-29.514785711388328,-15.769410128994535
14.180098712601062,17.1899564403554,1.7197658189153173,1105765.3894894007,-0.4019207154994943,0.3484385948343922,51.27341788083707,-22.958559792750187,-2.649096896171848,-30.573587360498077,-17.025635669958085
15.266012423795887,18.71859154456658,1.6074008873585446,1307751.6530276262,-0.570312627814058,0.4888661334661091,42.18302050923232,-24.45287635388366,6.329740370977304,-24.991746831299437,-15.223419334727826
16.68078307619529,20.829772832538808,1.7698862985280126,1619129.214598913,-0.5927346782786489,0.5789453648685434,44.873091267830645,-20.441326562892815,8.821648988955364,-30.942724318092548,-20.879733429162506
12.944691365937961,16.469993194426465,1.730168030623463,1016111.652569182,-0.4775849611892903,0.20260374545651416,52.92321586223181,-27.71367738839868,2.874438934830473,-26.878238485932506,-17.654967389731212
12.509016188555567,15.89515888303548,1.6750088353684205,946485.7115599422,-0.5230151387037116,0.2712951953346088,48.65346100783006,-30.084762369438295,-0.2538447741226018,-27.66741972548228,-11.65505510417827
16.501670577281683,18.511736048960373,1.6425789475166366,1279641.9296229803,-0.5048526720562665,0.4525160180793102,42.15511186236316,-22.037131335423283,6.943564581747728,-25.960282362652688,-15.40176413559261
13.105952834400071,15.54340370788879,1.5479364371510285,903995.9398777212,-0.4266571211541403,0.42616396390555966,46.9070293137605,-21.700623146043856,-4.265872344363011,-24.563948945408434,-13.21119357488131
17.886757318595485,19.09600813450493,1.622380458127598,1360808.1348138931,-0.6179725114945307,0.42725385427475837,38.617255457350524,-24.371331886704667,5.959574875517477,-27.10155145466127,-20.216277046056256
11.82892032036081,15.056892062286934,1.6078291752538554,849538.3945251405,-0.35926108354111086,0.26282464402984695,49.95726622771993,-25.06887386264799,-3.801277362379063,-29.12857685243202,-14.35088967918365
12.23097377978133,16.090092438443158,1.5610743265426148,968220.342742007,-0.4610320445632029,0.45366855615558777,40.1079817559111,-19.341045711444707,3.5549616951509204,-25.746896610655686,-14.65896291884058
17.809334169002927,20.661080093707444,1.81267800956502,1593765.1493193568,-0.5665884264312955,0.5092591067162626,47.69865703522316,-25.509168630378653,5.024421314915196,-30.83171569423352,-20.757896870162043
14.363983725481324,16.19686011803305,1.6468333079231838,982011.5009088307,-0.41633184647051613,0.15691311127655494,50.68202328716727,-22.354909837315773,-3.3057986334122162,-30.064795182212542,-14.76836765517249
17.514747985334836,19.057741996306337,1.651983364367773,1355757.9753206964,-0.6084690103068298,0.9537707892695257,40.27742882549284,-21.577248332119808,7.261379143833459,-27.266034386178195,-18.640259511019902
15.00095905838355,18.621183602847978,1.7448628963792645,1295983.1587295919,-0.49147515540528763,0.3908339232539002,48.82463992709998,-24.97837304244335,1.2822471726776816,-29.04145243081657,-20.73830838780809
13.966741888541758,18.50447108577183,1.7997827195260632,1280650.544946188,-0.4795565824442888,0.3044116511532464,48.94647998503616,-30.869100668623677,2.265336797313654,-31.220852734523923,-15.177710733420053
11.700543722558608,16.213900773633558,1.697935633520754,984691.0535559775,-0.5538864854278738,0.4630857677133329,45.98596649610788,-30.230978297351637,2.1201500499433346,-30.12047159880852,-18.390299464233745
14.215176712290994,16.571225925260244,1.6358704831236108,1027328.3313477354,-0.5730770500793982,0.5986417572077891,45.88782912212625,-22.35703463010561,5.252592300797989,-28.051441999199344,-18.814314036636837
11.755397798888204,15.154736572289398,1.6167596101542425,860597.2229473565,-0.5292373338195081,0.4389825303177095,45.82619235129383,-21.1681070604665,2.368348011290691,-26.242949109102646,-14.415298517598679
15.341394089272702,17.56272788351677,1.5588380178207237,1151808.127635546,-0.5197944467549493,0.36702587103676265,40.7688084353985,-17.148587021748142,3.4902168286259476,-25.5231459484166,-15.6050613719969
16.58836902582667,18.823381927092505,1.6397574533819488,1322716.5357711187,-0.5732649981660172,0.6810607644843447,40.97117621347516,-21.068167346089297,4.952551308214195,-28.29806347065889,-15.820290445640143
18.575214343016665,20.489439232377695,1.7530295362704957,1566808.3118287015,-0.5100933817599602,0.5550318325987194,47.399762766668026,-27.894300036754768,5.958190267684532,-30.49948085231739,-16.085183371671505
19.7430888293944,21.708490273973304,1.8648364365475916,1758897.4909925465,-0.5853653103076938,0.6183133343144815,52.09122414454721,-26.923366721802374,6.370441332517062,-30.65408084000811,-19.038096726921317
18.137137214809727,20.157729716124898,1.8382359852828971,1517987.327624184,-0.5839768342288665,0.4514581221804157,47.21028564032538,-24.359104628036363,5.213882550701122,-31.96759591360658,-16.107091971677
17.986843140543744,21.072293228180836,1.779944352370231,1656912.1007492514,-0.41596894403869566,0.2726276206132874,50.709995938743106,-18.277972037713436,4.355332012941014,-31.228949787611064,-19.672177684737655
16.296031219293827,19.074323147242445,1.7566606217989826,1359422.520543078,-0.5613022096763345,0.3656140262086476,48.31438035038917,-21.936720341404374,7.67341327352513,-30.431437556622928,-12.542154188232004
14.432399632806467,17.217654440622688,1.6596952308420194,1108544.1980385836,-0.5034518111936015,0.5896984171466761,44.416606917277605,-22.215204223424884,3.6985030283121745,-27.193633614472688,-18.626365527285916
17.064416610270253,18.478644858450796,1.6571325761406914,1275284.7274856283,-0.5467045311789058,0.5702029980447563,47.32559133493996,-21.74189634063511,3.60430792495995,-28.858028171576535,-15.251121586809854
11.498084359311385,15.385132323842978,1.6465990181203536,887027.332234685,-0.3587534256733036,0.20954863781211008,47.13783054510749,-17.455886544169616,-4.771477653178524,-29.99808835662769,-17.003751466555975
10.69293386971066,13.613328299614977,1.537975747480291,695384.3245178263,-0.37799610980917747,0.32697859922083294,45.89442411162521,-23.279489834930786,-3.604706774200778,-24.390025636077315,-14.294667211734692
15.712558886183087,17.228764419439628,1.6101823801122348,1109362.2547093483,-0.44517472924643153,0.6433074108711074,39.574526886744344,-23.019366741621653,3.4602064410573723,-29.413078856903976,-15.186442110724858
14.385495574359185,17.063994492099205,1.6083174555443276,1088405.2273028633,-0.5939905411201198,0.6820075734641469,42.07973004527885,-24.628092318326473,6.409036961180081,-24.235083094404843,-14.599692761339453
14.61431663939907,17.36937446788917,1.7455563739212325,1129069.615585401,-0.5153176916109065,0.5726150536213304,48.22688458884899,-24.476882570772887,0.6633967204181535,-31.599231203085292,-13.894042729890323
15.385805170546586,19.76659634381599,1.743215436370312,1458870.170640135,-0.5694029910011427,0.7088233446059453,44.1566981830825,-22.14189216972116,6.224884025474064,-27.673512144212772,-19.889239150971594
14.531639380538902,18.71560845244144,1.7130407956958558,1308637.5240399828,-0.4789108650235971,0.43820999757995516,49.21288194290828,-18.33769196508607,5.230494075710174,-30.106362272896376,-16.158873241056817
14.697390953688858,17.352115001560676,1.6854185034463376,1126084.8457216376,-0.5785180825878063,0.8349361123002939,45.079170999817734,-21.717692039046945,4.166035603965532,-28.88156306143037,-16.23400468757527
12.190440392574128,15.87739860421702,1.6512378059408206,944102.0709607999,-0.3428312248480522,0.3487770489035298,52.863025524950956,-20.811424311462392,-2.8177211828707946,-27.51930594670973,-17.676183166790093
13.7185987403959,16.87974142588647,1.6869878339690316,1066193.7726527485,-0.49640923367718814,0.35900174247895933,47.125588402199185,-28.974469655468184,1.2810827409121148,-28.71877371690146,-16.708085098918552
15.34355397302903,18.61576103079078,1.5894295131589986,1293314.8904760587,-0.5576739065840047,0.5326716450510465,41.14823399671162,-20.780477095102853,5.953925678545785,-27.327054962724176,-18.021457009732245
12.875298299404676,17.320122753250764,1.721215731445472,1122426.9185717553,-0.4984686050773176,0.6421960335565191,49.60500334447471,-26.650765587366358,1.622290041617466,-28.62466369358799,-20.23005520720394
15.145729606460417,19.051728701537385,1.6896858601880087,1355375.7148695956,-0.5652223303892258,0.4951810273079018,45.0473210858658,-22.974107254406697,5.102333730971967,-28.295563751448434,-17.275793203834212
17.956327407856797,20.3796030016384,1.7075953013706342,1549594.3913064012,-0.5630366676210121,0.43135272563748606,44.75557965999715,-22.63070047639748,8.137482970791849,-29.058557329855596,-14.630936207519412
15.68846247086008,17.609447992799193,1.6237439077495683,1158661.6967039425,-0.5811909276318898,0.617745373483376,45.18011808813149,-24.21013771801127,3.7202539515704744,-27.318216595184694,-19.475422095050774
14.513205022048249,17.86369736885331,1.6599613007053649,1192517.8100375487,-0.5130728573610474,0.3692869408569024,47.29217412280723,-25.40155725894912,2.415516783442514,-26.400758778914575,-19.04983734133623
16.5907096561698,19.160428055659313,1.7063605215143027,1370974.7455178,-0.5063144017743912,0.3516348526110349,49.187692619635605,-21.25539101252891,4.490613898778617,-28.98622559657615,-16.77148523457852
13.919930886474848,17.115006452212526,1.7307867263604388,1096380.148983018,-0.446303414000366,0.43448313626654755,47.76591896130856,-23.98083049279105,3.466941478165327,-29.061924534518283,-17.862837609249507
14.07337088524499,15.986626953573365,1.6445825214730085,956915.8886489291,-0.4028856425317537,0.4553845702747541,50.82625218010157,-19.91522588856386,-0.1703325601212239,-26.96174201268103,-16.001653007178206
11.832287484039506,13.463707117006383,1.5850298117431982,680918.7153397624,-0.2995043479118918,0.18400652691446107,51.65273323388503,-16.704737877291333,-5.2307526297103495,-26.140370587972182,-18.10788834311664
14.018829413344617,14.934042939411116,1.5777042331964437,835532.2938512159,-0.32529751177010263,0.43116321639068556,45.159837141010115,-18.808215574538448,0.3459864086568446,-29.32110060461689,-16.543544784058348
12.1084447686943,14.385574498176853,1.468889935360921,774724.3597101872,-0.32706934070908944,0.33295653332243447,45.27379446056804,-14.603156261291069,-6.3489150450532135,-24.071308403934005,-13.206770988463306
15.518173653258327,18.278503574768695,1.6569637716717072,1248026.3670411855,-0.46625692320534895,0.1455769260518438,45.89168034257078,-24.78692762423292,5.4380989499151395,-28.07666758793004,-17.262600898899485
14.150464683517649,16.42332213310041,1.6930396278188873,1009952.9638204629,-0.42824913181888025,0.5724812531591343,52.00221358060556,-19.28818423995629,-1.77901749292629,-28.942238886097243,-20.330213851874305
14.752008205182001,17.79823499127015,1.8621990142245937,1186507.5544701582,-0.3685706802459493,0.4852943653004598,61.24204338891189,-19.826771570940107,-1.9536388869759702,-31.096580623908125,-17.943899244504344
14.525823681498988,16.83826451698763,1.7253819101914778,1061497.6707896246,-0.4204981561428981,0.41435276270000365,51.53508880091259,-22.312454120131633,-3.050310965023333,-30.467614180380544,-18.99017180965348
9.476543657900555,12.07059751363808,1.401719852907432,547095.6493788499,-0.2622419406397111,0.2954234836388161,42.558720567325054,-17.104720360786104,-6.076472952001313,-21.720172416184678,-12.291314182266923
15.546116811378004,19.972829824237294,1.747591092939356,1489291.4615485156,-0.5560324550077531,0.5034098625941104,46.746069199067556,-20.854784677564247,5.67653853277887,-28.523875587517217,-16.80556856349645
14.790693207974417,17.307345697413766,1.6718882077750339,1120167.5706219561,-0.35623827770518807,0.3269765124383359,46.075730004324654,-24.10694367276436,1.8494316560152217,-28.60761654194594,-15.628637153436994
10.191125082991961,12.875366028624567,1.4878337786988367,622398.1324777787,-0.3954488032886758,0.2391686990822075,43.985914472766034,-19.365344120780208,0.6623410719362621,-22.669571020746698,-14.424508342212116
19.11102705444793,22.205019174422606,1.9178014432484178,1840424.8081697058,-0.6269007032901603,0.6258543258869342,48.76843183876561,-26.931697956245692,8.961384077562975,-33.186336624563694,-22.239398603722506
14.82150127737149,17.458359550885994,1.5645228128093405,1138331.7946565077,-0.4932794673075133,0.384905217552737,41.87503474185894,-20.4350735054933,4.078618817886962,-27.444346743090335,-15.15808391727115
11.644185180171723,14.827503908737711,1.4813888736473568,822692.9720126067,-0.4099763528872378,0.4524748154217062,44.368449491069384,-18.88904615882771,-0.41329093707799464,-25.275021508156055,-14.81482161307213
15.868484086783612,18.52356564677539,1.621976526637476,1281015.9473170498,-0.6053322922277262,0.7643636494141237,41.97718593752253,-22.45101043207046,6.7621949964930295,-26.885360699552443,-15.842834751867375
14.342964726700991,16.880697789003523,1.63293432589182,1065648.5218802553,-0.3801440291128339,0.4992407774453427,48.87704661318236,-23.706018966751905,-1.0795938225944512,-27.505387484773266,-15.415086786077055
14.920824094308268,17.69626408665469,1.6946041601992832,1170889.0970016625,-0.4124393847929026,0.3447420039765605,48.35246356288965,-24.86355306938288,-0.3736277855366151,-28.174382085116946,-16.47633993858222
13.24595334909019,14.76168119763592,1.5197439245711029,815903.4417614464,-0.3618320419398572,0.11329163088437877,41.609601352929566,-19.46799471335604,2.6522694662483266,-24.659011138296727,-16.9626990821393
11.526089622358453,13.68868193871966,1.4928061409543547,702499.4309744027,-0.25070422403270654,0.3398073406467601,44.10278236513942,-16.04542338465911,-4.2733175951281,-24.14687770310718,-13.96123268251447
15.623629259179369,17.788403427357466,1.7057680835135223,1183143.3673281237,-0.4414642048022088,0.3728306575406446,47.9707487186438,-22.121105629444603,1.9168435176576963,-30.0583807543334,-14.988053587521302
8.928727921119497,11.702714042088676,1.444612374694958,515144.7593011989,-0.32327925233651983,0.16592899450850362,43.98369233080594,-15.49602464843949,-3.8230776424152384,-20.434659411419368,-14.319193288941722
13.498085926019069,16.419837947012166,1.611060049621249,1008525.4259150653,-0.4473821033304884,0.35297483923003403,47.80365824634316,-22.49165293495866,2.9790247286119245,-26.859653462035986,-14.999779373214974
12.411560809193638,16.213245354528972,1.734726062958165,985080.2109239463,-0.3922216627976309,0.47032230598861746,55.38665246272037,-21.88071865928588,-2.807292069022399,-27.61697141090424,-16.795719528206547
14.659744156201707,17.30191172213006,1.7580026881856758,1120565.1075740443,-0.42408477094896946,0.39295935199273035,52.52088740133419,-24.889959755233882,-4.748340342928643,-30.83447251108474,-19.7084755964667
14.291149744921224,17.243613602768512,1.6158470553029705,1111326.5014734822,-0.4706112419514188,0.3082882487066385,41.64685605717361,-23.247211384547654,0.9783292933479069,-28.48546093211721,-14.777937343449988
18.067081486124,19.922430712368513,1.7632351766038177,1482045.3631942938,-0.6230264288292746,0.6555792034086569,43.9542363655641,-24.284957844844953,7.686345565356692,-29.781040355339744,-19.525498375026007
15.450201756985502,19.490682372617613,1.6704495221847813,1417818.6590435891,-0.5338563065627561,0.5553096856973214,39.04817739592926,-22.411778599755667,9.43020411493973,-30.80883392643652,-16.92403662152355
11.425633470536576,14.658303665966967,1.6658584538073928,806359.7225355014,-0.3296843666016335,0.5220861876551997,53.03715977801585,-19.69003055228351,-9.954843360995433,-28.9967304295392,-18.094020845693635
14.694725987905807,18.171012753077274,1.6650075150810757,1233609.2214142508,-0.6575826350570001,0.9294183268503087,41.54644261251832,-22.245558468053805,5.02096469619719,-27.3607612876074,-18.688869198058168
15.121502220557742,17.44266576162726,1.6414293687531047,1137215.957600684,-0.4485867334565196,0.14703137236257646,42.96792782458042,-23.237874296095818,5.185829792565213,-26.604433325615368,-16.568919716834408
10.976498775663647,12.237504848287264,1.442076698473256,562552.7879802758,-0.2946485731105954,0.2509413720057756,45.499058316672,-15.01510389461778,-4.92658165124408,-22.134099595508154,-10.893825864134431
16.525880768812243,20.610978918816894,1.7313573381708198,1585036.2360812258,-0.5209282717728348,0.6050870766588892,44.10742372904507,-18.94237786833547,8.144354554481897,-29.330917034673035,-18.724077190771
14.577500755846046,17.58028563500897,1.6614563843757413,1155318.5916066652,-0.6244333327705526,0.6694895202330264,43.82963737592266,-20.804502914214332,4.281212712149638,-27.76749438142476,-17.42420389408964
14.724915736429772,17.67117122639171,1.6803147278779766,1167422.3441100442,-0.5906472108869644,0.517283280125064,45.49814936803929,-23.57840900370124,4.678463177183309,-26.51153143493903,-17.813567054087514
16.45784614869666,20.42966172210941,1.7837389168174924,1558148.1336448258,-0.5804825690440059,0.5864533803668959,45.25179664859667,-26.7751952798886,5.183984267105107,-31.01209158178307,-21.24670456747093
12.784688564206709,14.574346858065255,1.595880089219167,796420.944611934,-0.4545902474139104,0.3823913371474168,45.74882441278264,-21.368448572044535,-4.1086831521881715,-26.705587718946436,-18.902551752845532
12.982026231003434,15.431031676573154,1.535135417963274,890953.8705098651,-0.4358219123088566,0.4495563237741349,43.449820702621366,-16.710605662557413,3.8699461313343972,-24.056868345746945,-16.041791544696665
17.645581743149663,20.59326081461875,1.821038173327869,1583511.705583267,-0.5052829691756641,0.49207385279614346,48.585477342662514,-27.12967870749187,7.494600427430413,-32.030982093973385,-22.79071050384202
13.566775480870366,16.77372806290805,1.5555845653537803,1051396.7359152588,-0.48345232348499706,0.4249843221463543,41.40874688707417,-20.153310805982848,4.662336150664762,-24.730868672337678,-16.818056159051896
14.264000386121864,17.42651263776632,1.661303946143827,1135372.328375677,-0.557111116353005,0.47882446799719336,43.52440492532136,-29.127256921830842,-0.18834993367125233,-29.74926993066486,-17.953827279039906
13.640460471244259,16.96525613834702,1.5571560441469607,1075356.4311604432,-0.3963345678627045,0.23940014546453314,43.85333633025786,-21.626281593104405,1.6533192311887137,-26.71199829848721,-13.15190391655656
18.823621713918516,22.01792052336198,1.8240177715175383,1808469.279839437,-0.6225507749856369,0.7100861759844794,45.5254767610823,-24.79689288044935,8.349755467912807,-32.404729765442156,-19.698039504410538
11.520273045242595,13.973283342474211,1.6336511870469212,733299.0225268761,-0.33566422367665744,0.30018521650007113,50.54748730712102,-17.159655173245113,-5.2551483071003045,-26.910783569188624,-18.883437800075335
13.315147771663923,16.61877281488993,1.5746618751206574,1032447.0444568368,-0.5865929078422935,0.7312572536212198,41.00756776837546,-23.383850945968444,6.699009195145184,-27.74153047734805,-14.92017627574132
12.945865838902268,15.975268684206787,1.5202751992027013,954113.2532225322,-0.5307222166015857,0.500790374541658,38.30705302670847,-24.718530344444083,3.065651625755005,-26.74686007312043,-13.448848824049055
10.72811455895278,13.210436254853585,1.5349258914836836,655309.3652004981,-0.320101789990799,0.07803817608563568,45.99521783488777,-15.673960391552757,-3.9155899044873905,-25.78908927770964,-15.5672233378523
14.593877772998928,16.80821930704103,1.7005763571867711,1057437.3669958762,-0.39838863502407434,0.1959392479326656,48.49140014705566,-20.351980412565094,1.5458663666038541,-27.832976208015836,-17.10389039072755
12.875336560675976,16.603518251788273,1.571742344790659,1030535.3476044142,-0.4595537804933814,0.3464737315401547,41.55562224843398,-20.827854821744133,3.504080020669748,-27.859171236245096,-17.562343935345794
13.937099064113116,15.87086715206371,1.5099972955541228,941679.5317467868,-0.5120037111794868,0.7437253830167183,39.473825910119075,-24.53498953083082,-0.4458643470432866,-26.000646410095047,-12.005173404862092
17.372864507984087,21.316290140011013,1.8990629600355455,1696855.4155267426,-0.5934662203123968,0.6687855021081743,51.63279441981696,-28.066878947969357,7.749218480887697,-29.434332658704804,-21.672943581743244
12.247333550493536,14.587229021672405,1.5672547643871555,797477.3083908351,-0.35599618855081255,0.31725585596193895,49.77358163544659,-14.972222326271812,-2.9738775682305363,-24.602314165898544,-17.92942433957296
16.446889160883963,17.523074736919746,1.5852136342973877,1146960.7421100484,-0.5721422686953632,0.6551531745963324,41.90967420917754,-20.614956347293774,5.625016068093389,-24.011295148625102,-17.294406843817367
11.824615446147776,15.528572967559084,1.641321474409527,903392.0565602647,-0.26380979023173873,0.2688764827881549,55.38022072330968,-17.31661695308231,-4.862662893009761,-27.84276385090299,-14.270909485448167
12.26978819580173,14.634725316773789,1.6069462760854591,803086.3946042431,-0.33816600727203167,0.2088049072591156,50.27265509489486,-18.721379946578864,-7.500642371669585,-28.798815978649614,-10.861737872472096
15.2809378600395,17.10058663260301,1.6285220984614421,1093279.3561330722,-0.5204969186793665,0.5322230801221659,41.10228868931691,-19.629690227615008,2.9002899168058667,-26.576865962815013,-15.273193383855293
15.931288837737709,19.13901927825617,1.7408334718514615,1368377.135208216,-0.6073703999479617,0.4660873130147696,47.4736435808979,-24.059197881073157,6.626341984819197,-28.540694172778068,-20.452866523582443
13.565820048220075,16.059856750416895,1.5956570820707479,965023.2709614898,-0.44219213287782627,0.38009120215250336,50.22380350631667,-17.687102581407004,0.09093833924705103,-23.21508036346942,-15.560636767577641
15.399236935480932,19.314633615238492,1.797265008241298,1394136.7890087767,-0.49487501335954587,0.38630057458981026,49.93279462635727,-21.628493992379706,4.460832171396893,-30.668341847343555,-20.259098660412832
14.923345769439086,16.526195190377397,1.5269905631494003,1020530.4964447333,-0.44020263581918717,0.26877928743006896,40.24955332082188,-23.016477560786548,0.4433457900267107,-26.3854337594773,-14.23367971455951
17.312424381702286,19.262519458734804,1.6108983951671743,1384334.9015371385,-0.6289387071424216,0.7382751607598044,38.698050372903225,-20.5672784924721,6.512350074571427,-26.178311883522916,-16.154672719417945
17.49478822648003,20.369768273132966,1.74523529379937,1548591.0977365319,-0.6294786186019011,0.851769779737023,51.16085475296413,-21.828557561527354,7.60836979700205,-25.91398761681994,-20.011903858900865
15.771765027904737,18.146974714897656,1.6321259287289287,1229973.0301280995,-0.6374575974395172,0.6314235518621651,44.541862542725745,-25.89623019893408,4.757778489932803,-25.979901947062103,-16.58898552214673
15.473368367892643,18.091213003419153,1.620281663731824,1222343.598741183,-0.49089940339810717,0.5108758425073847,41.82951886986447,-19.880341245592284,4.838190380334476,-27.276373332793998,-15.627114445269083
17.321557945767932,19.67381575813634,1.7079037299572941,1444860.9378609937,-0.6540142779178103,0.9510962742100064,44.92279759840771,-20.76913893585767,5.136897547101087,-30.61685063568762,-17.982742535953204
12.027846000562214,16.254376176080335,1.673101946604819,989249.8755648512,-0.5278345644902471,0.503814161284506,45.797227565094346,-27.339033216525177,1.0551731867320533,-28.441506808216317,-15.904186992813344
15.25366816245462,16.79765115995496,1.7418882854124058,1056648.4356709067,-0.5369331858381017,0.42158705931361373,51.00838926661254,-23.044422731139605,-0.8269477347961911,-30.27112450838213,-15.739239609584065
15.51561577536849,18.07711185517505,1.7143999185921666,1221616.8240904298,-0.5368021216893112,0.666946487143175,45.78678187130458,-25.349294461208164,1.4228129571114696,-27.232514121639028,-17.101323730547755
15.70134602827029,18.02448936933984,1.5497481562031281,1212586.9842623349,-0.5040231402779319,0.6236321940879628,39.97419638752162,-17.275139216847727,6.121874776804599,-26.64530394647069,-15.609539531131198
11.28016180378591,13.883747027185999,1.5054668214957732,722567.113211754,-0.3930114920343707,0.2915957051892675,44.43835225962104,-19.43115924861908,-5.863323657352554,-24.022570050522823,-12.230405680635634
11.768107138613162,14.131546288933233,1.5180767922774716,748429.1091433197,-0.3084139500330004,0.17871799345559936,48.01347145343233,-18.786854521470865,-5.1569182623289995,-26.065923729028814,-16.194533140828767
15.102321823347316,17.950553808976245,1.7411850380513711,1205066.4678639653,-0.48692614985495164,0.49153644790971596,44.69564791028696,-23.65113594069146,3.305340228270442,-32.69794918926202,-16.84938782353825
11.369280491826997,13.886742642867322,1.4612186569574537,722388.9743188431,-0.28468432125241555,0.10395978919234894,41.89351590898281,-15.21514083605723,-2.7586199482469893,-24.650515501436978,-13.293277725312759
16.911297812012123,19.60814543473034,1.735091329953043,1435650.1140039773,-0.4413460445670389,0.3094349651945931,46.51419832831402,-22.084554030660165,2.481357910110044,-30.286565785119567,-17.640637002433017
16.019720806541404,17.950676439673522,1.724262714503486,1204865.5055695171,-0.45962234332081464,0.3049488816565997,45.98076552302459,-28.74149771495661,-0.9760733183586771,-32.4862629083187,-17.117351586774248
17.099650773765724,20.250368782951384,1.6963006462650514,1529997.7997524296,-0.5604980735873775,0.7108617461146882,42.474317735417216,-24.10610795396893,8.655012484185253,-28.042660124650943,-16.937899954837725
13.382912430645193,16.22033025581117,1.6735648344975214,985159.251256859,-0.37380824480224734,0.08660183255719778,49.9333269233274,-24.592048092634315,-0.40436787136648017,-28.290709627699098,-15.48299273261177
13.960582486351388,16.147200051299528,1.6410115543714876,975989.582089684,-0.43093691383388605,0.43786117460861407,49.432742224892024,-21.31465427609633,2.5024376323604076,-26.605351783281428,-14.947727894461817
12.259917591503854,13.917690433466344,1.5300868707380595,726340.3258492496,-0.19993794785348534,0.38184428802859305,48.047062580716556,-15.941331824255629,-5.106371554379894,-27.667391463996488,-18.539181674020405
18.075775913683664,21.365169038810198,1.844085173650008,1703822.4187739787,-0.6770691998047565,0.7050922926272247,49.491061919489255,-26.70862970326354,6.474113833019077,-31.66812631315424,-20.191784370429158
12.527486238425785,15.012607849649712,1.5945447611402461,844447.1843749958,-0.3160060264932475,0.1403722521698998,50.09217705806779,-16.86229410883165,-3.7234476508439376,-27.0705102456634,-15.100722849196112
14.29498111693163,17.289449827968472,1.6426478898610757,1117514.5763796645,-0.4558383036084487,0.3403818513506418,48.59256014737619,-20.050301308348182,1.5203738019960056,-23.729366819507135,-15.445710775450163
15.297634452806422,17.29602980728283,1.614123234370765,1118013.5415721121,-0.5233377294218285,0.3413056567490367,38.13401995765898,-22.591580021996936,7.616754184245453,-26.004670430643912,-17.848773962134725
14.197149239567263,16.972171875724978,1.518938884197114,1075790.444965946,-0.4808938959128871,0.28832791003486635,41.1038800388486,-22.758848853751513,4.660211801756473,-26.87988191066509,-11.616540795219354
15.09190786158229,17.280294330483656,1.6331492656490427,1116226.6488298916,-0.5607040972781071,0.633014777631101,43.50530581351802,-21.2997408836645,3.8529478197958476,-25.80155166568362,-16.320004436588263
15.68705051111522,17.813790378748667,1.5783057821131723,1184941.1650434462,-0.5000370922803965,0.4492017394689567,40.47016747125443,-23.953054981557507,7.198251158197641,-25.62888344493111,-16.73174729740444
15.324230392614101,18.55964948233493,1.6620716824590704,1286461.4787395638,-0.6462493801881699,1.35636058757951,43.78488766516192,-19.021102743878203,4.688486735593857,-25.08995485166468,-19.860329949823637
16.198317718980153,19.272552996451612,1.6976026854970967,1386830.2351211132,-0.45464085517693836,0.3851038009640657,46.44970507023314,-24.62887729470028,3.350386167255823,-30.600269641932343,-18.302350775424024
17.686888190257246,19.640081734948986,1.63740154426187,1439073.4786505862,-0.4583894484028434,0.43210143913158605,44.290842486881985,-20.796382893005187,1.229331608055837,-26.13913679561454,-18.690316199589716
17.112320806553154,17.65144558495825,1.5695601700605537,1163507.271606706,-0.4127415719350205,0.3465273764193024,40.11877654354667,-17.549904994133854,5.389985141518663,-24.750497997640103,-14.823532359160843
18.763187291529988,21.829636260503182,1.900798815826533,1778941.1352722752,-0.5206785075637742,0.4110257046844379,53.021026129118475,-23.16699108770229,9.127945423838554,-32.73552357749219,-20.330474108909158
18.41393290278373,21.06756931446468,1.8061808114309237,1656523.1578201305,-0.6354295026323613,0.6897159402665869,49.83032920941018,-24.777453471184657,8.344558128494025,-28.44053037017893,-20.67579118010203
14.053097014977881,15.476817407329122,1.5233857687123966,896063.813568749,-0.3325739313355814,0.2273331465291344,45.55468529442285,-15.355928803032278,-0.9272086144625407,-23.758243532506512,-13.85974520178495
13.533420196601043,16.314187954865325,1.7778932371282719,997807.0102253539,-0.401447158631551,0.17232704110023267,52.28636752495615,-26.555724966367272,-1.808426646539631,-31.181910958053997,-15.930886477717758
16.378241957059675,18.69661085436412,1.6896056181897205,1305708.7810857382,-0.5246572274209435,0.37267407141009024,43.73980428643887,-20.665660818834546,4.983050560786326,-28.02260682808101,-17.069778452931104
10.53375888881888,14.397997592696253,1.5287050837095446,776713.5098448733,-0.33108542880444153,0.22409741472655131,44.35749512818148,-20.581706716150677,-7.990018104928076,-25.89372492492377,-16.26374675914989
17.944424149397648,20.880430401684396,1.8281943706332209,1627734.946482766,-0.4875587648163816,0.3642021652954708,49.32325497695575,-24.687063745784616,5.8109638064124445,-34.84501752395528,-18.975591446588773
16.424290613891454,18.3771722820547,1.6273559819627594,1261066.213475375,-0.5132133442277386,0.4599765074235096,40.8513274242288,-20.629445897106073,10.287700508703358,-26.331626370151113,-19.611328093176226
12.651248053554891,15.714253552774867,1.6906722028758376,925494.6883944483,-0.4510734251928582,0.31485836388509636,49.97025745655975,-22.971809788425887,-0.2110031030810119,-30.618130599879095,-14.635027009665041
12.092557920119663,15.187394112164366,1.5825343340289262,863862.8196695482,-0.30398446969828663,0.3016692827796379,48.507651658620375,-18.441857724206976,-6.1654840514995595,-26.873600216894687,-18.473295772126196
14.691719911948228,17.176135414257125,1.6931091829622076,1103668.5431873882,-0.5440899809698921,0.43284614270997857,46.58611557986792,-29.480798450196097,2.1477767843547193,-27.497829265755946,-18.988872823918186
15.518637805058288,18.82552702184297,1.778276674848313,1324769.9353329754,-0.6157740053681562,0.6437988396479031,50.00172606207673,-31.375994874404654,3.36212387535317,-31.030672796898926,-18.197496959642606
10.85303809894801,15.133177906771536,1.531105070890713,857179.0050770704,-0.5055708372236034,0.44788458790384267,43.23362618793093,-23.01220596045608,6.062552058821796,-24.369092986244056,-14.292834001017036
16.510425331880313,18.433127204775797,1.6611329066354763,1269108.99970493,-0.5047429435532663,0.5030561603448951,45.544592873627906,-20.28739196784114,3.4036978490784398,-29.11849501819223,-16.69301009951814
12.662939316227494,15.51709652422972,1.579753414300477,901337.2294783088,-0.37020911295497266,0.7346850189707759,51.06010828800663,-13.906537831669405,-6.912965853627465,-25.289301473714097,-16.476955121009393
19.1590449207436,21.85278106326546,1.8368200305300018,1781800.997427326,-0.6216918020417689,0.8154243960570806,48.62186412685035,-25.315719773409462,9.43727365810568,-32.89806224259841,-21.08105581641253
14.181109617740196,16.319494784500893,1.6912779487450127,997335.3568042796,-0.41790582594314596,0.2711511354400349,44.41012494899536,-22.864960754540952,1.0973212776655554,-29.621927228520665,-16.962001711235988
13.031713572973688,17.053364172173595,1.6699074705230996,1087809.5651336112,-0.503085994525743,0.35330273588562733,46.41070896112633,-23.979269745061554,0.8087740226342012,-30.801609601644813,-16.134802685588646
9.29410533644278,11.305707773279543,1.385095944939323,480677.5080116365,-0.178263791157239,0.07235788755238381,44.89379077738319,-12.758884858991921,-6.676875230572913,-21.557160226397063,-8.32997296849664
10.651586367932735,12.756999332505629,1.4879924646231235,611158.8438817214,-0.2911830213253379,0.15207522313460986,42.507287995977755,-21.910745892738078,-1.5023466814029334,-25.792150321165558,-12.078293901905218
12.225254796620273,15.919855547275596,1.586634083718046,948328.8669802367,-0.3783140197885493,0.17002051070495128,50.45783210274506,-18.29627768009987,-2.9190081892384128,-25.191787877366025,-17.309728440956064
15.46557040083204,18.122775278815563,1.749451076069576,1228191.060448205,-0.5563860559247946,0.4935600830635791,49.7889601773348,-28.0226176527225,-1.727259714526431,-25.78492506184577,-16.647807217499345
12.417455406893772,14.791309514325938,1.5224609289491786,819178.1840085773,-0.44380776096679403,0.20742650743485003,43.03418728145852,-18.98333764614541,0.27785846207295,-23.485912363484438,-16.937391324545505
14.661067965540527,16.205433510179777,1.5583126472516626,981989.5522377333,-0.5100696270799722,0.6578064022949954,41.960681856641735,-18.910255088700083,3.518008748957821,-26.039588899369434,-16.691430176268305
11.125621463634475,14.068631850981909,1.5571642249170945,742301.0573656589,-0.2436794409526007,0.07411199236363109,49.885934021661555,-18.103714483895082,-4.141071437344217,-23.269837818280497,-16.871402451787496
16.008812805303787,20.065464391513096,1.7118905346666442,1502575.459816365,-0.5064088580486078,0.4442018648542705,42.292516508307216,-22.323761332971436,7.834636777956698,-30.538661824993003,-19.39522443889753
18.48678619731786,21.279089180778467,1.8214880710856345,1689915.1713553155,-0.5204647415978126,0.3722731640008843,49.75309567351494,-24.429911952416425,4.347342657277756,-28.322003918700418,-19.246514391205082
15.406991710422492,17.32508705114282,1.6424189703696146,1122082.1521014739,-0.5269827207256643,0.3604330361713184,44.884929809936295,-22.3825317826812,4.445319262366954,-25.037932306884652,-16.471305390462888
12.93095246522503,15.998215706175591,1.5870225613824716,957600.0293811017,-0.4385482746189717,0.40879779991351617,42.93718349272151,-20.734788116688698,0.881679969375226,-24.557984657210334,-18.57405473413217
15.882892246191588,18.897874376478494,1.6840341882498921,1333672.6483920028,-0.5476529264494244,0.6741408913068687,44.549215389198224,-24.659257876422387,6.823228294824453,-31.028800374280515,-15.357591075246876
12.702928435489357,15.730522135775745,1.6553391913991369,926952.0030325503,-0.3048402154292105,0.32642237916368755,51.30190869460459,-18.881474564062742,-4.62998857104232,-30.09612654647765,-20.400266230156504
16.557748378475942,20.590909339041268,1.7874514317190433,1582703.86375882,-0.5165957604126543,0.6175448477809207,46.00674740526216,-22.281156141255494,7.937285613138499,-31.61994334026452,-18.31346312981254
18.975112228266436,22.02573340997026,1.792360249428375,1809320.031227555,-0.5574897520336193,0.8096792076652473,45.76658797507472,-24.99834422026383,5.629482538838424,-29.81503733341379,-19.79850524633943
13.632046466924734,17.014968485253746,1.706310582543245,1083418.5021674172,-0.5012870179270861,0.533204866337555,55.360542622375824,-23.141675839986597,-5.691049747100739,-26.45316310405713,-13.48041778617566
11.162507978782527,15.08554183258724,1.622220355595753,852910.1595362648,-0.36099017678955536,0.4113642504419661,49.312454783988635,-23.48672965155765,-1.9407331226466373,-26.37943795603626,-16.991470075565722
10.809404954006483,13.508164063275336,1.430479287692524,683634.6230424225,-0.25881884232273317,0.1763462612625517,43.86897198219463,-16.869640162398106,-2.158234530855127,-22.69200030297653,-13.236966020641326
13.203149398183541,15.202154776276878,1.5275011714162454,864890.6416294095,-0.26109247497410704,0.31952615600919954,48.36318498447891,-16.41382150095533,-3.961611104259984,-23.95480241100814,-16.41952890464854
14.332917057157779,17.32386194261791,1.594634456728128,1121351.7863909258,-0.5388840764446898,0.5307345972989745,38.01754718680644,-19.927508858357434,8.404789041041443,-26.800640946473813,-20.349084699189525
12.15703742385033,14.925991941435266,1.569862429580738,834550.1514067366,-0.24359309962019973,-0.010972347506356783,49.00913114583508,-16.46881711869905,-5.123493756658114,-27.501158685256755,-16.619371001757827
16.006148505965243,19.323790180809024,1.7073225230759312,1394279.7425397635,-0.5043423920463121,0.5674117806071126,44.03809695218608,-21.421449211325516,1.0934861538801146,-28.54229304333648,-17.304977087303126
13.053505441690106,15.292627170756534,1.7011985942474315,877190.3256432767,-0.38420701837705096,0.3695955117941119,52.93683169149752,-21.395085241181672,-2.3239044169890537,-28.79706533760907,-20.06715727147794
13.03797097082993,15.168860433484992,1.5829084053726137,861782.7253496312,-0.3319479499581044,0.2731498590184689,44.957588313768476,-19.7215624454641,1.0445791038487564,-25.96624342913867,-13.46579260974596
14.168750663566202,17.680123160196064,1.6242363654960903,1167908.2497972478,-0.43904755276236146,0.341147530187218,42.3838138681528,-19.230392706774914,8.20713471487708,-29.445864396415637,-16.18883571469972
12.425396870374033,15.59738906115179,1.709448812210619,912173.818639904,-0.27728228839337976,0.21013452342488792,57.0870245430484,-16.29616487306565,-7.30911185279119,-30.045274415599373,-17.89346939277897
17.758108158603054,19.388698656975425,1.7297009888179065,1403874.521655966,-0.49312255608976685,0.5354599260297626,46.80231652941272,-22.966449642924463,4.739317195344642,-30.02809804401961,-14.369359386498223
10.605813833056793,14.215434984012116,1.5185394824518115,757244.7723641522,-0.27693259445633694,0.33632229670504943,45.635141356306775,-18.894918577641207,-2.719292334489338,-26.142762428604115,-14.548716840403294
12.34308588866243,14.514595437493789,1.577384598153831,789763.8127874744,-0.40516856171046817,0.2296704510261387,48.1930362988963,-19.202037388417562,-3.654035945638513,-25.824537755269834,-17.008549028444094
13.273606919492549,16.785124912266102,1.679522900199164,1054299.3034003405,-0.57680704487746,0.7813855916171626,46.93873217273173,-21.33893161118938,0.8560250844640804,-30.354254829153753,-19.734631644488047
16.473491584831734,20.097541896963897,1.7112533515640431,1507340.6377254627,-0.44319887404985764,0.23207269257183105,47.193523051788965,-20.621003253451825,5.063202509784221,-27.404221950895742,-17.049800179616696
11.516718942697574,13.615407489806357,1.4466611983376656,694584.3147728092,-0.21526805489268042,0.20851810021382766,45.08570527189558,-17.267036197334406,-5.1933385467664746,-25.231961066810133,-13.417184998612466
15.360895136524531,16.421208058422366,1.6604255934690093,1009290.4882591846,-0.44818210160021243,0.6028886798558655,44.29222652687061,-27.86278528394847,2.196734036331705,-28.050455326915724,-14.135302322341847
15.934238698257222,18.75821489680527,1.7015935936609803,1314408.2036634097,-0.5297309300180011,0.6456895807488414,46.53461850846342,-21.37477909986081,1.591130165135504,-28.403909507333402,-17.468323711501682
13.078048709386339,16.177735940952296,1.6692179944920635,979992.6140312098,-0.4992200492114542,0.774684839137588,46.94002719614227,-22.25625790507161,0.10942439952064589,-29.523843654619238,-16.73180132059498
15.005595040000703,18.35314603435454,1.7117763718907875,1258840.9872496459,-0.42529644471742944,0.16325515063036633,45.2837613068355,-24.505344714255365,-0.5881572879397019,-33.477249883944744,-18.980801014284225
14.976236590833985,18.842037681984674,1.7042974152400663,1326119.5857174648,-0.5923930419403302,0.4457961232537362,47.05289737646346,-26.384198930482146,4.672339908772015,-29.831611580710263,-19.343944088264944
13.676015654799333,15.850800906695206,1.6157528633762066,940545.9155205287,-0.3436206874779288,0.22087847890381296,46.85953548467123,-24.008927172092108,-1.9292812444867389,-26.03561568217996,-15.962144957753441
15.554705753739347,18.886756261520194,1.6943221009311358,1332244.9724632907,-0.5446131114049233,0.4959857905836298,45.65679780706574,-21.76014273365977,5.27902887777168,-28.9692224087041,-15.727399823635503
17.495272742154192,19.629239865722173,1.69500241408646,1438207.2367467664,-0.5017770287103309,0.5333787614530254,44.78022638721437,-22.55108798636856,2.630193873894314,-29.71125896873822,-17.420693461269614
10.72103575259632,14.03778062733207,1.6079078566442129,739683.4379443466,-0.2426542317579658,0.1882419374922435,53.48804990757141,-16.757809428583382,-4.842269400618154,-30.567645456222422,-16.413946997162217
12.399857634296838,15.687905574279542,1.6666689230686837,922130.6572775792,-0.540104846084012,0.5997321481232816,48.09144593839986,-26.541224510089172,1.8296827919210217,-27.991654088811238,-15.967276463982174
14.389703640762155,16.82781928897398,1.687696257543161,1059718.2556197331,-0.36766404062272295,0.30248707834041655,47.33286735827144,-25.149728090236344,-1.3135585789141706,-32.39047709665336,-16.82490092176856
15.461075489817688,18.884080621173176,1.608320284072466,1330818.1976347868,-0.4588787168954562,0.279757179407659,43.84173794733911,-18.49527326972334,4.840332879460359,-26.724283892418388,-14.82086361612733
14.340130255489033,16.85284591840218,1.6405753984600546,1062260.1913094555,-0.3786717241467219,0.7403679024676366,46.803624786503285,-21.231383168530183,-2.273211736546907,-28.71849647440504,-16.570210616472316
12.83759148567781,17.18123366602896,1.6577466023687641,1103878.4966825242,-0.37108967808744303,0.5591193377838408,48.882214643659,-23.63546902178321,-4.3568383347294635,-28.32705931851239,-15.979007257425032
15.420866934205398,19.207341823858087,1.7479862781708875,1378176.4002584831,-0.567574148663042,0.43822648013125676,46.93338815793591,-22.304999944419293,5.777868581420717,-30.23594395841649,-19.572345291654777
12.722932349499528,14.883112034141211,1.6685119948767448,830997.9923425212,-0.5174953089430224,0.5445784679196626,46.555767717471916,-23.00021310471815,-0.9576420041753997,-28.902795930141608,-16.78402302185345
11.703384920438943,14.698779853251622,1.6035782169361474,810007.8193684563,-0.4738641185225224,0.31865372068148146,49.865834283762084,-22.09916949018581,-2.8096775020436286,-26.001780303137284,-16.42440760038034
12.823120891012275,14.84123926523178,1.5506214187287328,824980.5299832486,-0.413923000876013,0.6055168498597179,45.129985555485035,-16.883848315707638,0.02636589938300435,-23.95117321104316,-19.399641097202327
11.42332774441105,13.52099909414798,1.4795803705435808,685449.3588072233,-0.3087552820340853,0.17283320891199416,45.48056896279736,-16.396375491575903,-2.1662191142283334,-24.52239543528381,-16.456754804942832
16.20376328531411,19.528552896441653,1.7549532784620305,1424365.9063793996,-0.5502756950121831,0.600615259751839,45.589026650073194,-26.175673321590324,4.322224280788132,-28.759310804211268,-18.04961636513508
10.886696449298375,14.72829210823723,1.6105786359019467,813308.8250413914,-0.47105377281850447,0.5759106778111232,50.49399557229069,-18.62663614729124,-1.951281259114983,-24.68478589421527,-19.392991227015813
15.676017076403898,19.48694165634529,1.7412851766820714,1418173.8508279724,-0.5253104071276127,0.7047875758468258,46.239080690513944,-18.695819939314816,7.892411546382554,-32.37719037432282,-20.694101212165396
12.402055795075128,16.624655640936815,1.6287317191022397,1033813.3458233683,-0.49830394708710585,0.4034941460271404,47.643612910806354,-18.667388692733834,-1.9362481490088053,-26.34263159599494,-15.246192155996305
16.57503500586835,19.923087442006125,1.7755559923889392,1482303.8555860622,-0.4963782891337983,0.49592760642624567,48.19742413729428,-21.561971152536145,7.704099022440362,-30.934181744280284,-19.043250152523253
14.94746756910658,17.759324914794632,1.7891782917067423,1180393.661340356,-0.42841830698006367,0.4306523639512898,53.6133151577686,-26.81874232060371,-0.8560180287640475,-32.64501208559372,-17.368074375146957
11.652499473871838,16.56342901722377,1.6403025935783622,1026424.9504733433,-0.5543107169385676,0.5524210689253883,44.018773725594926,-25.69837352133039,1.2969121920075146,-29.519754546383687,-14.70087138859153
13.826992401284377,17.010761867670123,1.7324372361597173,1083221.061744986,-0.5129694254830199,1.1088068027981102,49.73453848281808,-24.979833332342814,-2.290775732928245,-29.52708980521928,-16.714571098041414
15.397006564964046,18.216764458929156,1.6470105804560986,1239556.4752117048,-0.4405145025551097,0.3411408357901564,43.55793369949616,-23.939261072829048,3.5830874620539355,-30.89678916477093,-13.32418495785472
10.927100746118827,16.05730681422842,1.7127184807611788,966154.7273998501,-0.5576170995776367,0.5556004823661285,51.36982990859704,-28.78130253648309,2.9744569696025325,-30.926811692880655,-12.951585418795197
16.573642419348257,18.668262683339485,1.6702938884212641,1301543.9487315328,-0.5940915657638672,0.7286080906328745,46.229874597073824,-26.47165095580319,4.93132818814633,-29.237816126137425,-16.771606370052705
16.42078464194649,17.882962594866125,1.6126429527503128,1194495.5881533264,-0.45364246082029264,0.3539178385767907,41.62293830078043,-23.480458725422388,5.374304065199469,-28.446615243467946,-15.818170261480617
16.050507625024338,17.583531569534404,1.6251446915845194,1155299.3159726015,-0.5568090896439264,0.4725279999649832,44.92331814030335,-22.9264185116064,5.6146371079405615,-26.770596577656583,-16.736108411784464
16.393813375800686,19.983713707278035,1.6805601621693163,1490051.3206545194,-0.4463487081677807,0.4136164730581746,40.389558095674246,-20.157713332649806,5.9482718344831635,-31.194415704633123,-18.260310217816162
13.267760223915396,16.364071712248776,1.6780624443883627,1002568.318995137,-0.32954594605998605,0.1441840030315067,47.43319248700395,-26.537007639343564,-1.28486171326125,-30.112741688028212,-12.860785225444646
17.682451667971993,20.52058057950968,1.7572727189319324,1571595.179670398,-0.5011096815072227,0.2922675894260429,46.383294790351606,-23.059096830397536,4.340946459220346,-28.370431955659463,-18.653476380635812
11.159772754770708,13.418763143004993,1.5716678317102615,676286.0397471242,-0.39508786657639766,0.34497512480734427,47.81519771712018,-19.076220219330466,-4.376214213276887,-27.364657171931764,-14.505237763035993
15.624418410777213,18.22284351158238,1.6320970994539863,1240196.015214713,-0.4617486143534661,0.3887425380223348,44.698134607127905,-21.15676437173574,4.603989986423867,-28.268824951536452,-16.832825509006966
13.368681963372698,16.56439639752087,1.654228121706683,1026713.6636570003,-0.518310652086544,0.4899380308254271,47.55551128504602,-21.184110654849803,5.064210107069899,-32.761357497999704,-15.220882729588256
12.436719611767927,16.864281674737438,1.626026173430623,1063512.6826174036,-0.5901228120884677,0.8324761718512015,44.05415804592198,-22.08323134225097,6.024665352654388,-28.05546598647543,-14.64237117287506
14.109805336833006,16.313204778930004,1.622079594175697,995725.390727686,-0.4006717751052388,0.49879489082880735,45.23230743295362,-23.039689832193623,-3.085702180719907,-28.60204481809431,-13.293569615404902
12.079912335962057,15.42903731720383,1.7047989728218238,892762.4763319572,-0.30752070846562884,0.23506266584787605,55.14939056233118,-15.96957938151326,-3.730626739963129,-27.806183188685043,-17.59298206390558
13.733129114953876,15.855436804689349,1.6521548423423174,941531.2424545719,-0.4625408556085337,0.4361933274763157,47.107062434246046,-22.1673301158107,1.6463497151444946,-29.59791527392405,-16.653661040417845
13.75026479325484,18.51581639634829,1.8010585767820713,1282223.6909791392,-0.533648915770583,0.5253577125006124,49.01038541652257,-27.40000269304828,3.3253512236382767,-31.974139252225783,-17.489739631792318
14.94754317569709,18.9451721367113,1.6461657578019642,1339836.9603145518,-0.4040505112435295,0.45782780175874693,44.40941803466471,-20.228389450218145,2.001455594296635,-27.11552425658153,-16.83299398853007
14.074865568344226,17.07174810853697,1.728735580060614,1090874.673243217,-0.4888383577122033,0.3948708231049909,45.930241825549494,-24.920282478371263,3.5116307346921554,-30.979303692907393,-17.037248258171864
16.5667294651889,18.998496548306612,1.6718935578939766,1347649.6574061238,-0.47537094960834253,0.4198117058745998,41.73451945231247,-23.407480897711046,3.436393396677587,-26.52891598868011,-19.27170716766777
12.440867824444247,15.186157903592793,1.6089586292721065,864036.1577499011,-0.491900404676986,0.28648615168973723,47.074834059897384,-26.758111565503356,-1.3829464850074327,-25.13646096055167,-16.817878992426692
15.709128545077482,19.395332281165526,1.7252922670551025,1404771.3042417697,-0.5861779828732051,0.8191932606015233,44.97770140375725,-21.790233779305645,7.176442953705481,-27.06859718384917,-19.847491067600636
13.823952799250678,15.630164850117874,1.5428592978650872,913958.54414329,-0.4357821463971346,0.12728915772496174,40.305892246789526,-18.221459665973633,6.2205677762400065,-27.12610381882414,-17.913461043561405
15.37434762725235,17.74603105618947,1.7039812629059639,1177542.2563007884,-0.5031146035372718,0.37551235457512266,44.405436499513215,-20.850011123444283,6.585838888426926,-28.360073217499664,-17.845727147925025
11.420349193252942,14.583672791121721,1.4716497992350945,796016.5276033934,-0.3734770584216808,0.4358215386458255,42.0516858010057,-17.923181945088675,-3.425036014700046,-23.633307988341883,-15.348844403936042
15.740092682476888,18.146645366859858,1.6396846916316385,1230020.3711664183,-0.4613098237947396,0.22130576950995717,41.60660463877868,-20.139505508010256,3.542266811566428,-27.849722858477037,-15.930621331088958
19.67127080640312,22.450159360445223,1.746699382957287,1878659.5750323148,-0.5829220780030955,0.7507320713658565,44.55154261699218,-25.147500692686748,5.767527414120526,-29.72810560604345,-21.212792579979677
13.118913092614601,16.124815736707152,1.5328114145934224,972040.8114561035,-0.4649631962087412,0.30311301568510984,40.85852456700982,-19.41271132885966,5.674318097523618,-26.358167008669355,-16.979666755578254
14.613218407021675,17.67796443790591,1.6814273862884015,1168325.899599555,-0.5483324749506433,0.4102263382998972,44.6029473957211,-21.8467505307256,7.742585621817108,-29.024249584214775,-17.85627706559366
15.546125554375141,18.376538655019104,1.8076971721834119,1263275.1101312344,-0.5372400627550334,0.33372848497905006,48.60327580813017,-32.49665513109568,4.7791715848458045,-32.07222668048846,-20.044333615286668
12.368940623790918,14.722981753750203,1.5633848857049997,812174.3987019258,-0.5523347989936287,0.5122022373231023,41.42750565977177,-20.04030942035548,3.706666110827315,-24.257786355814027,-15.041709245124196
15.395083405360944,17.837226224808354,1.6684083434760766,1189120.5865725924,-0.6442640343808237,0.7417894883184735,43.56139092380508,-25.724366449879753,6.874427816215271,-27.254608119249895,-15.922191916344232
15.794932507822406,20.6278206370269,1.7758459615497952,1588187.571581833,-0.5609395083886498,0.5745525765085571,48.057620696227815,-20.741915452653686,4.970835852152346,-30.437740484151725,-20.6255734459493
14.71851130448262,18.59180555116222,1.6317372181936454,1290517.449005427,-0.5185673897533014,0.4158833504803554,42.98286517842061,-19.786594738227553,2.1812428553430774,-26.271459370680066,-16.627690698025884
12.79847078427148,16.81395715020227,1.6298347222414005,1057279.2377828017,-0.4289588451432466,0.1947095567271817,44.68363008499345,-24.973767838530765,1.5552248719790636,-27.062302832914078,-16.309712872640553
10.221549182138029,12.854576771155848,1.3752991009019742,619222.5468130932,-0.37345817098182715,0.48250904195052424,41.08092661287916,-15.210842342791096,-3.5610478450161622,-19.555088699593252,-13.052565096826513
16.616729382387213,19.925952901617222,1.6699116216716512,1481378.315307457,-0.623635777365856,0.5854119402671678,42.25564883750987,-23.122599066496388,6.000890323064315,-26.991535244862476,-18.439486201572628
13.582691010028213,16.50541859992144,1.54865249419261,1018234.656352218,-0.5731087570397673,0.9515297173206734,41.262504055138294,-16.066849593423584,2.042015006621545,-22.910623739633657,-16.761233026401598
14.752473017284712,17.561224859399,1.5248516157504097,1151224.2357010536,-0.5549782747748666,0.9823900689718079,39.11790956571259,-20.50629383342458,4.319593748174258,-25.58578148765028,-15.129615944528652
14.367905305507831,17.11092141250013,1.655141453339167,1094913.1774407502,-0.4297866469492182,0.21911314262873827,49.622007914913496,-19.844952791000836,-1.7337061145186503,-27.06453505259985,-16.055664724151814
14.40944173618743,16.685993171627988,1.674226546009787,1041940.1168218794,-0.37321686375775415,0.3116597302497879,52.57920295108666,-22.4978753600041,-3.436399180979265,-28.455915497849976,-16.03984407738787
17.650718775974262,19.313678090822993,1.7172804511425341,1392958.526179825,-0.6531070502068985,0.8807605676312575,44.59759328491463,-23.37770397483071,5.963533389625628,-29.059477633691014,-18.203658481115095
14.08707889777675,15.972170204379712,1.5615858912302345,954218.198531115,-0.37642943034551274,0.15280489743643066,48.20276249889203,-18.360067963448117,-4.049701049271878,-25.414245158502425,-13.496911508350129
13.997423958591828,17.00156233864127,1.6945045454398555,1081580.152492166,-0.4289662517966006,0.33268666697970417,49.44668118045007,-27.175620286852165,1.6458540740959196,-32.51957326868223,-15.713808723032908
12.196071781824138,16.75703203519351,1.7656604665632487,1051907.5925907965,-0.45138439219652127,0.31642277576425704,48.427835282534105,-27.16801728761498,2.159101630431798,-31.478862086189334,-16.98612849130302
14.829031986297272,17.042377630976667,1.577487695006207,1085309.73566915,-0.4120477024942646,0.2376201857768292,42.17903668393542,-21.16802837359918,5.906687100503705,-28.16088209703289,-15.673221045816454
12.43670951810937,16.295091935386246,1.647567117862773,993845.8672779973,-0.5061774696868474,0.4214534285612648,46.76256223955748,-24.649694639440174,0.5953650259170389,-27.264297862012832,-15.119649511857762
15.713975944477424,16.32316391835438,1.6855835918964048,997707.8620594793,-0.3825532975439537,0.41311026850939525,57.10481993012486,-17.180383602144587,-5.749535079081221,-28.165954884593784,-17.597490450174337
14.618527213055486,19.271292352091116,1.7394682284626002,1387183.339252295,-0.6627292215694158,0.8002298966175516,46.793850508143336,-21.46770037150914,7.074489790901128,-27.872037709303953,-18.590375054801537
15.16600831021821,17.766157380439257,1.6499177256379902,1179518.526184109,-0.4898252711805454,0.5397468081411678,41.52481140712029,-21.331287054930982,6.402771577730116,-25.466619867776767,-12.879636448998701
14.9363478945432,15.995112561484685,1.6630274821818718,958147.4055972175,-0.21076777763218899,0.011663639592914166,53.07938265443459,-17.789237989756643,-7.96465471950914,-29.100580576665042,-15.520454030413376
15.911098250141574,18.3524209665486,1.7624407051999862,1259394.5322820703,-0.5229791252354525,0.4327000986647729,48.212509864659076,-27.084597062985825,3.292687168112411,-27.733118057132835,-15.247625749384458
12.896315381681816,15.511156182741795,1.7074658872836992,902209.7587915004,-0.3812113383422578,0.3304493090817653,53.59214442495881,-22.796294667646194,-4.0158296806267675,-29.4004109104107,-15.667879916446394
15.332652793720879,19.390180789226697,1.689643239405656,1403579.9896934282,-0.6373171406234936,0.5562807042404372,45.86034528376159,-22.64519105757472,6.775673732437811,-27.21561898236284,-17.346964242965512
13.026925352233155,16.188334689592946,1.7004502132474983,981653.4990697938,-0.4436432512109962,0.2020133980014287,49.83715213232692,-28.911624540571168,0.05217770372260688,-31.310974982830686,-16.38964293923205
11.167727466776938,15.512096682268497,1.6810038920322432,901985.6495785952,-0.3253360311322224,0.4791260131634214,53.62698016377612,-19.048609055288726,-5.124884537740512,-28.46829418885357,-15.848374275480317
12.913054406983807,15.909020748964048,1.6247505564106088,947504.6793554508,-0.5409500329782426,0.6303159351626113,50.05141475846907,-20.12929214746527,0.5086507855980019,-24.366248424445338,-17.001513716320183
15.48257610345795,17.368441620072918,1.6295675578629587,1127499.1337951038,-0.4971938455145107,0.35884781747798034,43.10370121581837,-23.754563110419397,2.7085911801093823,-28.144089279879644,-15.7514802024686
16.08983874737582,18.796798238951023,1.697839576230712,1319729.4594873684,-0.4364810167815505,0.4835972270300042,43.29478177577326,-21.691027422438566,6.385121224692,-30.008270961794196,-16.984316615393045
12.050156857027885,13.625970627568087,1.4719797399817398,695924.2286230717,-0.20130352243927416,0.2873752983315825,44.12427358990347,-18.106491734162237,-5.799828324729184,-25.359849464324732,-14.89386626442664
13.327370768390768,17.427703169268625,1.660211301417393,1135512.6211861195,-0.3882003784570772,0.3861251934817713,42.73878031875754,-19.83526096432346,3.9764462146333344,-26.653093599550267,-17.171504233481983
12.418007002163877,16.232675303675943,1.6600459983181612,986476.628356237,-0.5016465276381081,0.5361714584080048,51.14731247263563,-20.394461853529364,-2.4617742244335066,-25.905747614888444,-18.827430065325444
15.133042099373338,15.938174198660477,1.714479050924328,952054.7144267627,-0.39772951808867046,0.23595530261568465,50.08157115511909,-24.39406187631424,0.5493554451581338,-30.93930495876935,-18.825196631124385
11.990249009082268,14.804407837390851,1.609955340198133,821629.8684070252,-0.43404785477316843,0.08060043849973164,47.06216010810134,-23.017758455547607,0.32738541282830136,-28.798713876831236,-13.747575703370245
15.844992855266215,18.37722524069124,1.7980237775083563,1263239.3755761208,-0.5015169646922568,0.49834729111325604,51.09798819161255,-27.723876922830023,1.8093938213178111,-34.53225224655333,-17.135604060811655
12.555784634760537,16.08358454470785,1.6654718082309645,968692.58359863,-0.4477016134050446,0.556387302519648,47.33963461514836,-25.66836451284216,-1.7634812012177625,-30.63164751489543,-18.456846285723557
12.966977782158928,16.209914568011396,1.6233363738878235,983294.2225109815,-0.3150168617159988,0.3355778220251433,46.711165916899276,-19.39801077176483,-1.1467461651649553,-28.320086535537342,-19.55530098378552
14.453490507317976,16.959662724189304,1.724097304268247,1076682.8969176766,-0.35575664290740505,0.17504029439681856,52.14277065606548,-26.575845260922655,-2.7685974111972254,-32.5766176574316,-19.376713204411267
14.067713291260974,16.082447051871497,1.6620922108767906,968515.3569351864,-0.3519688788202161,0.24638723601659374,48.310251748893684,-22.38337351647374,-2.9732719578015745,-30.053116271036096,-16.355797454372055
14.014415855266797,18.347735993911083,1.633292296093025,1257132.6566580613,-0.5411390446182739,0.3618358936933519,42.45363316852543,-21.296553429769734,4.425925013180992,-27.033234911179058,-17.3499586767739
15.080668217304511,18.65504640387165,1.7121102925650686,1300240.3989326165,-0.5653498653751693,0.3701022763086552,46.59808082344422,-25.195135131622337,8.606172320604555,-28.717811062099123,-19.3757258093702
14.108729176401955,17.20741271144878,1.5990491372999465,1106505.6984046542,-0.4473634768728586,0.3417326508620837,39.66706147598422,-24.523678278252305,2.1314919625872406,-28.456142022403057,-15.984602542542728
13.540183888179829,17.028877112284736,1.700013803648034,1085093.3632733775,-0.528415439075967,0.6720997465815799,47.86169374236986,-23.133251523744324,4.787144800413756,-31.17761962954433,-17.938732317891514
13.343381198576996,15.821770571817831,1.603747547760839,936996.093980623,-0.4633820260673915,0.5487795265023405,47.98410697739921,-18.01570295649934,-0.3543824692570912,-28.425294917145763,-21.70555685243933
14.798744807501686,17.680834147982264,1.7096721872157823,1169056.7124537025,-0.49965921665173596,0.2911477336514974,45.60018689522178,-26.77707572832928,4.216796373729129,-31.89517894365713,-14.001941330455228
17.625127386516862,20.27564466605399,1.858832221488923,1535933.773370656,-0.6256977727192048,1.056742782253516,50.55047087765184,-26.878391474042928,5.680012491275552,-30.78411929597037,-18.183124394918927
15.0889616228652,19.12166019118642,1.7466651907447694,1365991.736335101,-0.5571705097283731,0.38173050726842517,45.98612609933141,-23.77528963122076,8.043482922316073,-31.667530376529417,-19.383544812227974
12.964212733728237,15.366151923981137,1.6281541724921595,884641.038107811,-0.34773609776195175,0.16666278587912808,50.07448313966633,-20.287512446867247,-3.164502968638277,-28.922531660706973,-15.459641938915219
14.364467752367316,16.620462050037503,1.6701511257733135,1033803.0509144352,-0.5438987649179663,0.7358296603809378,44.595817445379325,-24.388437640716653,2.048354597119612,-27.603508120034792,-16.143170476882077
12.118417643227128,16.180597175119345,1.6181139367144983,979713.2154142567,-0.3728997529464188,0.2848046881799342,51.49346179411984,-20.432401430268328,-3.7807703216779975,-26.403914873010017,-18.05931762914969
14.17923864728331,13.981323058314466,1.5654371095909745,733323.1948176743,-0.2803989765672397,0.19426368785912418,49.180369790048196,-13.610487691002218,-5.16814192890714,-29.383935889317897,-16.926438748076688
17.801229471733215,19.95333654979183,1.7286737034487785,1486164.2430575509,-0.6268404344156925,0.4690064119598647,44.3856933585414,-23.021140171452156,9.319857576271614,-28.947915333714825,-16.19242268541673
11.303130896129947,15.865364950883823,1.708893321734789,943404.5998233187,-0.4910799554946197,0.33330509886332216,44.942525577512356,-24.916384691957763,-0.5300820949073551,-28.416880857306154,-17.176052368239233
16.845388380984584,19.19795904900257,1.6826824219047913,1376011.256845519,-0.637134781864911,0.6362575896638116,45.387121056442325,-19.371558963338302,5.605606881656765,-30.41052024383101,-17.752609750419737
17.613132078865764,20.84152854030615,1.7402505834620186,1620558.7896816004,-0.5724767900847939,0.5824137021077522,46.528991055693695,-23.856467643016742,8.784734172368251,-30.267550064195596,-17.897385120009424
12.755379004047315,15.793106131930823,1.6985734975138362,934798.7436833875,-0.29362071691669117,0.06969163320551264,57.02523713313685,-18.25793817860593,-4.2760331000410385,-27.271327889578444,-16.156636284652876
18.143138231785116,22.44104071246641,1.840352989916196,1878387.6033653836,-0.5103744669110736,0.23358664752116942,47.70985749859489,-23.888745844168298,12.10185948858905,-32.33366785140694,-18.135637436172065
11.99091310905815,16.205417420661227,1.8030141434064844,985035.0630519144,-0.4220701998862982,0.301199920289029,55.46516192727399,-26.758472006826054,-3.043451841025476,-33.843787259673675,-16.618230154722998
14.086247501686628,16.269089021273736,1.5866549086846582,989978.709768023,-0.44254378171199266,0.39524564941932105,41.728143226320924,-22.749642264468214,2.4401317012552486,-28.357515085925016,-16.859442972714312
12.19472232742084,15.196234657467258,1.6151979089648572,865244.9966450037,-0.49772547637676,0.5512739135942755,50.91841588843742,-16.738414983586246,-4.498935532631256,-25.256206496929334,-17.928619644598893
14.064607257093634,15.435929663099037,1.548007816789929,891661.0564942636,-0.28581356184031464,0.2599210147696067,49.7365869167808,-16.331542842100774,-5.1929588823941515,-26.60002080182182,-16.487108173480635
11.825646737586801,15.669974879176253,1.6009270797661026,919251.5522474938,-0.4307456304493249,0.43782301994829886,51.798882176961754,-20.183222786076783,-1.5453768613867152,-25.41812567372243,-13.748648788179663
13.940817316000265,17.975481940180334,1.7274363489780655,1208207.863026232,-0.4825227561810854,0.16550173639199306,49.94132229860488,-25.108171281911375,2.81823982503198,-27.80946783553822,-16.86642627075696
12.637363962281173,14.813965264545411,1.6593515601639586,823276.98857199,-0.4537711164260142,0.4365969438706463,48.558158096643126,-22.433351582916046,-2.912700065302195,-28.297476414287377,-17.003218098606375
14.646073690549981,16.767806175127408,1.6762839455177436,1052106.0778917363,-0.3723285671202746,0.40051276015180726,44.403500282776555,-24.581665071523105,-0.7847300552953466,-31.604735549766733,-14.539145065440033
15.037444579299072,16.686548404230077,1.53885834075623,1040397.2806798231,-0.46027948473332875,0.2970034179116974,42.387405854282264,-20.602136083930574,0.5107580115174837,-26.077575895427568,-16.04905916018707
18.181043778997676,20.115007977268327,1.703245752504965,1509841.5634303752,-0.5123515199556204,0.3444240294332461,45.40056116749574,-18.260122322331334,4.499759577598164,-26.31659806172936,-17.267358470069397
14.85974427588386,17.253398706764294,1.8015762323585625,1114928.7694849058,-0.4867472411329487,0.38167709646574277,54.46004969078581,-28.57050386499545,0.39998700562910794,-31.710166822680556,-17.89809119522566
12.94035218776798,17.5268282305066,1.7607716183700146,1149624.5408234084,-0.3896232233634414,0.3025739108689609,52.762833841193924,-27.660582475271596,-2.668477891115257,-29.481680456259006,-16.270958627028598
13.669227251915856,17.174428663438245,1.6182048106992108,1102532.368815752,-0.5260298276650073,0.42073953471520653,40.7551066386,-21.860892801731083,4.197982012092567,-26.427227737341443,-13.131551936502818
15.80068708787462,17.952186401844383,1.7412772992187149,1205284.8252017577,-0.6531053081092748,0.9454379974966596,51.18174985589529,-28.00410314638549,-1.4339999852341974,-29.523410014454377,-16.445531977247235
15.281176587861882,19.38536923084665,1.7516690156967,1403679.5772829736,-0.4898278444422626,0.18102137719846167,46.5530958803984,-30.563142984514542,0.38287862221513774,-31.341133507389856,-17.3270633640888
9.629501185409124,12.932291946509414,1.3934622672961419,626833.804256883,-0.1975716149093259,0.3484610998102369,40.906163789367,-12.421941521621076,-10.117924506064949,-24.995749663771136,-15.497679788438989
16.03015185725593,18.427697102630344,1.6171510907326128,1267833.2091700118,-0.5722681707139183,0.5842222378493616,41.797946043038365,-21.626267719411587,4.220834563243143,-27.322081186384867,-17.36811634795891
14.889967431579999,16.69486862692719,1.6442150680775227,1042668.8125519706,-0.4829610547038704,0.37926236437803595,49.1846768584428,-22.853327261611753,-3.6170573478841703,-27.596146136967107,-16.080770559088656
14.195980219670984,17.367585656427604,1.579837876155505,1126797.6458148975,-0.4324808570859831,0.2031936410365094,41.837892140388355,-19.038558846285458,5.368961518776752,-26.12052991948145,-15.82522550008522
17.93812526157254,20.537855117462133,1.6471953945637632,1572834.5420542976,-0.6822433335696602,0.8636466640018989,39.79454932890083,-22.961282869837753,6.277007480877672,-25.789008904413123,-14.10820873187503
13.369215017767718,16.966627443518984,1.7104683204456261,1077384.9108683649,-0.4749055629762371,0.367781350915934,47.580709981064636,-23.960335797433956,1.1760978972564242,-29.90443069372381,-16.524288572832447
12.48115297889129,15.264732380676035,1.731371880120086,874415.9505076458,-0.5116050058407398,0.3638770638398423,51.96262408389153,-24.21487929855187,0.5010937151554017,-28.385542297039834,-14.324540717921069
12.938161722990527,15.946738881287823,1.6827012218413997,952666.5179166144,-0.5846147045579956,0.536473036015908,46.37780885697323,-25.913927424921646,2.107089783757336,-28.736285461576202,-13.573738814426893
16.20468433158821,19.53677130229292,1.756532527573083,1425575.960119711,-0.5606634223800031,0.5108591891978196,49.21858060225624,-22.026110269700865,4.817227929477881,-29.03876985255723,-22.212335760836154
12.2910400647723,14.841550811906147,1.5947864298896186,825529.4796308996,-0.3684233507107186,0.2412954383874184,48.148775375223394,-18.142402019243274,-2.9104598597077436,-26.759772624710962,-17.41454446049826
13.772624503911313,16.511561543354897,1.5483104521472275,1018982.1851173127,-0.4868821598725078,0.33252950199886744,39.124095799386865,-24.273990442041296,2.5652863266915684,-27.159747384784552,-15.580267940813947
15.271052962502246,17.598011284556854,1.5831519346998157,1156687.5553691154,-0.5159599824135216,0.680014148824275,40.82204828517103,-24.939395510809515,2.553004108264842,-29.019009708653883,-13.40515342221727
15.291377424935915,18.052109563265294,1.549272089526449,1216273.3381770812,-0.5032505746800293,0.6607162069664105,38.75469185892135,-22.286706003090256,2.674962202950443,-25.89506728276185,-14.998782015037815
10.33181121844204,13.785348782596733,1.5585251454766933,713082.238450055,-0.4735651973670705,0.4823123539362144,47.817155393781704,-16.61663398019148,-2.939463159945112,-22.88774318338291,-20.180023917585743
17.383344618678287,19.82521645679762,1.6278973093320421,1466028.6979578983,-0.6132806094111294,0.8703749285464037,41.174935442435896,-21.296995632474143,5.243514861528368,-25.929862238674268,-15.462661251232692
13.481237611579244,14.47072744113962,1.5957947049771992,785269.2422069634,-0.35703794460041893,0.33104667124183473,45.347271275005205,-25.12669672192196,-1.153204217162932,-28.596600342020583,-11.480546682705324
10.805004415691503,14.779036439179764,1.4635417517082818,817181.7377221555,-0.5677013246147122,0.5959914505539512,37.901603022802846,-19.126816191211862,2.355160862157257,-24.647915313946903,-14.7048983269321
16.53183541053344,19.356718066928554,1.720373747011542,1399164.4256630295,-0.6542459490667095,0.9226213090358297,45.06663023694115,-20.534721073101494,3.5778512383856427,-28.756241683831803,-18.17267009603141
13.41419497525972,15.910639480804992,1.661636958766552,948144.6458926458,-0.4471181427498949,0.30400426959384363,45.93359376537636,-27.72141331586576,1.0720170105499602,-30.55947697164925,-18.324369195144396
17.86447207819693,20.63156448795223,1.8135800360597678,1589261.6979694248,-0.6985970495016074,1.228747619817245,46.88189779787139,-23.738755294139587,9.640494463522337,-27.12720924193321,-19.869481171566285
17.858735353380933,20.738677401886218,1.8710161705019028,1606463.7022016554,-0.455356854891597,0.17024997199749548,50.54338228120036,-23.629625137330542,3.2253686278630394,-31.7523793703347,-18.621819471597746
13.065923986202032,14.60470846825059,1.6517310351529495,800375.3105880637,-0.3170822281918251,0.23802459517961516,52.123018922682434,-21.136458879088174,-4.7296144192680165,-28.26759456158225,-18.781088505832148
15.420278253661147,17.26155627920172,1.663822871724729,1114203.2855541764,-0.4602305291507333,0.43234522984821355,47.753069245498864,-26.050249068327982,-1.9070481977568727,-26.769915086075358,-18.374791616739387
14.357013096699799,16.093538110873748,1.5993563325713989,969079.465085347,-0.3145186471073374,0.12270592800435276,51.686226136214316,-18.677014687064307,-2.5212944774959114,-27.179316109437636,-15.442563222454199
14.756023939404159,17.723551551895497,1.635215903024596,1173737.3705034577,-0.6495610010214404,0.9393745786031076,40.985824795930455,-21.409467035505436,7.077231235217324,-25.254691515762985,-15.673044752048416
18.008826761404894,20.123404126686392,1.8377139571970809,1512857.4119985108,-0.6719028810972407,0.9732554093511125,50.21993377413925,-24.32815728254826,7.590865136073742,-28.393325429418656,-21.739408533091897
13.27617831316806,15.520163232432562,1.592409109589295,901838.6202421903,-0.2105647345982986,0.09559378945433394,50.7522567085481,-19.608327002801538,-3.665311164236905,-28.5049366170198,-11.945328710976813
12.406663216661384,16.187352488900924,1.6615554415367801,981051.1999507677,-0.4293001022611325,0.3107893172815386,47.23168362255642,-26.70399179425285,-0.27279057651358346,-30.46266418667352,-14.37631457652671
15.679372158018532,19.25126875204025,1.6894477481427859,1383689.9822621336,-0.4108727018722313,0.2710711690304146,47.90292488896608,-21.569724308265506,4.110437134531285,-31.408418503568434,-18.363146194873483
17.014222417091762,21.027995402291406,1.7630971197942424,1649781.3032531398,-0.5718125093736487,0.43661173088106064,44.2826090774155,-24.011769463474046,9.944306160843404,-31.370732565295775,-15.899870646935248
12.736490461652256,16.39566334971702,1.6719185186871681,1006326.4918194693,-0.43897470139845235,0.3280356856029263,49.776754982288054,-24.55309567419718,-2.060881205186878,-30.443778243126207,-15.065357398879943
14.206733464268849,17.132170471320528,1.777130436365521,1099160.3405793332,-0.49517406086509747,0.31420261606412936,53.771912688451614,-27.88974195676296,0.9641989377838822,-28.73806973486881,-19.637020676524564
14.248965492575225,16.516604581038496,1.651946389001789,1020828.1046753089,-0.36955202613360016,0.26550813287252417,44.82559869445584,-23.122616714741028,2.7230020689149548,-27.644711644924342,-15.058029982095139
16.051532796930186,17.963837309042553,1.6556188042990947,1205757.143238777,-0.6025637407506272,0.8916416238357323,44.734114739645364,-17.897714342017096,2.7887927454280046,-25.289445469473897,-16.337477698665417
12.713564789953441,14.821549995455333,1.5198057060442636,822466.1092803143,-0.4155162530428887,0.2975364945404966,44.94663778643307,-19.351561633162405,-2.1407512028402285,-25.737505335938156,-14.540425104279153
14.258591716457433,16.708985272153306,1.6801224985778018,1044858.1666126507,-0.4184215568826202,0.14357222589618823,48.35422800037912,-25.184677080851827,-1.6499317133143623,-29.368198858454758,-14.927191785424684
12.712025045446083,14.555042091512055,1.6333137018275277,794785.3513764525,-0.35889113069072787,0.2170596878178257,51.22236501341022,-20.329592770652866,-6.260847356786788,-27.141308042389177,-18.357089426072292
16.35850315082825,19.47953506354882,1.7014333464900806,1416596.234189555,-0.5244706966154574,0.31294423150848916,45.61098911170245,-21.749600730395375,6.70993493733179,-28.92851984524409,-19.57562110767452
14.297067441522845,15.703758470009435,1.6239960926851789,923454.1825227314,-0.30096168289806013,0.10932603491004,52.815164202385226,-21.25896000783981,-3.9540499686701143,-26.788015477469976,-16.975265521582152
18.034723516825217,20.966827275395385,1.7123257879688758,1639610.3502495084,-0.5276185616088543,0.4679041756191351,44.78295187927297,-23.000754804539415,6.708962074771217,-27.779521160096763,-18.023306137814544
12.690132927937524,16.17824762737575,1.6338116534169196,979620.6613867185,-0.316332337484198,0.3115116915720484,46.89433676887792,-24.493397637972755,-1.5234708848806209,-29.337515875325344,-13.793687309325232
10.08578589148719,13.137009918630849,1.451670152994943,647220.4324697928,-0.3385402689301778,0.3338114238774552,43.58298820842319,-16.011756236317275,-3.986021695141675,-24.396366532634413,-13.835950826120968
16.045132437704062,17.268382698289233,1.6755039590480298,1115221.1335386909,-0.30973516187463584,0.19233844855518134,53.99047386140791,-20.3906257929847,-2.356605851365216,-27.55087693191558,-12.438371960078165
16.145952650430143,19.14068669975075,1.7000461700556868,1368093.644199436,-0.6206708495567715,0.6865395393503642,46.05981100789106,-19.994529812866,5.609770608465058,-29.55249423119635,-17.576067672408577
17.39567194404412,20.37485960150549,1.6978621326105356,1548755.3547269413,-0.5209741920928556,0.6374960382373991,44.46934242931016,-21.30458382941184,7.479060241076043,-30.17144324094354,-19.921142452078833
19.669611577430484,21.31116689679458,1.7818831911759323,1694448.1908881553,-0.5422666607794219,0.41643551034188864,46.30343886026042,-23.03320457458861,7.903149301676827,-31.061162401085816,-16.254910840350934
10.937118181479446,14.724361830335733,1.6759519012524846,813675.9687484805,-0.3973397176881922,0.5061301641864406,53.5248543954246,-18.109209518181437,-4.442964765106843,-29.66106916003488,-18.06915932666605
16.343515539493367,19.04005466152458,1.7381216243262634,1354343.2924322137,-0.5746356866742355,0.590267279833049,46.67882564236037,-25.139189001124322,3.7334911902959695,-27.939314717303418,-19.44844632309816
11.872050269811233,14.137657771868344,1.5047654324176363,748920.1276713585,-0.45392280989689615,0.2336662771404816,39.91360927023316,-20.048007315595996,-0.2007034974711334,-24.251475205218483,-10.416878061600835
16.43564015263196,19.67629988456372,1.7136582978044799,1445296.0540725351,-0.5279196323737602,0.433478861347552,44.228929901004065,-24.16688389377319,11.370485610999499,-28.549365554586785,-19.072092688679074
15.308836401305532,17.735314784677684,1.5777914141979834,1174599.1742370892,-0.49881384283659247,0.530993626624646,43.14685564698125,-18.088867906354373,3.1197010254376543,-26.039442600294223,-18.014198941009756
16.52417326482255,20.241359972254433,1.8368601282613901,1530486.2555748532,-0.49639813291050816,0.3177668457148348,47.96633461503856,-26.263622306673696,6.555305057540586,-31.98299363974345,-20.60083013551808
17.70265829791458,20.25003429133946,1.7975855229214603,1531258.725309334,-0.5461548523093827,0.7627131133916478,47.072379423101914,-24.679914590511007,4.500995577697412,-32.67406697378778,-17.747022874449982
14.57311318481744,17.236571167475216,1.6547868730480058,1110898.6977906378,-0.5177297994236638,0.47608596835603123,45.755385009260905,-24.866018190538554,1.0563810611145408,-25.37550682253663,-16.233336148076475
16.391316182615288,18.122104890835104,1.7529523165612768,1228146.4693821915,-0.615221496793972,0.9337067778633878,43.539948451921944,-23.1875063465855,7.614874035135001,-28.888114161473133,-18.752583537220552
13.856756125649213,16.677919616693135,1.532120952659326,1039253.9721982569,-0.5036785607078135,0.32004013182186375,41.26578633139353,-19.9561633206442,4.45670194218273,-27.94476725524393,-15.080678645048014
13.643549707832324,15.9405096048926,1.6028143954627763,950958.1279671611,-0.4547089415211354,0.408902512493845,42.28466992925371,-23.533274324842957,1.1934464427639522,-28.20407350796747,-14.320490180574023
12.75799995143068,14.861587502084873,1.5199543439127228,826870.9490933549,-0.420999168190708,1.0218058610137852,45.65653224436501,-16.44957611462177,-1.6301841061562503,-24.547267277172452,-18.44218500511014
12.732515303895863,14.86400104843654,1.6923463876455405,829188.4976330067,-0.3033327008144072,0.2278904805529578,54.298138537884306,-20.812120325424452,-5.492542591420006,-31.190444893615734,-18.309579994196966
15.099280763559435,17.80105030447405,1.6192904841185063,1183745.6238412498,-0.6421766383752856,1.0420690348254062,36.604081813127664,-22.47174525312211,6.452439229927421,-24.358914018114085,-16.293793149166305
11.92818709217275,13.314067301739822,1.434111704832817,664384.5439621112,-0.3738451635249633,0.2638239010105936,45.447449000050796,-17.546264178333885,-4.278033174992921,-23.976792266181302,-12.96534481140964
13.06613349390255,15.665908431400918,1.5353746611771684,918017.7209371822,-0.4986527609705622,0.4514387283481156,37.00281338712685,-22.43426803012754,2.9764624806868563,-27.05722262780246,-17.117330352884657
15.494335090898444,17.82380230514887,1.7327916479144745,1188158.2858575555,-0.6112923413415023,0.3301195673960122,45.946032247015175,-24.759408484763135,8.709741082368971,-29.36304491944257,-17.237905902757845
9.244648464670849,11.524359035001039,1.4246641175659207,499584.1229523903,-0.2936378119906773,0.196481066926113,42.644488885638665,-12.174079485581622,-6.570764446723621,-24.397370487101306,-13.290512393708251
17.754877270959344,20.796326344769202,1.6952939502097264,1613013.2868133876,-0.7272025470703622,0.9161696212550248,40.336718765437254,-23.484478745895075,9.49604629209049,-28.953202958662125,-16.95963777868446
12.916753507675734,15.885118182716301,1.6036388869409501,944436.5014135139,-0.25962833718559786,0.14210305012469737,52.65229188650156,-15.456456863990656,-2.670402664433202,-28.145141422990623,-17.79462292395348
14.747120133713535,17.18433269135928,1.6305706472359305,1103941.9877803174,-0.6313288144826381,0.7713842262100785,43.208985445337305,-20.144924725825593,4.642995088899516,-24.799572850459455,-17.320752127586942
13.194932602847771,17.46466670501062,1.6779155439715094,1140510.0895707381,-0.5564646750059881,0.5316774426882485,46.756776535590106,-21.720809798147613,3.4030411113802614,-26.512460092645217,-13.92895568806005
17.374656423231016,21.059736846577586,1.76710802061298,1654783.367107384,-0.5908863511256605,0.7089948344794128,47.726723101808005,-22.079528503208174,2.9842430033363523,-32.247036800583146,-16.966744260245484
13.793995942598547,17.050053706994937,1.780243643231924,1088801.6837047173,-0.5263239078570071,0.3742096357535938,52.90557339738973,-22.876680464826556,1.73628094781487,-30.975430567398725,-19.07344624811322
14.89195387275389,17.750290173693177,1.6462269700497303,1177385.512925179,-0.5627718750920346,0.4806158756296224,46.86506682727772,-18.808464868850216,6.29799285500679,-28.99291058852784,-16.73757895427744
10.351359633398117,12.579076194578777,1.506061459743489,594657.6093044577,-0.23026855919286313,0.2031745141021437,45.29754431523196,-15.251989076441193,-5.129687399143609,-26.200251651591927,-18.60863049703955
16.310550903337738,18.282777805462846,1.6322009318030173,1248303.5836339316,-0.5236291093078916,0.3795983743802731,42.10014788236724,-22.46488040742699,6.557194914825459,-28.030218216415733,-16.683559890000442
15.435184114050044,18.89048105280581,1.666022883641684,1332413.9841576386,-0.5461317084275118,0.7003188896304562,43.22887803242212,-18.529458396900477,3.933995733939633,-26.348597235954827,-20.03829809504882
14.315084037976115,15.503203975850088,1.5791302353592824,899733.2624521324,-0.3897910210564186,0.49434384854788194,47.89808122211702,-17.451975638764722,-1.9665611757868848,-24.947005910797277,-14.279722486020681
17.36849230937576,20.412912950862165,1.8176515999844696,1556066.1825324812,-0.5065317237189438,0.36800994438215984,52.67246196533854,-22.411740521255304,4.965935665209984,-31.303497589769293,-17.49316574425562
10.874162732034524,13.440781456486272,1.5034550017368498,677700.0123976256,-0.3205516065002917,0.3344631033236469,47.2153062272707,-12.403779974916123,-2.035047554183053,-22.965755665696143,-16.990254754814508
13.449270556496886,15.99869312815627,1.6457056962146575,958359.4901208694,-0.38711013914511805,0.23564610491222204,48.2562011946779,-24.033863687730182,-5.360088143088048,-27.753742578643923,-18.01842630950429
14.260552531052754,17.03751122066649,1.7717801297591727,1087106.255630533,-0.4080197464893627,0.5520926090210234,58.70152343300536,-23.03509929806009,-5.078462321584167,-30.273635690177223,-18.69956863629445
10.430209562000215,14.446004514240357,1.5711738871860406,782331.62326319,-0.4860982485729778,0.5120634865198173,46.27921021161738,-15.986107912314797,-2.151697193043578,-23.236869956708134,-16.94955195313463
11.019390446873633,13.839645277548769,1.5259188727003752,718266.8973625044,-0.2433622612372563,0.26080824531028224,47.39987679136131,-16.170700892777816,-7.239114063947801,-23.620195277673943,-16.26513562133087
13.972634473995983,15.878274653982517,1.66133896543325,944329.1149035975,-0.210289195618339,0.1219556434210598,52.49882573955696,-22.686123437716148,-8.289683775434462,-29.433399209168496,-18.174561007322524
11.99463722831008,14.754636805058148,1.6197017400381748,816295.7553155585,-0.3758793782697249,0.21955526093730127,49.28011874780378,-21.07832410779224,-1.8751446051441076,-28.900280443674834,-16.54531584651351
12.364429134756154,14.513776854195795,1.60258097601892,789972.6320467137,-0.31313106825902487,0.3846101202947203,49.50684739873749,-18.95986780812286,-4.003713272723328,-26.484999458215412,-15.060276247959754
16.220665769728726,19.376823076509844,1.7673949023913789,1402657.266720042,-0.570052686196837,0.5537610787252691,46.720133803385195,-22.786839346996068,7.474019173644988,-28.354780059539088,-18.548627729672265
8.102295860780558,10.017172510460872,1.2677471835470768,377728.18833530927,-0.3329433356505395,0.13369099201761347,37.13128367491967,-13.388231077979125,-1.9838825110782188,-19.42995541145559,-9.71639637857665
14.232717279009824,15.397912507618535,1.5280613519546924,887090.6734296058,-0.36272114020639495,0.33618767478558365,45.28644850018369,-20.103397037322814,-4.790307053816477,-23.49101530661809,-12.22367926637678
16.330410978168185,18.98527861240353,1.7490489762326717,1346767.412235395,-0.6618595097404056,0.8127510011139241,44.6447198076058,-23.820641395835427,6.940340436395747,-27.98841161490633,-22.669554103439577
16.89921078251959,19.04423487245992,1.6862389612319577,1354274.881152201,-0.5282295645136854,0.44468498716754334,44.57257575898605,-22.135891486370756,4.682992252981451,-27.783928312860297,-19.36927437946294
12.917093331859403,15.019519593343087,1.6075466650983485,845370.4987280335,-0.3101352060869623,0.16287953211042083,44.97216051147424,-21.571879894210902,0.9542650020871208,-30.187457553966595,-12.566717356516406
13.756623396117062,17.23841294780192,1.7039151904487475,1111745.3003998674,-0.3630437987096511,0.15302698857653851,48.2310519288357,-24.131744895306284,0.3961755603988359,-32.86374046157481,-18.54109836972113
13.540804164326918,14.753929004574214,1.6016262561454553,816002.6407633277,-0.34952899962569944,0.5910807608309683,47.79974839028864,-19.24207239503839,-5.005249991759638,-27.00941329995593,-17.922474919172075
11.204040362529796,14.657308168838108,1.6513342387483447,806073.0917777203,-0.39701029399954163,0.477443749780059,52.97216571401784,-19.58036692540018,-2.6021002580805996,-27.175243469037717,-16.855372165187234
15.469271259317434,17.90245788536877,1.717447462062904,1198373.4473733027,-0.42565838015325325,0.4212514668412255,52.594801192459805,-22.449119668568557,-1.712238841156759,-30.50339642657888,-20.8803036072511
11.956496496337767,14.798027247136108,1.548000042563369,820205.1733661015,-0.4648723615678389,0.3645883080917063,39.0192304343618,-21.170450007913736,1.4224639306581115,-24.72288432786577,-15.769607644500123
10.55224505727913,15.190802579563606,1.6488333562808775,865040.193130065,-0.38207270875875077,0.46644176060439646,49.973243662911834,-21.115197365067047,-3.4873702631939354,-29.538456728898225,-17.538567127260386
12.613942850671693,14.385124457345968,1.6669113554098767,776977.0287400726,-0.32486519142271575,0.33166660720689745,51.55369579343041,-16.902445885877732,-3.2938245666958297,-30.86934237089351,-19.281036795200293
11.089282059883773,13.847718599408385,1.4833498015391984,718620.4552410818,-0.23555179290389164,0.1857459668956385,44.63645045348022,-16.09237232537099,-3.239402128730628,-24.709968197337076,-16.963213062063904
9.420535455800113,12.767599698485604,1.419360542776151,611422.0206533461,-0.35620296652305644,0.2341120723804484,43.73935822541124,-19.43961051063683,-3.7059528313693453,-23.407033353256942,-17.94365499976358
15.443370653153028,18.70212279108824,1.6773413253297733,1306319.536368098,-0.584334447666483,0.5790897064369345,42.801093785619734,-24.61804641650472,4.19420672079034,-27.75447999467628,-17.988432561599716
14.826008553956857,18.454103335412537,1.6286492795906977,1271579.8171849332,-0.2847609699095822,0.17224371618439616,45.32596533991592,-20.407040673144287,2.171565234439699,-28.57826563212756,-15.279379389577553
14.683338235089648,18.342736620166452,1.6659009274883647,1256851.6427459917,-0.5050344561181407,0.5888402020980297,41.370425855169415,-21.788217062684748,6.061575302370246,-27.690508781278325,-22.488065080897442
13.27497347693898,15.835809915768792,1.6817288668096204,939592.0298166904,-0.5232231519538729,0.1971863903545663,49.10602688580191,-25.389284086886242,0.19500034025061372,-29.79853865108884,-15.848570581965351
16.349081417895405,18.521071333193575,1.6808281724420095,1281393.763029095,-0.4595652557880581,0.4123185530972946,44.4468409869817,-20.894216185458262,5.0485114286686095,-29.11544326739612,-16.80803744448211
17.0284404293623,20.120797324850564,1.6537825198240566,1510089.389367233,-0.6317581103659424,1.0184602631212458,43.00902941039884,-20.137332795903895,6.503263472240886,-29.644265127979324,-14.847883932477977
16.546624018430457,18.794532947666998,1.7070356723482767,1319529.968375695,-0.5562804384986352,0.49301954578322116,46.610954806848895,-22.846331312211362,3.5307466491319914,-29.412718891519475,-15.900346823538648
16.200085656891506,18.172488022217706,1.660284928295901,1233749.6870896625,-0.4813691841953581,0.42712034374388086,45.24302438435444,-21.996330012032523,4.4669850074836255,-30.366173670640954,-15.02016954254108
15.852891319805348,19.176144114724412,1.77746312811498,1374124.7690292087,-0.5113649356769198,0.358220157415174,48.402080564727086,-22.863701271178982,6.337658544450218,-31.549100393523087,-17.73580880059084
15.622620972816595,18.580233496861535,1.7130957314894621,1289931.9618665446,-0.5336121639939894,0.6069459876423386,47.465845457773426,-24.415542557934465,1.9923471457139792,-30.43026496223878,-15.001173674827088
12.897502984993313,17.17599925922118,1.703982391866503,1103788.0667475862,-0.4801532651500857,0.5523054848031088,51.987091514709746,-24.781924777554366,1.2244253798334905,-28.749028429707018,-16.477122522447587
13.192045898931257,17.36498318276993,1.687283343484884,1127763.342100706,-0.4040320573046868,0.17064579714203187,48.261397735707284,-21.896009135282934,1.0526203363863045,-30.926905996774803,-16.96822102048132
14.892728818799998,18.11204458812505,1.6844521417621294,1225923.5089573334,-0.5556560187136192,0.41688133925319315,47.40089973864926,-24.33670821564428,2.4315094339375625,-27.740586195343656,-15.888224423967456
11.131937088260871,16.248120062680538,1.7368906605238874,989302.4115039082,-0.5024014206101863,0.3127932772199937,52.05518549121903,-25.87262892486249,1.4965856253595957,-30.542349862787383,-19.963612031135018
17.76316742667982,18.093862701394986,1.628514073040646,1222797.9241369045,-0.5810007892996985,0.7680705630123517,42.37412688074879,-18.69480613856726,5.540606941086072,-26.459914046882567,-18.009341769417816
14.410903275453835,18.544465871513,1.7412619270832606,1285372.7140039462,-0.45376867613551386,0.4975848716073328,50.86207302508767,-23.336362891572115,-3.24351677528933,-28.93488381610863,-19.101080612482825
13.995161191083445,17.51147507400773,1.6566274114635153,1146312.8233658636,-0.6235447618305016,0.752254606937071,41.93567371129169,-20.706820626959185,6.437042067817032,-23.682973017584903,-15.768776441681986
13.432413538692026,16.35467029604328,1.7154664614886972,1001898.9333176238,-0.4760031089225941,0.5470982456671414,48.32272706998492,-31.38576613025066,-2.0110570319156347,-29.244474375569364,-12.607341379263163
11.717820039938106,13.764329724558557,1.5090586284671017,710374.5837824665,-0.3844097071354625,0.2310093653065306,44.34100034971235,-16.439835288306774,-2.037584796075968,-25.377240037179227,-15.829431166476555
13.883492017715431,16.354866697000226,1.6205247922861796,1000749.270358922,-0.3899122719105492,0.4843421120581448,46.54156273330982,-20.654096820268062,-2.0143579519396124,-29.60952912947831,-16.51857847023363
15.073083683370779,16.878388636672167,1.6768554540735303,1065898.2938182028,-0.38564620872540367,0.3163323186195677,50.10463170279218,-22.557644366508896,-0.47374129049444047,-32.937104177807086,-14.850600891840248
10.50429036126269,12.542071758802877,1.413980744489229,590217.2650581079,-0.31447643880639026,-0.0065627376833354845,46.087305643413096,-14.897661762712865,-2.826513585286243,-20.401070351985197,-12.520954372619354
13.235023954296553,14.523475321970423,1.5302212648427584,790176.1409876015,-0.37577155958742486,0.2121668965629877,44.878221247344555,-24.20162905197308,-2.399574436151953,-25.3820959479555,-16.952164494313983
15.969616396240854,20.11130831042275,1.719262636365304,1509493.2710176683,-0.526571232862076,0.5559361250952475,46.74822082163909,-23.31776200323464,7.603611471587065,-29.452553514137925,-19.822979695546294
14.987877765750877,17.353072154298875,1.749749726362386,1127026.681686156,-0.3782277763126715,0.28283815035677007,51.2172215442432,-23.149968698783805,3.1368813508458535,-30.235424997594297,-16.717071502716074
18.835259206652914,21.90184703059463,1.7757546254079346,1788937.7900517369,-0.534395777760713,0.4004170693153002,43.99143049016578,-23.550306641020097,9.857454842269437,-30.38338053472244,-19.502028616509275
12.947755516365616,15.754066359300559,1.6066932015385325,929110.5189688136,-0.42510014391365314,0.1440821640526404,42.93978974361157,-24.613185124425662,2.555952527391847,-26.60842737039791,-14.184309624288407
12.355423726462318,14.97863467720964,1.6551079457840103,841401.3470858942,-0.3829727563095566,0.43618839474905036,54.53194882592536,-20.307590983617562,-7.531175985800219,-27.919870571693153,-18.38969932185998
14.903872334493334,17.94855039521539,1.7701562620175844,1205176.9031541294,-0.4645475976930563,0.4225603077856568,49.641315240378816,-27.491047331723657,0.04422142467979079,-31.19465724256334,-15.031287144368694
11.736037204699043,14.20845204426439,1.591110829554327,757345.5084303487,-0.47643109012218066,0.5700375618274136,48.54541904353824,-21.153067824052307,-1.3903576731603133,-26.279232051715702,-15.793030073597901
14.17929164147105,17.190737785126064,1.6205108252415135,1104636.5650518965,-0.44553677010418313,0.22264664967421632,40.40512643223458,-24.889349521864624,0.48129542068106823,-30.87236524368067,-15.916696588028504
14.322107628289599,17.054185689250154,1.616468121820897,1087262.7003290271,-0.486030308426657,0.34803932170909935,42.38695651192832,-23.002960993324074,5.044593903544637,-26.923152972957958,-12.631298867411141
13.989442103273538,17.79790068679477,1.7281726771510635,1184680.6029868217,-0.6392660947775911,0.7079994682906845,44.08912238427038,-27.51908059101453,3.3713093283045446,-30.4406608595256,-17.39443901135799
13.715372373396058,15.717170724789689,1.6006628755038983,924736.7936490149,-0.5758312845573367,0.3892456339850865,43.482745120058105,-27.916900554098454,0.6976106630782557,-27.35185524344665,-12.806521095970758
9.165144330344889,12.156721109799753,1.4777476097919777,555637.3907475767,-0.3535448816022364,0.585374921854374,47.19805700246959,-16.52774668792869,-4.716126402510657,-21.44962520043824,-15.558719699017978
12.146426797682409,13.681031214599042,1.4894518884808146,701686.5488949644,-0.4155138115224483,0.7813563497491955,42.595441411245346,-15.53000012712885,-5.5749650353955715,-27.032983284310838,-15.41222305377483
12.619198090145304,15.284223039693405,1.6737576758743178,875895.117826602,-0.5520949129682925,0.6022637434814868,51.188016378669275,-28.04849927605106,-0.19564058277594135,-25.444903657320616,-15.022674096236164
12.67604233095042,15.590532685990718,1.6379232575983267,910494.4950238417,-0.45414058269703356,0.3068533078335234,44.33161394208261,-24.32024744076461,1.570818984808561,-29.126475143302798,-11.598656770234804
13.545621519728051,14.69150241849213,1.4685415069373646,807678.3569269353,-0.319602935095461,0.3212286601884351,45.64956096577134,-16.26599476911604,-1.594337481021633,-25.515830755187547,-12.934282471240513
15.763173377802374,19.848346830544404,1.7025359369839026,1470349.629435136,-0.47408149940982347,0.36002089594555553,46.194879845954816,-22.85157727844836,2.949867811662241,-31.787455057451698,-15.94031772748165
15.106831470417902,18.06457919223416,1.5767747445326785,1218260.4641536705,-0.5744889442607526,0.7714783886075156,37.89769895217047,-21.67979019652336,2.7916616820777795,-24.22733557163368,-16.445479719303002
12.491103414390393,16.445730165005045,1.6624720890257023,1012301.7894662363,-0.5016778063837739,0.4440653098792402,43.64476819298865,-28.037137983639838,-1.710019107764277,-27.685605792875897,-14.995438846677427
10.739379672751216,12.6904681432806,1.4438830836049978,604406.9501028135,-0.4887101263904957,0.6758120585365948,46.1854312191401,-15.468044966880043,-4.375623664582944,-18.567707405501878,-14.1586938049631
15.574203459129816,18.17677009413319,1.636516133343886,1234036.0433863252,-0.4564808613994254,0.452176428117804,44.37373942323359,-21.801691249090926,4.79197385616341,-29.080771959921407,-16.248243406172495
11.001961931233353,13.273234634819541,1.5110917771806176,661202.2880912831,-0.0568697326782061,0.19108803612566616,46.26319939031863,-14.765155682834202,-6.186745313262737,-26.59286727659095,-16.09791603492181
14.770636778997611,18.41358854275432,1.725541057401614,1267249.8080365504,-0.45177513997734087,0.2381006682003295,49.17050500032398,-23.952892502569583,-0.035551789184004146,-31.858299559786417,-18.11788889917254
11.92961774470411,14.854333538602923,1.598008234393151,826973.9884909984,-0.39589308788294575,0.3374821794257383,45.87035023790814,-21.96502435633507,1.6798379049725403,-25.562384191668116,-15.091635988965217
12.234959669025448,15.799683217657103,1.6215545547547656,934621.184268499,-0.43689764535092046,0.5174210937860759,41.30353624608688,-20.821794788480123,3.965910671622577,-24.600704966296576,-15.459633513544267
15.33489858659244,19.845415870595115,1.8295453987280403,1471580.6783758537,-0.733833063161572,1.0212925402280097,47.68797580646687,-23.382117832507124,6.474151565879923,-28.73535148614203,-22.187871376574485
17.900808074293867,20.658008063695913,1.7709025630823187,1592740.2012415691,-0.6634942262676212,0.742356769853834,48.6195009769166,-25.47560473852262,6.5006381294026685,-27.098406108198258,-20.41866997403939
12.130879049134037,14.321467480132766,1.496718239228497,768211.7291882773,-0.32850315046499085,0.4375900838718092,43.82050651900073,-14.019214889563473,-3.9733410623574095,-27.46346931117145,-15.956875429422677
13.832301411187462,15.460794668029052,1.6817115104681077,896107.3255010241,-0.32986529733598463,0.4566784264776391,54.652335075644444,-17.72901656309216,-6.094827374163545,-29.678215672772772,-19.101982334814764
13.687550771229752,17.999637800644578,1.6071590675856762,1209941.558130904,-0.5504780277392401,0.7384167912040294,44.60224757028328,-19.266679832047025,6.0074769651530815,-24.394819565474464,-16.690575485200632
14.836542671960753,17.434926491630744,1.612958910864125,1135872.5948928865,-0.4855250988770409,0.44819625489574033,42.30669740155618,-25.416692814099207,0.055124408386870626,-26.46179661899829,-16.7291314363416
13.980742521109475,15.745284089714508,1.5772203227312158,927737.9095203981,-0.44432210371852277,0.41230459621510107,47.80705466738558,-21.352289945234638,-4.035510288643231,-28.01861455989624,-15.723304575803208
19.839704797646405,22.864824065154547,1.863611371084062,1949842.3055641106,-0.6788248264152791,0.8944378274299201,47.59794930250641,-22.102703168099495,8.952303645934876,-31.850493056246904,-19.564904263626868
11.795263063782961,15.40000227063015,1.6695056656535932,889004.8172768494,-0.3557058395235112,0.3671530089657411,50.415844686942734,-21.527813817887136,-1.6840893799003944,-30.47741442137483,-16.69871133798516
13.836866900635549,17.06403621911796,1.649492228882265,1088907.490575399,-0.4290687316363691,0.2254270276047916,40.7778429021394,-21.18301385115909,8.888509777988794,-28.28315359397473,-19.20876037406301
13.571259804420189,17.381646513896314,1.760485726796368,1130843.6031823428,-0.5132321416859785,0.3955749608624788,46.76215252914862,-29.433303490765674,1.2136009946852528,-32.011622002427764,-18.14092160736833
13.42643872891261,15.49921879905813,1.5611558647879635,899066.3817114598,-0.45703808093487747,0.6043278375557173,45.260426733855056,-23.70619677576277,-0.8945071628735306,-28.117847421166687,-14.111085243217953
15.553756793407134,18.101666084178838,1.6418023305029634,1224005.3998371325,-0.4944796899530873,0.5336526315167434,43.65188809274945,-23.078502432112025,6.590460932387744,-26.511266831481308,-18.95539191394233
14.030970186053235,15.873566266180235,1.6177186604344937,943245.2783815481,-0.29714758071278613,0.24221663049652165,52.722001033478975,-13.469267994332426,-5.4860741390088394,-26.680835218878634,-15.611039675069172
16.48818443126446,19.536763826763853,1.7231226749129596,1425144.153992404,-0.575027289318869,0.41984372047399665,46.82429160035554,-24.39862055871648,3.1325336297958746,-29.67949694086593,-15.18935727126683
14.695896727837177,18.512132654074996,1.7801045584512678,1281440.3014102334,-0.4340937455473307,0.361645149588234,55.11458657352819,-26.850511363499272,-2.6264099242228705,-32.05973750839535,-19.99244350792195
16.28617782675301,19.319156918680598,1.7500967910650893,1394164.3157729257,-0.4475789495758529,0.4347940631107967,46.67198305361269,-22.466617309504233,6.8030246166853505,-31.428922626692447,-18.402657169934926
12.788076329317903,15.809222706653246,1.5893736816583122,935355.5239239244,-0.4606591377474811,0.5193901032571095,45.663759630507414,-21.32785675000315,-1.2311256073141066,-25.435239363846087,-15.964677272785252
12.327029152798143,15.878487335045802,1.5735967817079817,943302.5102926663,-0.3783174292317398,0.3839163983916247,48.181760926883825,-22.05209820891506,-3.3151004801906323,-21.8650686985846,-14.618648054232278
12.099111262867424,15.372115244562865,1.6397013152643296,885459.978470463,-0.35110500744501805,0.2574692809815229,48.98410082253788,-22.233889085000413,-3.7958308323781487,-25.44880230361565,-20.72996873626817
13.460157574334323,17.02220478813342,1.769087126803873,1085139.3885376463,-0.3900635692971409,0.10258523871692793,55.238873714713876,-27.12119392648026,2.4289331595759407,-30.795184214201978,-16.46724874881474
13.82484706476352,16.28609103060462,1.602804670871685,992220.2810387514,-0.5282247040179546,0.7117595869189413,44.003279503789855,-26.10847756130294,-1.8607962610829005,-22.972719201728914,-14.177409762759506
14.852989151464746,19.137417249055808,1.6466060606601731,1366967.3470412248,-0.540978205925433,0.634664209924586,41.53064126968112,-21.181321167466606,4.959037800952863,-24.701724356916444,-17.370984545666516
11.08113137286331,13.99906790472516,1.4847560726948081,734250.9823610703,-0.4040783560620576,0.5354746158611619,45.39480288216981,-17.86904938708696,-3.865007355789656,-25.10626942569488,-12.073552717637671
11.163863182840993,14.020276224108343,1.537390235969699,737042.0008811147,-0.31271605121414525,0.2974467777150456,44.66666519648206,-18.019712974899043,-5.791101602074656,-24.262313835216624,-17.432170437268304
17.4833613303194,19.116726705646848,1.6046567543437382,1363529.524795502,-0.5150009683254106,0.7302400090902252,39.70495023240849,-20.916495224201185,4.074371690509367,-25.83392408609793,-17.65078048390641
11.91110101658296,16.029245812573972,1.6413083889279698,961931.4268984341,-0.4609506124511165,0.29581581643081867,49.5465642971795,-22.240403700755927,0.9366801669312187,-30.48471860624545,-15.490373002593824
14.821591678963635,17.445395480460004,1.5987266077952822,1137056.1646248507,-0.5406964290415572,0.3978511386484316,45.36899289040545,-24.431064826930193,3.314539783041058,-25.469825431293046,-17.68837440401958
12.830213641341173,16.145769646778252,1.5989468628002899,975313.494203258,-0.3680580483138139,0.5685462345501331,51.326246375364434,-19.47672219262861,-4.85318224916314,-25.953312020782306,-16.107024800912463
12.332812477297896,14.880488726388402,1.6447109115539589,830416.5393529946,-0.36292249348489536,0.2682440692796635,50.512525499072964,-20.630267574257466,-4.799872136132208,-25.193381450857988,-16.313567409271997
17.250675956313888,20.255323428490794,1.727721486091003,1531139.966030825,-0.35743234795610673,0.09179197925918992,42.60888292121315,-23.13966543498742,7.799595648393844,-30.242372581614667,-16.64890328389963
11.401893655180288,14.035174843286935,1.5540353819321402,738781.2935389959,-0.36677277322022334,0.023018464004885608,44.98176042549096,-21.56431771019909,-2.9648279934900104,-27.31757216117007,-16.099490296303273
16.174064444839406,18.31938053894004,1.668979829251732,1253717.1548884984,-0.41535938900141706,0.32272605513862374,39.72454464446254,-18.29979057680067,9.43922152522773,-29.51772823371231,-14.609411634037505
12.895230231683552,14.809349612827065,1.642885388325296,822568.940451992,-0.3846580595365261,0.33956927974835205,50.734283954762105,-25.02393737549447,-3.7009890310449176,-29.201332340755517,-15.99356365212389
12.821626098798308,16.181213019036225,1.666529548163538,980376.2542361309,-0.30935842691787674,0.23357782792348392,51.745701105601384,-23.626021899985105,-2.355599642206475,-29.890385253623435,-14.172669327085298
11.18398503379872,14.453997355263905,1.5294859965708123,782708.5445856224,-0.3308570059192049,0.5382790654173211,48.40332232311805,-17.162784972201592,-5.646382396553534,-24.30523912958076,-16.737525508759457
14.655157830529125,17.42932206369896,1.640706247972894,1135483.1489144003,-0.4476561260070775,0.2202026386914695,44.09192677952956,-27.527717910619305,3.0155743269075317,-28.675093911913205,-14.533986769658686
13.15764554867954,17.75860489769823,1.7221584227176636,1179427.0163060362,-0.43055109004739356,0.2968657316115073,49.70370795291818,-25.619433285530764,-3.6878669417328043,-29.902781810432412,-18.1910335864886
13.578417579011822,16.247968153142335,1.5957556048205175,987541.4632319007,-0.49616371289196415,0.5836744521494328,41.94797706870518,-15.528479764456987,4.0270555324252895,-29.784538236801104,-17.262221866649277
16.782492518570262,19.41751239413612,1.6879456829528683,1407488.5530996327,-0.4476825932888916,0.4399174446617322,46.01532196125524,-22.131192310704876,6.663174118742211,-28.36875213143781,-13.530660084358995
12.76417497469144,16.740163249926553,1.7229378813166665,1049261.856038035,-0.47156538862973424,0.26151441193266,49.51268715833999,-28.149281117131174,4.885458061009473,-31.686273849516414,-17.92728991206508
11.532580499411408,13.652158198319858,1.5410709643895948,699342.1774161223,-0.22818514168741189,0.2473698195684464,48.740776281885516,-16.40654766583279,-6.082352924273701,-27.95831865814528,-11.866414319343743
13.605102033444219,15.342786411443894,1.6041334886779244,881694.9264273196,-0.3992557524080746,0.6807902195985323,48.30405825552132,-18.30837065302243,-2.8954127611226763,-27.159186811800005,-16.399802593741818
17.38499112246357,20.482051281377693,1.7799879466591508,1566039.7065068947,-0.5871771118066935,0.4435769900899573,50.37720242928235,-27.77197849245333,5.645875592595977,-27.470972341762874,-19.816261942899953
15.16808951353797,18.67621769510677,1.6231469764728377,1302069.3185258443,-0.43091096407829277,0.33265063556136054,44.52333607375745,-19.052055045592162,5.424315397717063,-28.64076676860774,-14.352724425791383
13.651160996905357,17.646308583501142,1.6230894620652718,1163468.6494263792,-0.539491444592473,0.4578597874508006,40.65678138110373,-27.32275073859741,3.9885842716713302,-25.122465734177545,-15.295390779784046
9.538079894635962,12.811138360051851,1.4768898415660372,616165.4701811206,-0.43742895029580037,0.4708372430054295,42.74832136865184,-21.509439360264565,-3.9125087092633324,-23.93769989526041,-12.620360138208252
15.782212773623826,19.97751606072341,1.782133382927234,1490436.8309354752,-0.5128263199356241,0.646618061148593,47.212231214403495,-25.277685587214876,6.416460980218266,-30.296629569664184,-17.557437272957195
12.202188079377692,16.08315070639726,1.6054620291725328,967913.6326205241,-0.38405069775035927,0.26358864832887363,44.69755720373831,-23.323663661972425,2.2179909478915194,-24.574209973363317,-15.551789588258043
16.429445572159665,18.148756937290667,1.5983647678556239,1229808.6094514192,-0.4689951028330767,0.2716330727506202,41.04901468208274,-25.561028799518724,2.490173589546566,-27.994430183206823,-13.133049351951485
12.190994316947878,15.503515245051869,1.6527205543124694,900650.1920324708,-0.3901303530112236,0.293810946703271,51.88656456999081,-18.331905398738662,-2.619050024142423,-27.321343614591708,-17.570679658678223
12.810771519736644,14.893526271628861,1.5018586754628909,830189.3693750439,-0.4224492784874228,0.45184301582547803,42.189752543358885,-20.257814210675946,-1.9900523443003908,-23.447846813337463,-15.424239805798429
15.628251595966143,17.931148147511745,1.5911396360191998,1200634.14614465,-0.5748748624076271,0.405068390833899,38.7388434175371,-18.57717865185392,7.252562796932446,-26.39198193930996,-14.853956719092343
13.016664273511017,15.973589360375772,1.6211162563886643,955088.1452662128,-0.6193987030010029,0.4608292528898583,44.501091215766394,-25.926184254138906,1.253134327909558,-23.96433531736004,-19.89295591921413
9.60951203932128,11.700682118103161,1.3498432622842205,513987.3839823511,-0.2112155285914971,0.04790006751443965,43.905065593203645,-10.659057547702535,-3.0505669345276267,-20.007892331928726,-8.766343603704609
15.144270184407905,17.486376247493716,1.5439143109740954,1141721.7801019517,-0.44170857727591595,0.5251409927256709,38.687140628011946,-21.34555165776947,6.275204929744282,-27.462987931121607,-17.342465704711024
10.554082716517273,14.685226402807318,1.53922689615054,807782.9730460045,-0.5294011939897746,0.3712516574689584,39.401973638330766,-24.60749876749441,-1.1776156074756603,-25.86514193233446,-15.573508047739896
12.386674486165752,16.645790936488368,1.5245724952196658,1035201.7390054689,-0.5147007680304985,0.4737033348240254,39.76542854079579,-22.44733015593763,3.9853160427692433,-26.30535751513279,-15.330410615924766
13.989689287557542,16.79850529281991,1.5655065398168075,1054593.3889106945,-0.460103980376693,0.6460088891643521,44.957029519765015,-19.427891107598246,1.8082891760493913,-26.769839236212,-16.6266738808625
11.255376206386401,13.883393522976554,1.5757855714223727,723333.5073388467,-0.36283667587438095,0.4715597104980831,46.43674048135878,-17.50581710909494,-1.9214301383121914,-26.103680786701197,-14.948766459300808
13.817233485622575,16.87651000676224,1.6453849978031578,1065275.982066561,-0.48427988622499213,0.4848872136743858,41.69785307178907,-24.60048624659315,-0.04435592585447393,-30.028352430599796,-16.71392765629735
15.569244062573897,18.683417909827185,1.754954306487951,1304715.6366681694,-0.4937791437456109,0.4038647540810727,46.765406092850824,-20.06267129926468,8.115729244707397,-32.93374453363758,-19.660375195931586
15.425946987373159,18.72729057645963,1.6453516954168568,1309415.8927587136,-0.5758545226186447,0.42621479660358474,41.562131289096456,-19.988632750857498,6.874413179254182,-26.606633705568136,-19.24334388713679
12.08417969678206,15.25068625646962,1.5108762567270817,870179.1908105103,-0.21837865951051808,0.4671641424332682,45.87304661198753,-13.695074740543156,-6.013339041538971,-27.855208299494503,-16.017054229139404
12.824626132087012,17.143881278818867,1.7559877585774508,1100370.7665404393,-0.4016367466687715,0.22443412466315626,56.01025980573334,-24.387232011983453,-1.1914682961023872,-31.666116770243768,-15.593041851305195
15.165679724243274,17.35706918855534,1.7356867228743025,1127359.1013962405,-0.3926805772836991,0.17129788223409914,52.55624465276901,-25.1671847156303,-1.613989971847524,-32.73112562428381,-18.155596834021303
10.75413214093332,11.477036649505264,1.448922855135178,495809.57520708523,-0.26784015931843574,0.19742840677492568,46.11875849731278,-12.697940492828224,-5.226206527152922,-23.92915290847531,-13.161821722726012
13.357098658473445,16.869339170071697,1.70756110256712,1065151.8169742571,-0.516506123512133,0.36245721511811446,50.50346121465503,-20.58722210399633,0.2257590027685114,-26.19992344829644,-13.242872168963043
15.230583833884689,18.338820806578152,1.6842878777042496,1256547.690524985,-0.42221759270399895,0.404912013927059,46.663023984919974,-18.478278000069572,3.0472214717081156,-26.92282354697147,-16.763726630160146
14.928976917918762,17.59856646869049,1.637331322592704,1157406.4157456476,-0.602634032413069,0.9933285101757536,41.779286744036796,-19.845046496498597,1.907069014173362,-28.0251092116384,-16.62232902979926
12.175677343041531,15.422402631497913,1.5488107437264493,890123.7218855297,-0.38175321850494076,0.3051676812326436,47.66137578086344,-19.554624154651393,-4.292955717482064,-26.527808516158906,-16.249530185914676
14.830910213279516,18.051049999546795,1.5623664596666345,1216282.5686247917,-0.5825369002133325,0.5799802992980077,38.12003832231398,-21.30608265858637,7.237909101230504,-25.457178631128002,-17.307579737490137
13.54195960951994,16.500747841643825,1.5961473451609416,1018216.8648480225,-0.5362663971238976,0.5644464106058455,46.220141213955905,-23.23237091001321,2.96806948688526,-28.19821047720098,-15.626948881840871
14.21886006724386,18.3916825988451,1.711061948509957,1264078.2792997523,-0.45436221218266315,0.4156974007163967,46.49926033430154,-18.82855914517169,4.860504252818988,-31.251930345940444,-16.084706869755227
13.083241536501424,16.180712233717685,1.6670681212659413,980322.8615144492,-0.517603640826766,0.38316085972620995,45.861575350885076,-27.013540357941622,1.8809954974387235,-25.16886451191226,-16.553476946005244
14.999611077493368,18.805056695397845,1.7212510290830023,1321176.555274424,-0.5612556156552677,0.5608131320784087,47.779000913183324,-27.80445758334219,3.0777808726650484,-29.250320882459885,-17.968807246836363
11.44445163816925,14.051311720325351,1.5864807752688155,740838.0259661457,-0.2418791996490405,0.2114509220086589,49.60163969827385,-13.138664118193262,-2.137237682786929,-28.620337642782296,-18.821103359640205
14.278716900147952,15.93730398087937,1.5798832006724928,950309.1181403998,-0.45395643325202956,0.2843869778997825,42.51882914899717,-19.825362244681354,-1.3717234246129384,-28.638208781318973,-13.32912642261924
18.571752485112167,22.072454161237005,1.9041671217420926,1818484.7103971366,-0.6228184697653107,0.7946094442965448,50.94417148600588,-24.513428436512868,4.823154536907044,-33.20481039058835,-18.55042171832197
13.830546398545678,16.606130423257397,1.5476070366904342,1030577.817420591,-0.4966900722467275,0.6745574514715829,41.41177412542865,-17.45696529640176,5.486695779891008,-24.390128007149052,-18.071340195239216
12.440288583685469,16.345804306113923,1.5969997585267848,999370.8672104885,-0.5357931679777199,0.45690505508758994,40.92610538157673,-22.810177628707578,3.6190226176402995,-27.025700314228878,-16.84136115592117
16.202099814849223,20.38789447877039,1.7836126314698042,1551830.0441739582,-0.5811512157577032,0.6141270118609805,48.092287045259496,-21.984132687587014,7.363089128676176,-29.447230958680127,-20.72945054305075
12.453164940208902,15.783884978547592,1.5941833868251047,932446.4112697772,-0.411773174132898,0.5326736195419786,46.670557634312914,-16.820506379581733,-3.616810915365382,-24.24947001211261,-17.503802227721934
16.042424229034285,20.818324174828764,1.839582641647202,1618294.670680443,-0.6116544056518989,0.5605004325542682,51.7943420359376,-26.16927961944211,6.897683868644108,-30.32100985349446,-19.20840050283863
12.493187082010952,15.460560842358596,1.6036326025903034,895130.1455075629,-0.4839502324238441,0.9548078810775529,46.429786856538286,-23.515733222767686,-5.317685147527623,-25.857951753281938,-11.853093908373726
16.334435045906755,19.84014377222774,1.7611979253503025,1469896.2208443987,-0.6314646242666533,0.44513408911068986,44.67013581981456,-23.04630000086705,5.4583313541790766,-31.1054122067821,-16.752633212464744
13.769220118692322,17.339571441497835,1.6213471788642724,1123687.6139843543,-0.48037952905786324,0.337457984521532,44.27213321001763,-22.20456271551577,1.8785081061301594,-26.29199839808451,-14.725809068053042
15.771691421252964,18.397807397734407,1.623187700090042,1263827.575086031,-0.5551931171785854,0.5759601221557036,39.659184052383964,-18.889699799532796,8.178623354028861,-28.186234549609736,-18.47969837294042
12.382906571769723,14.2934593576434,1.4780651250645183,765036.7688979947,-0.3064590899054415,0.43972870379289253,45.60449226038552,-12.888203190344516,-3.3188720767017625,-23.903371076828776,-16.350470624492246
15.062091583518278,16.991080965191315,1.5838406784442707,1078915.9464617132,-0.6042116492679248,0.5136636360566227,41.09942068558421,-17.904337301046517,7.765050459398552,-27.107632329580163,-20.738448301750374
13.990662989500048,15.790266766458865,1.5206272762109116,932344.1020749854,-0.4615415866843248,0.3802734717919587,39.686814791173475,-21.238507535371056,4.224912327277713,-26.22627140601103,-17.555300181063195
18.27114448308648,21.431597699003603,1.8191446143185026,1714016.9814563382,-0.513542011853032,0.4308236896020934,49.6783502164688,-24.090933595527808,5.305076961628215,-30.006406970947882,-17.416312087103286
13.187487556333204,18.491502151638517,1.7690058701015707,1278465.9494602338,-0.5227337304387907,0.44678452191448503,49.61232069729288,-25.77284347750389,4.583643362955247,-31.69162503369181,-17.121972405253743
9.486214043877645,12.33275852239468,1.528313624729831,572173.0620133,-0.2907306363102394,0.30177528125216035,49.2838937063262,-16.924327312958994,-4.979993800511476,-22.543743079827152,-15.83256147354173
14.657845033965215,17.735485832768497,1.5631073979824046,1174450.7749215588,-0.5309637545865901,0.4958857740484981,41.4466415457951,-19.606283807300912,3.871150967812717,-26.416170608177335,-15.49094630781056
14.436830247152155,16.581037852129004,1.7362400202206087,1029787.5056760446,-0.4892772485292485,0.3143609550207853,48.79558629645457,-27.130223052087956,1.1116983972326648,-28.71905403391617,-15.62334945071633
14.37900098413296,17.224546294804085,1.777353236651611,1110921.9443797835,-0.42676895408967225,0.30097095633746473,56.66024408155448,-23.074396366268704,-4.096142127434017,-30.900638879344598,-17.322466660726
17.676878915928064,21.41736281315615,1.7703847466995755,1711108.648940437,-0.49984406190723035,0.3658286131103381,45.17256720032211,-22.913160982505524,6.017817266542709,-29.39207400244168,-19.284625494642356
14.86976523293925,16.575194471152933,1.6816167360940655,1028377.9789665247,-0.33991097788743535,0.2116102594560063,48.98397103711187,-25.904990229678244,-1.5845459511904298,-30.081601286153358,-21.02098864978462
12.81232648685529,16.493551309451142,1.5914028054876836,1017281.1004296367,-0.4454672217471335,0.3197716728668576,44.53115321739648,-21.865882109098248,4.027803716215579,-28.845398309084178,-15.648501833210172
11.923593098025316,15.119265811689697,1.5077047658515812,855356.2045400792,-0.35744824608898174,0.5756630851889346,45.36436024614635,-16.543459663177444,-3.616503493733315,-26.68650140477843,-13.51195389039481
16.844381251230203,20.58404899050959,1.7485182464321014,1581147.2408811867,-0.5189103530589173,0.3540826061603717,47.73845065341118,-20.701773879946984,8.712017647288757,-28.823251934179652,-19.438133292256307
16.880765413197913,19.403764645351522,1.6305231775632407,1404805.1699468528,-0.4711805182424567,0.440766410721781,38.55745425465818,-22.515222891621217,4.299079640707163,-27.306156540241076,-14.66601991435372
13.981353241164069,16.731296514917005,1.5599174415938637,1046179.4624577253,-0.48510334790715187,0.27251137085792765,41.17774917014861,-21.03605211644309,3.122112177520208,-26.260154901188237,-17.326433094438535
14.960446446452837,17.20773593034983,1.7031183005438262,1107820.1487778812,-0.3379101572840478,0.29129822133134864,52.563097296217876,-23.156624418333834,-2.4238382593765495,-27.131304589196766,-18.97479137833748
11.909821833007083,15.444230446457883,1.6335000181404407,893618.4955344405,-0.46053486160879964,0.41489770685638083,45.8100728872477,-24.42466406521296,-3.9757727480106295,-27.03447024233196,-15.781491145155172
13.095349060358199,15.834617999156613,1.5633049414561166,938028.3784686201,-0.545756192180109,0.9965244125013335,43.06770231649386,-25.16294507258075,1.7616686441772074,-23.960501827555998,-16.751062410758898
12.683130110996128,16.274740928328566,1.6710224566404432,991678.4783804697,-0.30926818193657224,0.38397985389224853,52.07793229651391,-17.33014676805427,-2.542133373059066,-29.56363693048094,-17.18974334899656
13.465749042434563,15.848987455474115,1.6913319870451322,941258.9818767293,-0.2551719081862051,0.3635798877779415,54.870030267826124,-18.54397106887081,-10.203993755643268,-29.739549146351642,-17.75891218590751
10.049038296886662,12.155635664406171,1.498701124980591,555770.6867482043,-0.31009292826211227,0.09555887491529713,45.34392928853309,-15.69962552002784,-2.610457490622684,-25.156166749753112,-15.249387498796645
12.30627328463666,14.007217615984583,1.5064342907478503,735336.8690194619,-0.42673605146657695,0.4079298154591684,42.763080752862145,-21.729634470796483,-1.2487048907147873,-24.755492015043743,-15.279435086139683
10.085854376330218,11.986809808087362,1.3703549530889707,539305.2910794084,-0.19956661784084317,0.1823768944648081,39.84486322475745,-13.283432020567444,-4.228075447918302,-25.13376133977444,-10.120064015943377
16.425558273613518,19.55838817480461,1.6896263421939435,1427852.852064381,-0.5793513011380518,0.40995638166104165,40.46957435240606,-27.05433395585102,4.0967772547131815,-26.249764569682604,-20.87307024910879
14.149838742780652,16.099114685521965,1.6389785328805522,970219.9925901234,-0.38401698780557103,0.8951103002276928,51.96382204896261,-17.958455878908097,-4.502884598065885,-26.700743044328924,-16.891280557456977
15.29019352674758,19.58120753930539,1.753840116175123,1431981.1804659371,-0.41121446054258604,0.1924185840223327,47.11315021386564,-23.274972897345705,5.303938181898911,-34.34049400600385,-18.915386056453805
15.87428638077721,18.496151137288944,1.6233565642655432,1277272.4201514032,-0.47683502998751304,0.5369628331873502,40.38540326811787,-25.363747900164345,3.3594874104145713,-27.791587243643953,-17.430632451206534
15.305100965958308,18.187795494841293,1.650433144946973,1235690.9869266432,-0.6642438872250652,0.8231140521455611,42.13033538674118,-21.377081408026182,5.19065150065913,-28.02939246287363,-20.630134004326948
16.076850368423237,17.836899067908654,1.6336206902535826,1188651.7526226174,-0.5760423185667259,0.5484694842729101,41.934910611205424,-24.55754717912793,6.971305170601175,-27.153907232067635,-16.458067995571675
19.360404832671236,22.084536347855796,1.861258717529877,1819862.7650879421,-0.509414169283881,0.3246407216051215,54.118257088502816,-24.69283572645645,7.060538351739354,-33.3446391683496,-22.91504416618293
12.824709189940725,14.579813039683081,1.4975833529832683,795884.7739544641,-0.22590340336052037,0.04471227490135243,48.62108817901306,-13.530123448565359,-6.279147068298803,-27.39055848263976,-13.166669851493634
13.721007413804752,16.932203069612303,1.613244452640628,1071864.1265741598,-0.5637470391695267,0.44389552213256334,43.69227313182094,-22.507627185102336,5.875479755139638,-24.919498813992654,-15.393683828983624
14.297239688198536,17.5284733221575,1.662009896925266,1148585.7677108548,-0.42260415033094045,0.06253018533019405,43.80770334878679,-20.280211141761836,3.9940574571225187,-29.17997617085078,-15.130217607289126
14.401836224912325,16.36979982897238,1.689252411069779,1003402.6241517828,-0.37061277573001145,0.354712916044178,48.984930658966356,-25.15064240435749,-2.248661695027903,-31.864886525084792,-17.25828283017355
14.39999774915209,16.375071709982816,1.6506832139649117,1003564.9343886963,-0.3287746506733233,0.5734696826703014,54.108460951418586,-17.062219337051733,-7.23336636458888,-26.146438271512835,-18.29438699457392
13.132010093550178,15.205367098325722,1.6725042820647844,866971.701218816,-0.3446552769692228,0.29345707232491636,53.08661911968509,-20.09472127540587,-3.3400856326986434,-27.17495395799168,-18.117771086263907
15.272539150849285,18.155875837733408,1.682830004026741,1231792.9924745727,-0.4683587063832925,0.4326704696276775,42.217975683491545,-25.60841924181821,2.132437352081102,-31.156468932713395,-16.803560065579852
14.286851954712823,17.482741671161186,1.4965529755997549,1140717.3600882762,-0.45958370623554773,0.3769240773925695,38.8683660365016,-18.658678190256293,4.522968664556694,-22.092645059698793,-13.001902646909736
14.77337476885654,18.435040607852127,1.674999659282404,1269541.7621958451,-0.5250391603025945,0.34968725461106676,44.75745508504819,-25.293323104060015,3.843614018757802,-29.37206754739884,-15.306712423190593
16.210026089940516,18.989779832569347,1.6528695526802242,1346188.4672154868,-0.5095537231047986,0.5172418040835103,43.437202853578285,-21.900215466535776,5.387942368347195,-29.77933705965191,-16.847669658808414
13.506992535107875,17.254199888683363,1.7218215842330615,1113990.0688731484,-0.4957149924832585,0.3441374003595774,51.85470108322276,-24.818888451214576,-1.103696384814921,-30.340064028118306,-18.39898907393264
14.62829333059831,18.246612107317784,1.693431398921502,1244163.3170182346,-0.4330295183829408,0.20573464948872688,47.61281088671159,-28.202295858224616,1.7268275704318026,-30.96645847943288,-17.16648252466253
12.10559823548711,14.46619531138528,1.4624865398514688,783272.8409339831,-0.540913718793016,0.48839727379364684,34.26689685031143,-25.102196554267273,1.5264867128162996,-24.410008177571072,-10.344100793151078
14.459849507117262,18.983335652261573,1.61518815335008,1344825.5807777327,-0.5440048176172335,0.46577122987888764,39.6237844395382,-21.272263301189284,8.306266890231615,-28.953264337597087,-15.599438686294441
11.502331127450296,16.370650183109152,1.7852212080996237,1004741.1740753453,-0.49548053180110396,0.4181323030830537,52.65795412166865,-26.169322625199243,0.576820326310066,-33.66687705823098,-14.83191742366588
14.207957185048102,17.261185918376,1.7241849428892022,1114913.612961433,-0.5633982237361058,0.611382328243864,51.478918683333454,-25.57860720372431,-2.0855694577178143,-27.40870184462327,-16.659063966776294
14.999641656988281,17.736671817176052,1.7455486728187724,1176843.1114183278,-0.45218303502386437,0.21641707052171677,51.923539486919154,-28.40957764761445,0.3682085252986367,-30.956611784156483,-15.697252716867272
15.778865488090547,18.040818945542735,1.6920020608398885,1216477.5411350373,-0.5941030148149613,0.8942350933410323,42.37633093398243,-22.06967944690216,2.9350196699510165,-32.27754582705914,-19.035348634539044
15.729050343417711,19.070876356870155,1.7598924674436276,1358977.4998417576,-0.530517307196766,0.43586706913622164,46.51068168639789,-23.468333225829802,6.474091713976023,-30.625573902929503,-19.30892337710616
14.506816581641788,17.08508592012913,1.69531903769594,1092138.661227434,-0.4528380207721758,0.24408918231089016,49.87537579650491,-24.987377967084342,0.3142562556666447,-30.6779591113316,-14.573730918996983
17.81173994044307,21.835011039970933,1.8189405894394417,1778682.5135991003,-0.5947496977461506,0.850984985696833,52.67056604710727,-24.499918419646605,4.697063093976625,-30.425237256460292,-17.89979873080914
13.884088202978823,16.763410715560983,1.5637102851638718,1050208.6617390676,-0.4141673607720841,0.44735225466012096,40.69775996757011,-21.763174335823656,4.150301927912816,-27.736183445520346,-15.38458922587623
16.383947731116514,19.030553402742285,1.732743038318712,1352933.958436689,-0.6923580179443184,1.1349469086151691,44.73829039555831,-22.75242613949264,2.718797873546396,-30.817983734628633,-18.171025733340485
11.60956442618068,14.248749365380489,1.5822411603545297,761489.9303255532,-0.3684608015143506,0.42815273386922614,46.991151647157515,-16.39885081441238,0.6079274073814476,-27.91237990410587,-16.593849483141213
16.755013978134155,19.31331790349182,1.7181576510411898,1392918.1439449014,-0.44777603925363524,0.3002759863877813,48.71801760899679,-19.87077199740137,4.582277784949617,-27.11693012933165,-19.336370924332638
13.200035066392429,15.498900949124703,1.5327829971371363,898704.6378559736,-0.6043118234021044,0.5008528845226099,41.449824766268335,-25.201242613924684,3.8990900963158888,-23.54622858137934,-13.83723835497492
18.291596303050206,20.607833377320944,1.7522285705863543,1584825.240950063,-0.576941451837923,0.7270007742041451,45.28638040721617,-21.708022039800852,6.1801891347187325,-28.875042378905643,-19.481171073719622
11.5362349929006,15.91930166149359,1.7004001572861753,949649.0241431888,-0.5456415074591691,0.4108314780012816,50.62006017947617,-26.870754342907798,0.6717434666176321,-28.987200121978915,-18.271933965394467
11.139357356892361,16.120621350662518,1.654086831844016,972971.6653011425,-0.4973703575931843,0.5858994272874827,49.576496378165295,-19.341497518944443,-2.185129327753419,-27.236234543357384,-17.65671579302064
13.61744190662638,17.795993776294573,1.7398899464587658,1184579.6856508614,-0.4538194633787387,0.2687800173790751,49.90914799512815,-28.472464651679793,0.5721627546925779,-32.18967795803578,-15.306705437271503
15.053331365635067,18.51349238990795,1.6896907318148875,1280464.5066655362,-0.5315528488717808,0.6243415711207336,44.104534533057695,-23.044779115197528,6.069434105005271,-29.40180858104129,-16.565117381803176
11.805402588611466,13.887029942397975,1.578836320983159,723743.3131969478,-0.39477877107543763,0.2390905949762132,46.61509208775183,-21.362243945406263,1.853668581219256,-25.411147316557965,-14.909873105549362
11.607237286286233,14.545936120369515,1.6222418970932682,793670.0072770072,-0.3098072912084924,0.26811765449876246,53.27873318916231,-16.113181623154993,-6.163574998497659,-27.577804579044823,-16.21760835646088
16.01230531607938,20.002623170501984,1.7838437459610788,1494178.4543421522,-0.5204639926191015,0.3157542825604618,49.105711997522135,-24.779608539950843,7.668260857596406,-31.034278704503617,-16.081237994202972
11.147478350708704,14.232969309382078,1.560587029276939,759572.5990158992,-0.2354888836050187,0.2202167149588612,45.88718958768615,-17.927567142504685,-0.24346437238592444,-28.8132508913015,-17.98693999607208
13.022379064932922,15.229458337950094,1.6297188160642833,869164.785264563,-0.4806705350704751,0.25107449929136294,45.24948930471288,-26.236376945456435,2.288168817990644,-27.78566980494979,-12.4478954443004
16.524469072022505,18.258445839372516,1.6701386732026493,1245473.5693692837,-0.4845852717306929,0.4184816328269356,43.78738425456936,-19.64125463118482,6.363406250034432,-27.771964952012834,-18.758425758883114
11.202318623966619,14.104445162916777,1.5604544518365295,746077.3003221869,-0.32504964761608524,0.41947055543842726,49.25196535118769,-20.506119278206366,-5.571380937701598,-25.828206919764874,-17.629788079177622
14.847565774542868,18.789586001212005,1.6629708671156431,1318290.9226177335,-0.5257307500743865,0.52402754117354,41.73253372035996,-21.69133692915002,5.978970089508865,-27.349598957624334,-18.26149669589452
17.15149902691669,19.60838812593079,1.702960170558836,1435276.0902779154,-0.591692182376601,0.5660097232640906,45.1787510564365,-21.356198750971252,7.853159392763222,-29.977897656659856,-18.952158500080436
11.689949590517772,15.080084344781646,1.5693032317072964,851674.4872538631,-0.31388991507702085,0.26096444360758797,51.535584637012356,-18.364917113489454,-5.161061138537935,-27.921627048459754,-14.96796043831733
16.942611466883562,20.58288112657282,1.8590226212349081,1582446.10893738,-0.5460022482683575,0.3224948175925353,48.96428741792618,-25.77064428062915,4.410516512351367,-31.837634018691148,-16.773002596101996
13.573530048167317,17.18589079479813,1.6775844371093798,1104716.6338908987,-0.496915027597029,0.4771988156532041,45.28205813461694,-20.93707717071384,5.439276604724164,-27.99990886839638,-15.609253537850329
13.109039881476027,16.51895242765992,1.5575230674808964,1019992.6777652637,-0.45124714895138535,0.31586067644367644,40.20275782714969,-22.666043943461197,6.792284989565153,-26.189072314449824,-16.11256027341535
15.089311289547274,16.869383590998172,1.7703118493968297,1065965.9456360284,-0.3168553670727858,0.26564361138180725,60.420310868539914,-18.93289554503018,-8.495497800425355,-28.321147870530652,-19.007894194218792
14.056307154511922,16.710602413786052,1.6314177998395372,1044460.8299416289,-0.404761412549585,0.15248224366532082,47.95683761449687,-24.374471470792347,-1.2143447055094418,-30.60219003659914,-12.844323884345425
16.240151565929896,19.833802169002293,1.8052244281544763,1469545.804464541,-0.5074109624948047,0.5652490452673189,47.456211147541694,-26.06182698631377,8.400948146514935,-30.191752799723155,-20.298898778795227
10.77006912649829,16.049610352662746,1.7038521033038692,965126.9520325704,-0.4276058350285436,0.4227911253802574,56.0920469960887,-20.259081217675973,-3.946164401117646,-29.258148319986763,-17.56066897634156
13.305941418356822,15.673975677663963,1.6582520639212384,920408.3763378095,-0.3238841615923377,0.1739208326899333,49.766328730491665,-20.617392633377783,0.31046362096959823,-29.835211239101326,-14.864316733483884
10.344728989095692,14.056801314473553,1.5546340414060908,741039.0884809374,-0.5412402405701884,0.5103975523851116,45.8556162300533,-20.740418130553856,0.5076201174688524,-25.526226514542106,-15.412840488837661
15.274286090087696,18.910757794829856,1.723089532252816,1335970.3812598004,-0.5634649555376074,0.5467514921972505,43.58281171090343,-20.743590599700937,6.743578345698234,-27.225920815910996,-20.28489944329526
12.750768161449795,13.23326892719703,1.4601701373150273,656716.8198355194,-0.3395582234006614,0.3591068792454042,44.45636834067648,-15.990909794786631,1.2698108940305883,-23.545168992219295,-12.410341490026617
12.104682986110854,14.958206959081467,1.513307896540916,837470.9982967537,-0.4257507007606096,0.2546179130073649,37.3585779999668,-21.22990474242265,4.539246817471252,-28.482639051444128,-13.362707797715167
13.182535848898292,17.683539289057514,1.6623096853452155,1168819.4447036306,-0.5892532438702204,0.638908068070478,43.70768924270253,-20.946702703862247,6.628494287370316,-24.87125722557436,-16.41239090986717
12.48590588251838,15.747396203873597,1.6234218038077328,928532.2264807227,-0.4297478282610702,0.2926879143718315,48.52641030121384,-25.162235254856697,-3.494475194555518,-27.89524472934222,-12.935909985206642
10.596167911360105,13.856206562582567,1.5402269948402305,720128.8439496886,-0.35747012512061427,0.3618691160392067,47.292403443360584,-16.634721357086843,-2.3737309501623924,-27.17779813802519,-16.10538459939292
20.34636331682378,23.407170787270882,1.9534309001613992,2044091.2429035695,-0.5678832526587299,0.45522904533276964,52.99704428666744,-28.662536739602487,5.015701802616904,-34.109186243196056,-23.428938214268864
13.971888906722786,17.9328320125961,1.6868426401010668,1202020.1972229045,-0.45249810866994294,0.3234111983838108,44.643999390460955,-24.380797111752926,1.3083687152470458,-31.535047883692904,-18.769588072663694
17.6439989284232,21.90505092020467,1.9036232534778241,1791200.9132259213,-0.5834734024978648,0.4099039302480545,48.01037671097838,-25.449101621770563,7.286249593313794,-31.781266520132846,-21.014048533095192
16.85706275444837,19.329335829641995,1.6468517421930051,1394322.450542009,-0.5370136643920835,0.47617287051771573,43.01377526211535,-20.539539671354994,4.017565273244784,-29.030013672918592,-17.91918785315911
12.752293383603577,14.327120250147468,1.5756620742323095,769710.3622753026,-0.19578525169701697,0.17617739930460008,49.16283251187521,-16.954298436404084,-4.651940299459301,-28.635852556248917,-17.90840280188862
14.534490540940666,16.3185418182745,1.5769722678690632,995836.008094128,-0.47499984196570594,0.4011315658658501,39.642933501596374,-20.756126744015816,3.239185447433859,-27.45885077657924,-18.841177070019
15.298947964917842,19.177405852734108,1.7905420833765247,1374476.958594408,-0.49594617454175133,0.5123466644286871,50.54974887257612,-22.30295338440722,6.386252004570402,-30.419565146165635,-21.2952872795712
17.500074989273394,20.76239784192784,1.7929995098518146,1609051.9021955733,-0.5954588903211379,0.5690089553807436,48.09591311694523,-23.100680348574297,9.412922316874674,-27.917453972048044,-20.937429825020097
13.76994051110436,16.4826080785012,1.610401172043774,1016169.4645212761,-0.5089414037293954,0.5967804655132163,46.54059205076261,-25.295615956209197,1.8644717115551654,-24.506286755454685,-13.205085851325824
12.097433611439678,15.520016523889128,1.6464502010125899,902470.2398707931,-0.4188740436934814,0.5107613722586022,52.70368453486599,-21.111397641926214,-4.975254242606914,-28.70765713970343,-15.911141885368327
13.073301295959363,15.665875305262453,1.6320085926470091,919147.8896737034,-0.5159331927640624,0.5155692579259608,47.35163850109518,-28.629701076689933,1.5716318751271785,-25.654908444346596,-17.86350673320909
10.43930652411329,13.443643249538916,1.4759077599937416,677680.9851241515,-0.3550381205103496,0.221089122026898,47.628599131896806,-15.142251038856319,-3.6070158709791564,-21.26497777212554,-15.642407414670242
15.678609577672608,18.232666019508123,1.727878010224653,1242715.0669724187,-0.5369859809467942,0.6847248327286559,47.08875225541148,-22.86790995922231,-2.6783362330025353,-30.26678057340851,-21.153878006734168
13.98576319934661,16.035707170542608,1.5324233992615044,961418.6970854544,-0.4105853165007743,0.3247028721047762,39.92428880611091,-24.347459035753133,3.1104580912292503,-28.00955389568313,-13.116177090328025
14.268078563852798,18.07578262364739,1.5905122106668157,1219921.810466391,-0.5459407179920834,0.3685958047115574,38.48082912050576,-22.701508415442746,5.77211303271941,-28.405872765104494,-18.78050283218991
14.176898265337059,16.91051401983006,1.59253521538932,1068898.623724495,-0.48709291186937925,0.45993070421662896,46.477711152149716,-25.395053590859916,1.1484025460363128,-27.019578907538623,-13.408495845980847
13.98172229473911,16.07041428372595,1.615650058125348,966517.9420371472,-0.48817386165469095,0.4383824863195458,44.109782861110524,-23.274621107774045,2.3385554685612684,-28.873523195500553,-16.30584659107396
16.21005425338766,19.110575175114676,1.642810041368615,1363117.3254579832,-0.5050510985269996,0.8690950698835662,39.04213949576706,-17.832517352581547,5.256676473099974,-28.223871511114794,-19.326821743395513
15.321211828581408,17.56038446083594,1.6192109211563566,1152214.0464844713,-0.4782843206408133,0.5128489925375259,43.046550609795986,-23.584643489140014,4.133195555103532,-26.73483619906152,-15.635388780069736
16.472393482490038,18.87164526234518,1.7509876486990723,1330854.3495819285,-0.5876773603734575,0.6027385516693,46.72454068088667,-23.995137600995086,4.752738234070189,-29.759306789623185,-17.44001384996831
15.701004204496025,17.126244551589085,1.629909358521817,1096549.7950287673,-0.42262092804704027,0.29886062867534413,45.83445660864554,-22.7766575727065,-3.336789855466319,-26.94989673066724,-16.670466700245825
16.103648610582084,20.120890904065437,1.7958144679801893,1511918.6173957116,-0.5761309626034057,0.8208984352991262,47.71064218393249,-23.42735436204557,4.4097101395807385,-30.864795816283518,-20.395912769872975
11.293387079995536,14.60274227820053,1.553208153974143,798992.6518565982,-0.5191295632843519,0.6472902389320621,42.92127603507895,-20.255706966460963,-0.36707136169013377,-27.171796257509985,-16.815898376404917
15.501320189579125,18.318362785061574,1.6323970177691938,1253131.535726121,-0.592638529594491,0.5595963502983636,42.785478374428365,-21.499906581429215,3.123315437979503,-26.64117015468279,-15.944537176573956
14.970627238706374,18.703281567984888,1.692240197422726,1306666.1297907424,-0.4374391945756795,0.5019540639073172,45.995428391810194,-20.660764382901625,3.565499475202445,-26.951219976757184,-17.1534220198317
15.169301159801213,19.3613339508856,1.6421351582074184,1398851.8721726623,-0.5319616521031286,0.7955496209564514,40.342657651065196,-20.305517236982325,5.499015361920269,-29.69327824667528,-16.25799796074699
13.095836117998996,16.507626696402152,1.7020307027218955,1020351.989583179,-0.5138313554847925,0.5803713220952424,50.75965863128894,-24.677181222702252,0.38070661450644877,-30.297688695354683,-14.570949170911064
15.110704040978437,16.72243883818276,1.502874022905994,1044434.2797494361,-0.5402426895565602,0.5943496103562427,37.53951260062384,-20.349355522196973,3.419528528982985,-22.694642571155935,-11.436358631642417
12.770135785984179,16.493429178210757,1.5666115432573573,1016976.1051901691,-0.45022423911620857,0.587786902067768,40.876475662632544,-17.734798350295048,3.8150928889216384,-27.277778240675275,-15.355389467525503
16.546823603659917,20.538178417731395,1.8141184907830517,1575024.3938766096,-0.5842963474468366,0.5343194744390192,50.32999497059214,-21.583386129812034,7.339892500341783,-29.682437988723454,-16.67617481763432
15.203270451784258,17.278238585047472,1.5598572773164678,1115096.3817280927,-0.5226677748338878,0.5264363840567938,40.19902552713113,-20.639370103870355,3.6574874406342586,-24.83620546568004,-14.314355806313625
16.75507968711884,17.974719408327758,1.5719263435289759,1206205.3213302898,-0.4197266365790949,0.3090328231557238,42.38290955957105,-19.77804277037783,3.1156548526537557,-26.21631189957968,-17.04495237270047
15.847452274756511,17.051451627421937,1.5901172964885193,1086604.1621680325,-0.4861402179071765,0.3355083315501646,41.11502997323893,-23.965843236526496,6.525791041293424,-28.69760949706459,-14.384035548943482
12.403303426372265,17.205891589739068,1.7663501974157343,1108397.797637816,-0.5451478045662267,0.30505007091485403,50.17324710250149,-29.055653596105444,-0.7218295204690078,-31.408638601892783,-15.92735317336494
10.527874849930818,13.324770530365196,1.5613296959935545,666852.7986945088,-0.3224932283987659,0.3411525732825962,47.20873029987618,-19.528440486700042,-5.589651205456372,-26.811621883290698,-19.44482011074076
15.709757032668636,19.381012266423472,1.632784168274724,1401563.044365332,-0.5619813085894039,0.8020238018986383,44.8160685356266,-20.280203701156104,7.202786337746449,-26.873358041629047,-16.43344787041989
14.915581817016003,18.462698068547212,1.7073433826597502,1273728.0243745844,-0.425895000728295,0.25060053811934635,49.63699598847563,-28.993232231825107,1.0311138411337437,-30.250626792990133,-17.92353639487836
22.195462174949725,24.976375257822617,2.1027839367093994,2327632.983931531,-0.6037324443294884,0.6223613850985665,56.87092331328013,-27.337062306298705,7.043257820992782,-35.739652093575685,-22.955549301681813
14.84201785350542,17.491246557800693,1.6436937351423213,1143531.33756687,-0.5200534559878197,0.5888382512620911,43.673720416072754,-22.499634034005574,7.217501080115598,-27.458171594465323,-18.61997390141898
12.012222923778488,14.781056912466335,1.547220414183006,818336.4451729417,-0.2663497850026837,0.3990048275215292,49.98467631270916,-15.571688214884972,-4.346271506517194,-25.65138839856147,-18.995686807118684
10.776182374436374,13.338795143947037,1.4817064113103964,667340.5607404702,-0.2786449859877916,0.20196275578246237,43.95290687005664,-18.450663698847556,-2.5294814695610626,-22.267492132457768,-14.049330205617544
13.567823324123905,16.066724108207772,1.6352574225594942,966314.7229590493,-0.4730628822721431,0.45165923411105924,49.78321646720569,-23.803903203766556,-0.33857621834692153,-26.353721931590023,-15.425645730064243
20.595087799179247,22.13195512634991,1.8853901976406615,1827965.9861444256,-0.6062969660357452,0.6574164251355108,49.58985445808447,-24.62515263010171,8.723164517658354,-32.766303881523,-21.452350908145974
13.769401995426657,15.982509041616984,1.5971226801346758,955858.1226274499,-0.4203388579614534,0.36429258297676803,42.97884063430066,-19.439514982149582,3.230109739449067,-27.868958251619105,-13.62026377392965
11.747614110627142,14.675005973664593,1.6616911523014501,808123.5509961587,-0.38706804363155817,0.26602213828300414,54.23944177346813,-19.258923576658283,-1.5075523469560066,-26.128929418823162,-13.354151409327066
12.89428656451874,15.708941729748208,1.6145530344086394,923944.125706156,-0.22219442593229932,0.16711037953039654,50.747934413513136,-19.21287183501716,-3.237116117276666,-26.317735710815775,-18.188030787544253
18.40385716575591,21.37626627593281,1.834858093817427,1705453.9745795303,-0.6349854400271338,0.7767903077810607,48.64100055225936,-25.704347578745043,4.6796508392476115,-28.963996886726722,-21.30507670020397
14.674238200912296,17.984385724565684,1.6048998836447976,1207881.2532156266,-0.36217002705686036,0.12919733646140674,46.12989833604193,-20.910674322834375,0.36183375523140654,-26.956951505019518,-16.74443568925301
18.195397435849376,20.286508830541706,1.726334827535656,1535806.501495456,-0.5805185647028058,0.8566790784259055,46.08116325162041,-18.75692610564843,1.380738576928508,-28.36676145287058,-18.556466643233733
11.937049567056876,13.55351258801182,1.4310942446511326,688187.9452497854,-0.25188487896745787,0.07312982862528727,40.8256757369555,-17.293517449415212,-4.172009154236859,-23.303681649466988,-12.314133086122593
16.93755570999544,20.833065762680306,1.84350092570233,1620623.0371440188,-0.6669296593812216,0.7476919244946725,49.430779674489756,-27.26030569090642,6.561102181985579,-29.253554113274454,-22.063599541329012
16.608961923833235,19.102421652346752,1.6937187305055597,1362592.2816324222,-0.5069546357764846,0.39074778316659975,46.497374379634664,-20.88760434608726,7.0410424782961165,-28.430789671762938,-19.976780427354015
13.034540555457472,16.463952591220867,1.7006532801792311,1014999.4088523316,-0.47547086370025937,0.5398372906581641,49.607820863703466,-24.51496512756098,1.0620327773893175,-29.33219993884027,-18.051764752161368
14.938659537677538,17.10400440963559,1.5004347726144585,1092227.5953580646,-0.5388519110364419,0.8410648707141757,37.95888973264725,-17.776917775742806,4.12593036792013,-24.21482955982446,-14.276793349720425
13.510085796836627,14.892000175250942,1.5786515824392442,830897.4161923166,-0.2931242099611462,0.5385306058577166,48.68980011963207,-18.425615397116033,-5.314819704853264,-25.63782274074746,-18.854100968729867
16.79721431409323,19.07634111506838,1.6853217140185057,1358798.0040853964,-0.5999332755431359,0.6048903051246834,45.11739912566266,-24.80427795185385,7.042398980620538,-28.32421176874688,-15.3107565641345
11.198387435934697,13.857521559335396,1.635469888282438,721384.490762433,-0.3322805219697315,0.20819612583486524,49.61942670743045,-19.517950075115884,-2.2874304691542116,-27.900034004579332,-17.584874141472998
16.04534200810354,21.178776167647104,1.7651421102978526,1673386.5419598664,-0.581744115510293,0.48504303755683065,45.362965219853635,-23.967982672564062,6.888364152893465,-26.554038132713192,-18.887865928305914
9.928872891333064,13.027075724320127,1.4494177844143183,636539.4287807097,-0.2182213492487636,0.16491530827563938,46.50354966491126,-13.689232783650073,-3.990618260825115,-24.421645442754894,-15.128256369689609
14.333941287076838,17.455117688289118,1.6498959530404633,1138929.190072006,-0.4888252472550564,0.2840273066220136,44.20059657006864,-22.590293627292304,4.911537937319618,-28.894488575399897,-17.912179548101484
16.949099708006834,18.638465770308674,1.6164457290088576,1296769.647858785,-0.5784314596982699,0.7095356748711512,43.534176952494384,-23.67084105544086,3.92274804051329,-23.355415902458883,-17.01371424306427
14.039928386129713,16.12607376314897,1.6666121782778622,973777.1885748672,-0.360808316053571,0.26014835841647566,55.794396350984655,-18.328201898085695,-4.406452605729985,-26.28764930676163,-17.528946139772142
11.55754685485094,16.347503076759185,1.6661071820255602,1000412.1328005316,-0.5014523189210032,1.1087951133021656,51.097622921094185,-18.506286711665204,-3.880594335333745,-26.162489716989302,-19.05411849060079
17.234258528006087,19.24486750962258,1.6816240642240068,1382679.2682631074,-0.48610708126361274,0.5815389656389183,44.209055403863914,-20.944634745640798,4.298794212982534,-28.05588888535423,-21.26729579088645
11.13902955131793,14.383138410313892,1.5495955235975958,775367.271806987,-0.32722516825047043,0.24033965197411522,49.05078276513193,-13.50687754019507,-3.3965197755015115,-27.310905150825317,-16.072787437572718
16.990239030349027,19.661315521949938,1.8155037040254611,1444443.8293948644,-0.6351257943260046,1.029457361731673,47.95657113661255,-22.923094105907463,5.803833203982074,-28.75211073466493,-23.763853512099793
11.643262558965407,15.319929215183684,1.6729357406794996,879933.5917832747,-0.28856870857158146,0.40854404632564956,53.78033654249052,-16.438674549965945,-6.009082940020619,-26.771615781159788,-20.266689405924183
15.629526887785774,17.937985682583655,1.61986343521041,1201884.5416595256,-0.5795502067664726,0.5995335211973747,40.32628249759611,-24.49603925863873,2.6333259129998714,-27.76760959644352,-18.446925604148063
9.630813576247895,11.77447397753618,1.3686695613117414,520595.08458730916,-0.15088474610224623,0.3481530371426662,42.22029977050591,-10.950302714371468,-2.449164357538947,-20.18514574488158,-12.436000626524574
14.841692504813322,17.609959273026753,1.66705838408795,1159256.520984658,-0.5027245183121762,0.3094050868501821,44.09713779435698,-23.95794455681044,8.39467004587868,-29.636172801021168,-19.489901766225717
13.324003446973357,16.503200169651684,1.636857638164908,1019004.3740325137,-0.3322614682324022,0.4022480526868102,51.66748268550623,-16.073588696221726,-5.8182554136091085,-28.14402214724622,-19.671317613585224
14.726146687784707,18.04046734935923,1.6214386805789192,1215564.2822671342,-0.4335037632475587,0.12029369025090242,43.63009414347016,-20.48881112849586,4.876093047514159,-24.963937168340763,-17.495171375079543
16.254852346103903,20.943213202286987,1.7631836776183796,1636598.5198742189,-0.5480822621857766,0.44861073042609245,44.35230448181608,-23.285196713308753,9.715644918224623,-30.014899152786636,-17.91396231767957
15.28195552370456,17.74043937825715,1.688183414414991,1176608.5302878662,-0.4243922941015529,0.341405926728406,46.82601389483582,-20.183292594608094,0.4421958098886566,-28.23069226043269,-18.04771224787617
14.250976147482511,15.8538445521502,1.573811146082967,940407.8001899634,-0.5972981327788626,1.0841974167549724,40.48275969748831,-17.402094108679293,4.34675569332917,-22.160243357826566,-16.111985473772297
10.471867438640652,13.04019216156621,1.426230705529894,637559.1625812657,-0.31646114643186796,0.42126467930447653,40.15784922854051,-17.60346014465253,-3.263919353327434,-23.71415846975578,-16.682589135283095
13.144482800221734,16.503334568937234,1.7599336111735264,1020569.7344681128,-0.45315271195820367,0.2518243920121952,48.438093798415636,-29.46116538360866,-0.2617834072058225,-31.741709265792018,-16.594821530637663
10.092491493751217,12.049963925588964,1.4195675564964443,545438.2538384523,-0.3528316350958488,0.17956701043987167,38.502569396781944,-15.371263065092476,1.917390744669064,-23.969885420883024,-13.249758108828306
16.63305990502117,19.901822132909658,1.7507953400039327,1478842.6306131054,-0.5525773989852216,0.4116157244630907,49.48514491133253,-22.26206081508334,4.306683091179156,-29.561138786597734,-19.065762417812806
12.42245292437422,15.568245612489438,1.6260371711321773,907777.8641726542,-0.37446926012601134,0.1282988118234485,48.31206740604401,-23.95539226128117,-4.459888785291798,-25.963369116997985,-17.59227156129967
15.151466663146016,17.942543065213382,1.6894431613470948,1203343.5037663116,-0.5400551741012141,0.4389355985767689,42.855413556596645,-22.9647956455688,7.1409243251368135,-28.477597618982976,-18.173776825150078
13.990877903058784,16.39995730888056,1.7345947526057859,1007639.286242272,-0.43453054849303685,0.12277846446085272,50.948423178103305,-27.765710661183192,-1.6989042603808975,-31.022651823593137,-14.661178408391027
17.21396036116856,19.54505250825943,1.6469605441378505,1425393.3671458135,-0.6488323275200514,0.6554203019743086,41.81972456614884,-22.477024120842017,7.742485669298581,-26.606203559379892,-17.147864088829373
15.7896706707352,20.424793576700814,1.7980139784443856,1557600.6988294125,-0.506149887596359,0.2748696081255724,50.969103909908924,-22.14348977838879,5.194954897127397,-31.612574631151347,-16.298569141743968
16.103346896230583,20.150222317574617,1.8198497978650898,1516616.9736812178,-0.5046008661511683,0.3162263161969743,52.48078554800957,-24.066892066254454,7.235078346873276,-30.35631040296407,-19.81087289081021
9.572483711507777,12.858201934421475,1.4901730885190494,620787.4692984946,-0.37107113591154905,0.3585039145127431,43.890680873202314,-17.08912641013928,-3.0893644434388214,-22.776826654604733,-16.939467564852297
13.943868703970715,16.403922560636033,1.5966669011593455,1006418.8662066695,-0.612859783096148,0.9258160467684049,42.84457357852203,-24.681674904082975,2.035003364076277,-25.555245091414,-16.077767242585587
12.46644534276309,16.74624841280247,1.6178073451779094,1048715.57576733,-0.4471955712807321,0.21370542963168448,47.18353918500988,-18.969763055601113,0.124638618626147,-27.614918750615214,-13.050368516063038
16.922848587064763,18.098407436954005,1.6711391581997186,1223928.4392974246,-0.4744503822361428,0.4185418927963096,43.48104508498509,-19.834486834016964,1.601249220211019,-29.739326724833575,-14.773233883442572
14.053886940715836,16.887495230247456,1.7855133501269023,1068431.4241432897,-0.44854984867928005,0.4882892132823411,50.49264935909977,-27.72913135490272,0.5233527888711782,-33.192096711337925,-18.055781000663444
16.932047612814905,18.589927834660717,1.7042360445828646,1291154.8475430983,-0.5756723726176585,0.7642439385767448,46.28706424169302,-18.746320626270325,7.1276851042867175,-28.93563476742938,-19.713167169464057
12.561533444811394,14.346301083754287,1.4339639222171086,770168.0101055936,-0.3363507417238876,0.08805082568104838,43.598314516207296,-16.236200813661007,-7.926120917554556,-22.243866953206382,-12.106320032675786
13.313871925688042,17.04171377462901,1.6687954732757706,1086324.1052531614,-0.5386866830010426,0.6180925573629721,48.08189653753509,-21.87003759964729,0.6652515863339312,-29.609483534339763,-16.115453377348267
13.703883470066856,15.524511059827836,1.5002614232065732,901282.849683234,-0.5286749082661094,0.38069167557395156,41.209430339265154,-21.096095272168544,4.406343635580168,-22.80097564956482,-14.289689060278441
10.076590614646632,13.348556979302407,1.4645408514494382,668118.401607091,-0.3903789051290243,0.5093669385269415,45.36924488119429,-13.540374372202077,-1.6177810380638982,-23.260036639080322,-14.74614585246746
14.300716785972456,17.927335392738943,1.7461141269018894,1202043.7860074318,-0.5351364581946076,0.4433026568800531,49.62102698056974,-30.67846903181821,1.7503211316257574,-30.229214414414905,-16.37238153746744
13.365319503771454,14.185254735455985,1.4854010572975507,753700.2517210031,-0.28003398983773786,0.37740068963942885,46.650985354878884,-17.125868349320594,-6.967605019267581,-22.930874172623327,-11.186917618994073
18.4204920919838,22.30051686687722,1.78153911268504,1854304.0909883361,-0.5756465188523576,0.38964128827825917,45.07005259676768,-24.32088002242972,8.308643098716406,-31.571191045637896,-19.28802747920534
13.47008322666516,16.234326136057884,1.6327866307346892,986342.6445979401,-0.41394042520646634,0.39876461678515707,49.91520010792925,-22.379501163571607,-3.5269179977835963,-26.449959650800245,-17.543055711431215
12.144758063755921,16.531405587743773,1.6406310424509063,1022502.3466231964,-0.5757564130855545,0.5120961529127035,44.53296941758828,-23.515476200273454,3.3681354967614565,-29.638112933273042,-14.086405724570536
14.867423975372052,17.945693119693814,1.7138001297562422,1204069.4710567752,-0.5103463554438775,0.4096018828620065,48.34956675450607,-28.607543709240517,-1.0163011655268057,-27.820905354243454,-17.006537166555525
16.99111142961689,19.65058452590464,1.8976792768537367,1444011.3710300727,-0.5413752217266529,0.5472346565438886,55.19339227785969,-28.39116132866237,0.9024353455206737,-36.41014207484784,-20.690012184925102
15.354863617702131,18.759960877731157,1.7368851793433766,1315100.5028741378,-0.7034531299097622,1.0753449463851963,42.029690084274,-26.278793870118697,7.583293156972175,-30.17318342712295,-17.81081231610218
12.690509031687162,14.397765003583396,1.5858977867755901,777348.6764319313,-0.4216068563343223,0.28163201868688015,52.765825050299114,-20.156059126085832,-2.6431511882302634,-26.766146272963354,-13.699541345500936
11.947570771771318,15.73057445894509,1.7239761331775727,927817.4614424526,-0.43404576428882075,0.35156288448473516,51.88638541580809,-25.6433973177773,0.8205607660046728,-32.25963799376211,-16.409664732652818
11.238002797881936,15.21403755584792,1.6516746889616083,867692.3565471021,-0.44114336478145527,0.5371550338460174,48.51561413491803,-24.527222732962336,1.4257845760385401,-29.431066556965376,-18.544215668758127
16.1726092984838,19.41372937435293,1.738115747469372,1407581.127590056,-0.5563429695266913,0.5716424102536974,49.02810938941478,-22.33573344468015,6.105472798323682,-24.893960120485886,-16.612921241117213
16.062681231045094,18.918250448585844,1.6164051600835254,1335700.5378331488,-0.5651194983167991,0.9421474887520791,39.84711068750509,-19.672900497975558,5.1851173366051215,-23.436936932210692,-16.553112945819155
9.501990730038367,11.961587987150878,1.3990774542682871,537362.1031448448,-0.28885486544715067,0.057135743453465615,43.04480013118598,-13.059498429046199,-4.012673355617623,-20.01325442207053,-13.37957712304529
9.999210589395208,13.555244024398224,1.5397467710514299,689557.7818192038,-0.29066890551689345,0.19687850299199683,45.34425959368575,-19.677250729432508,-1.9316935529500845,-29.458497737110477,-19.338819622039406
17.31140611424112,19.543386531261973,1.7154881367795634,1426005.8039169386,-0.4967614324571912,0.4955426832961516,45.90675866918837,-23.212365790539632,1.3541183973575226,-32.06870903027179,-18.086718920402497
14.506410455254446,17.85962837519519,1.6843832678723476,1192281.8663281777,-0.5194629345830507,0.3333194958062391,44.24751019582337,-22.502900723453237,3.046408096430384,-28.77392163767359,-14.697926956473637
13.009671953135033,15.599731966747116,1.574343764108439,910800.8751497841,-0.48762741793719777,0.3544554444396062,40.08458189200464,-24.463050006303526,0.7080496444823374,-29.93124661185562,-15.21772956696529
14.080733068933013,16.983071468654366,1.5830936075102862,1077898.9914637771,-0.5280633640794737,0.5492579367493451,43.38020599431602,-22.053248811011358,3.542657345471108,-24.73625000048677,-17.28882370703044
18.410739012408012,20.999385594045705,1.795128358789975,1645748.703667961,-0.4935672906635422,0.42106329344740834,46.982113083069294,-23.547119901175098,2.2871367990393123,-30.471971296839012,-18.93398614919112
16.075543882087803,18.85194424676343,1.7044704807178561,1327505.2846675604,-0.502827432997614,0.4617063033457307,44.72497261291781,-21.742102156907215,4.76281132130646,-30.23508812000464,-17.03852443056196
8.711767917128332,12.674659113101047,1.4303642615151453,602777.2891773297,-0.3726854108111244,0.24847518484246933,45.3356252876745,-13.638037217743552,-3.3446477164112505,-23.60401613092079,-12.256608243231714
17.459870262174267,20.27464389617439,1.8866503213567742,1536169.4510142596,-0.5090951311360709,0.3035754963517343,50.36266395555586,-30.465411437954323,2.6121110437572224,-33.97406752007393,-16.99520540125275
15.335311243128578,18.740145961593313,1.7771775304668376,1312872.0505086714,-0.5989043918338813,0.6150030206876318,51.68515680333526,-25.44001487266557,1.9343716630374166,-28.684622017600212,-18.12058148865478
14.686124050591108,17.387924502188362,1.673252628383144,1130542.5620173768,-0.5171114845585058,0.4459758870629309,43.53640791554787,-25.221404925584885,2.7821897951510475,-29.74785179360357,-17.06102581920598
13.918773542220212,17.388293559712253,1.7310243519075197,1131318.7794259493,-0.5167307787980138,0.36716199386603776,46.417758843131715,-28.210586558231185,3.21379734563911,-30.19098499490792,-15.908970891127247
11.219978598838566,15.046163977515445,1.5709944954939639,847908.0497003917,-0.28198310659291465,0.2718290983645706,49.31735854707059,-18.57079641857043,-9.455613047151205,-25.807006322810146,-19.14003712715801
13.923488070917218,15.525081832770065,1.5531135328408163,901946.4136101721,-0.38436310269326435,0.44492991253003744,45.92966961229166,-21.148870250110523,-0.5995290105387153,-24.969027765763425,-14.365842113800872
9.44061628383965,11.293424232927997,1.4148426851690095,479957.59574969107,-0.211577901838962,0.3502185285224302,42.11966870034741,-13.018535892222978,-3.8546451908761403,-22.587010283953248,-11.402058385780904
13.750858429382765,16.391935432931355,1.6672943372960305,1005816.4223731312,-0.4763275457524972,0.23473340830338074,51.92106048423727,-27.348920773386816,3.8835893194797295,-28.452276093817556,-15.760691529771744
17.210767117560955,20.148186658378012,1.7077026105228998,1514847.3215283998,-0.49570868536385776,0.569054693525378,45.10780794395731,-23.523901255322663,6.3424630852479815,-29.699770933479005,-16.995203280487832
12.941230092450859,15.698095665319515,1.6685045247594776,923338.2955809983,-0.41452774230273853,0.19998503592463157,45.20105213089193,-25.70692519126646,-0.08008298932437183,-29.03219380409677,-13.927112219329262
12.535731347811275,15.052953277397242,1.5167785391854094,848044.9322787621,-0.34945952097524685,0.28911684232254853,43.33905795270394,-15.769391505637936,-0.76249446997053,-27.191353284428594,-18.162429528541274
10.739139186061992,14.270397120491106,1.570952718993107,763645.4283928899,-0.35481324352918114,0.2767716055160192,50.99296622034463,-18.172602465326797,-3.655339493124255,-25.976022910506316,-16.59688790703343
14.994412194595565,17.512456155609506,1.6165425954056467,1145954.0197429773,-0.48953786319139875,0.5188397606295965,42.11786211342787,-22.359906837299594,5.3869851701488365,-27.812745368481664,-17.534700891384436
14.552647194134108,17.02160248347983,1.6609053245565863,1083688.630918178,-0.5857563604575869,0.6296744006816999,43.675902943879606,-26.04905065792365,3.1215301570362337,-24.73560523376677,-13.885062631077503
11.704143611698774,14.692393687126499,1.5346374659974118,808510.8220374105,-0.3967001637217452,0.4998522358243149,45.266399234497015,-24.147051098514602,-1.003429032829032,-22.99104129912792,-16.329371198369422
13.414862005977799,15.968106090149263,1.588000403838743,954045.4931257039,-0.4847838443846838,0.401032863932012,41.800082762920255,-25.46174782361848,2.4396213656770565,-25.835428810093692,-14.981590068671984
9.988755874921768,14.086679518064882,1.6589371971383189,745396.3991965994,-0.3686349465501461,0.484970523410452,54.9430255492573,-18.240351229301574,-7.024175453239601,-27.84893167754455,-22.02794996382806
11.903859324777896,14.659674514326369,1.4844812556740195,804391.5921257411,-0.42274698071680317,0.3648542032520852,40.98897191754367,-20.257881429148206,2.124796934831573,-23.94536807950791,-14.455785997218273
9.948462536023628,12.66966648215953,1.4344349841227366,602351.6844859419,-0.29674396017746785,0.24679431681318809,41.055810224564596,-15.889270910585333,-5.0271872265034965,-25.62263025088412,-12.164007694908111
14.024573851835523,15.422815816897652,1.6174757332852192,890976.4566152939,-0.4509993606839498,0.3802323818967248,50.35338822433324,-21.313457053461732,-0.7744648050471606,-27.213322032893885,-15.512043777201582
15.545757629268318,17.902074981442084,1.5612195070266446,1196424.8799390432,-0.5736918767226367,0.7194851728515048,41.20294598133478,-22.050657461211458,3.5999927987975857,-23.87501836738548,-14.517705997619519
15.852132281026316,18.191367915447053,1.712003596919932,1236939.5290335412,-0.42901459884239834,0.29224425683723254,45.15002048920107,-21.54784993999441,4.74587273944376,-31.738540729331582,-18.966540580456687
14.581389064780344,16.539232432619343,1.5326059018089944,1022191.3096002813,-0.39528235912377074,0.31720404973975436,37.90893776379272,-17.881475018743252,3.4723805966556647,-27.995443851549158,-15.447657277388018
14.895239283256982,19.124332213043047,1.7766023513699134,1366761.156478546,-0.5718818254529451,0.45476399245241517,48.750649200328056,-21.699523739136474,6.351170112824439,-32.4138085064438,-18.56657224352254
15.295975251204682,17.217599117689176,1.759207875215658,1109797.670043614,-0.3069790441275779,0.1685684451703633,58.72753966578955,-20.480602717223725,-8.60040674508365,-31.078759053752982,-17.5575616378896
16.22820764167115,17.89910980529193,1.7397014602366392,1198214.387537758,-0.6368629493662297,0.6207506903110733,42.52873569459017,-25.28026660847632,5.7926263191717915,-29.311710101553384,-18.90558756524176
11.799151262932627,13.21045520918035,1.5576606743691714,655571.7165259263,-0.3123165097346077,0.19254837861538476,45.26937484430431,-20.53981163160045,-3.797088104842418,-26.031812057332083,-14.931326262341678
13.84417014117141,16.608783734595946,1.590764183328562,1031406.1541084449,-0.39637387035627764,0.4582458978483599,45.490673865672974,-26.27303837060676,-1.112736556415476,-26.739816660488852,-15.04794841708912
13.13738902577895,15.898780208949534,1.654018865225326,946653.3999470198,-0.38982993908405,0.4076805535249939,52.42542489443376,-20.39031978032824,-5.9336974167574805,-25.485206744128213,-17.583106528136355
15.193922462918449,17.90579048318114,1.6460190083578092,1197925.4657498028,-0.4268952368785904,0.3522675468456242,45.21672181964976,-23.257071267339185,5.29448618528915,-27.569772693867016,-15.908629287631626
15.200357246150606,18.683449972584754,1.743270276042631,1304568.6397642873,-0.4372473180846373,0.5198500649732254,51.71004876421912,-23.634789094028932,0.5704076120805166,-28.50111836387468,-22.25054634870894
14.587485088907826,17.80358564506167,1.5202705502597902,1182928.2665798576,-0.5443171535439842,0.4192933444780844,39.65513760488489,-19.327129727381408,3.8878566270922423,-24.369888167855922,-17.331091439031834
13.724676196520456,16.919524487660414,1.6787021590267097,1071072.3361100033,-0.48117878996816305,0.40862220667346394,47.852330519647175,-27.73144909198281,2.578649161533215,-31.58248344613633,-14.599951147437704
10.394035770596592,13.652763411949973,1.5317719450541776,699297.535445411,-0.3763172151170023,0.1920535064930764,47.25041853705045,-17.44182178423407,-3.434791990629061,-22.54502455565038,-13.783291008727772
13.477380686838906,16.57740945238031,1.7250254478543425,1029197.9337909062,-0.4852452313994191,0.3145705461434387,50.70377616161977,-26.80116858316508,1.8859833537901687,-31.00129372497197,-15.855484725077957
14.3473154984674,18.6574340248496,1.6683554677387078,1300022.457397684,-0.5488714995812698,0.43496264074625124,45.77937326757319,-22.613165631117802,8.606630734437353,-27.1891224212455,-15.633503594665221
15.880481655132906,17.75784283040663,1.6785695634604607,1178777.530633404,-0.5429174389417596,0.416053714489069,45.499453807159526,-22.514062576116373,5.39278012307036,-26.677246732300603,-15.922925868894911
15.281592290570368,18.502026372125222,1.6828643964096812,1278806.731132884,-0.4540151209432653,0.3826419231437064,42.4081896404577,-23.392375224495183,3.006083196940494,-31.052235154028132,-17.662815091395743
13.91573541134764,17.057388796164293,1.6987754550467857,1088678.4989366191,-0.6254954595505712,0.616878333921949,43.4002442195397,-28.05317583133643,4.386924049601253,-29.084038994645994,-14.220851614601125
8.35681359390661,12.241328867680899,1.407086180532628,562530.2387946362,-0.32754568350158353,0.39043589614677243,41.81176682060719,-16.11204101062283,-3.6696043470052255,-22.251160045325637,-13.996067323051733
13.671960807699216,15.663501355258775,1.6177226012883021,918700.3256529806,-0.3352282562583385,0.1774997989117968,52.08944005299124,-19.31181803807536,-2.205653263037544,-22.590346776805,-16.630177086749274
15.965378827771694,19.79766270989393,1.7404955727864437,1463388.9462384395,-0.6653368441702444,0.6497453281340126,49.076325572404556,-22.560715336396818,5.277566981823224,-28.189846548599064,-19.058049579045672
14.002025837659003,18.03564175491846,1.742877884911468,1216432.998268012,-0.37062571043213205,0.07554613862000004,50.14539598239899,-28.965665787901717,1.2930907554877367,-30.098145058037282,-15.28399814865728
14.331539453342529,16.832055965322567,1.6288134048238145,1059523.077877331,-0.47184144084850577,0.5099078552182292,44.96733956032796,-26.477716190189263,-0.8859439275188862,-26.03070130161409,-18.06459778404029
15.231923782058788,18.252532394761733,1.6524257988364988,1244455.5916664142,-0.563711118772497,0.5870953958416161,42.90418606925991,-22.57728949136544,7.4312607859934285,-30.809862069806414,-19.667834037021855
14.130009364631047,16.612662254320423,1.5506737551287282,1031416.9298839349,-0.4280232037924656,0.5037250444100438,48.75098416219425,-16.05858619387635,0.7519453326473939,-25.0108861752419,-17.233628862370892
17.62142974897241,20.915054476743265,1.8072297357855824,1632814.1853226863,-0.5839273755746365,0.6167694458356712,49.20233732307373,-19.304298512915814,7.748941444227221,-29.414477665915264,-20.862994373297834
13.9075159176811,15.49109922942916,1.5854819128712938,898417.6999997925,-0.2897118828341873,0.42804419887932443,51.80503918013232,-15.799124517321907,-2.2004609692988724,-26.81876696903911,-16.789050477412154
15.874303587610518,19.069231836596014,1.662941825300707,1357515.624794832,-0.5150010839092225,0.5643757129615685,43.326395186495866,-20.55082829780862,8.481301921540688,-27.67373685254462,-15.506381788891733
12.265199089132452,15.60806234624239,1.6408115431769443,912555.8484439472,-0.4186407736414485,0.40658238842886085,46.67991177178739,-26.319675456829366,-3.39652796659133,-28.505381237318588,-14.615257571441195
13.328423068379584,15.275361604355805,1.581608472778775,873780.3735559995,-0.44994029133945324,0.3438876021768742,43.46471855485622,-21.41460070089262,1.9832242604259513,-27.443411392117905,-14.657916298578105
17.77026444915184,21.94014869365608,1.9200464503309256,1797135.0848786733,-0.533362540714517,0.4340655613489779,54.45124901720234,-23.462693047459805,5.164885807200947,-32.188542080847114,-21.074268095524463
13.532075041298164,15.682899089177006,1.5891163853321184,920613.2675651651,-0.28028482827525836,0.2934574699950172,49.50405569997771,-18.045207314170412,-6.534066991977818,-25.685751302877875,-15.638313963898181
17.842180315540126,20.462488676647702,1.7369762938476938,1562511.6117505361,-0.5510156975666929,0.4337668423290606,47.02175027485735,-21.904209445504172,4.651712552066496,-28.514248792943874,-17.42722053117472
12.8299306269613,15.288419337476741,1.5368722500142913,874742.1346709251,-0.4848720288948473,0.37980767118262726,39.341174989695006,-24.83745842575499,3.3612164142072767,-23.02408112085496,-17.432187032844283
16.789500475529096,20.22879921585098,1.8284597271729675,1528488.7938631403,-0.6832270856364472,0.7523151358571702,45.68756360013481,-24.127714760970427,9.252664408632022,-32.122078679102984,-17.959443147677227
12.143897579258331,16.325537789793287,1.6216755740250128,997211.9235143915,-0.37300467274060634,0.16500675606757476,46.57573258696542,-26.266352496284426,-0.8163087102403945,-26.525916238981488,-15.890100780653558
14.239306863170496,18.175656964929065,1.7261675365974185,1235003.0645457117,-0.4187392916874274,0.26760837979910734,49.58678900255846,-25.53034514496421,2.030017060736736,-29.448362010296808,-17.335680718747284
16.911456666314216,19.695905200380018,1.7274994844234481,1448332.4283655023,-0.5061118893065827,0.5194654392720319,43.22224537055749,-23.30249947038285,7.072561399618198,-29.500387165365595,-17.143720478991483
12.905613119997781,16.45909433242697,1.5938936787581237,1013103.6596372994,-0.4400957386106093,0.25982428910857713,43.92209425781698,-22.87917981819293,-0.6457868292978467,-29.777399213926063,-16.96939471944478
15.303770374833515,17.9317733293626,1.6733723542338876,1201711.8215036076,-0.6321100245949266,0.6260667272479026,42.28065501033894,-23.310522567619223,7.516762450616785,-27.09916251207475,-17.986708041188404
13.542998022132865,17.27498148300807,1.7483657119721758,1116989.9500734701,-0.4527312121959823,0.45979350855373013,50.06676472105282,-27.870754041783087,-3.668270085400785,-30.369248384969566,-20.167507946650506
15.339043686034797,19.260839484179133,1.6934603739576524,1385105.897720239,-0.5607844211688127,0.4775531686469443,45.892205881902015,-20.20257990825445,3.6379119393723904,-25.626874117218755,-18.02988681897461
15.9226929901544,19.02821640501951,1.7562301710963344,1352908.0335093045,-0.6093325859615772,0.6139142932363,45.9882911931836,-25.572720269428817,7.108124783232776,-27.418352155522335,-20.148244155987125
17.23725821562393,20.427939219714283,1.7711820202330102,1557721.999031175,-0.5826683356852999,0.6832793304999303,48.84238121426999,-21.37236007796006,6.859022776644743,-28.05211624105744,-19.43036602195268
16.871715170137968,20.751836635048758,1.665256209881659,1605790.7263073758,-0.5635799734073371,0.7541635148532184,43.22342525262289,-22.744576503418628,6.123579378366082,-27.95354251628563,-16.660975770879276
16.38401060121897,18.88616298185459,1.7632367833443594,1333044.7584665152,-0.6724002337920778,0.7627587179302782,46.45435857701575,-24.299245561044543,5.904414127348269,-28.959945180928372,-21.609990881535523
12.501881151401507,15.310151629136703,1.6287377407246648,878283.3269279831,-0.38717526535973795,0.6682768472867333,48.576403775541635,-21.083889831034348,-3.214894074610494,-27.43813055299712,-16.54421804975849
19.52304479320302,22.413553879284997,1.8234160158595494,1873589.7620433997,-0.6494838113519795,0.7089091289442502,49.38285589934581,-26.499935609280307,8.254466411253347,-32.24708976569209,-18.917985462905513
16.082003624130987,18.61498286905847,1.6739967927999917,1294230.0534296746,-0.4375842542423031,0.2610261276558621,46.044575857911866,-20.303693723097645,5.012510910562812,-29.578776465500006,-17.160214355650545
15.315150767101425,18.4386783160513,1.7700788357502448,1271252.3275577258,-0.5292370380867848,0.6320768312583178,47.954021039131305,-30.604888528690502,-0.7993402696375627,-32.432155167132315,-18.723047978137608
11.58702733709536,14.167508885072582,1.6390342641596876,753614.5666191287,-0.27642619255296913,0.3417256543242737,54.80955989098639,-16.59522830905818,-4.613966116710808,-28.75332239993145,-19.999366077232715
12.670415547140628,16.40390032010921,1.6565473852144932,1007137.9117954558,-0.5471101903744563,0.8571633299979156,42.73656826960685,-26.05788828342932,3.0506831128096183,-29.632190319938992,-17.229790381999756
11.217981963340325,14.400929174542437,1.5848404046474105,777673.8691350366,-0.39555011664581013,0.5592177649118919,44.73529132828219,-21.32116012153172,-2.526476219780096,-24.584532308727923,-14.206226539635061
14.00101416130918,17.77333177560953,1.7516584895293525,1181745.4286677262,-0.6311998872643857,0.6913839807780442,46.87457915396722,-24.09803774663804,3.730865934283565,-28.429197172389568,-21.598548738245356
14.93927825147961,17.783671291070046,1.7461726618677218,1183036.4495671368,-0.6008513700648536,0.39796729458719016,48.23128485064662,-26.30684226756562,1.579222575166028,-30.34414620065425,-17.410644418969532
13.48615122972291,16.46042677327447,1.7015312372931446,1014580.3792968658,-0.4235485535141057,0.32293093164608333,52.72034667411467,-21.31297608422295,-3.0036107520128534,-27.747314911636266,-18.23855707961151
16.273833774368757,18.561150359637324,1.7038889709674128,1287189.396805754,-0.5063753276043863,0.5786350989234164,46.46182106090079,-20.325399174924947,1.971995847138512,-27.61788811956363,-17.345984538568544
14.558961331686877,16.688575181134876,1.595585869356703,1041306.6847978769,-0.49660767381763554,0.3716650692843153,46.514476083354126,-26.01046276381865,-1.004589083566434,-25.661899540244733,-16.978777433901097
11.377723502252913,15.129783583507384,1.587293586761701,857447.6024541461,-0.3181393721503552,0.22629984136364278,51.351469037641955,-17.121165055665045,-0.29898160277625013,-23.79985395106177,-16.152619256798104
18.30365598655896,20.2394940205211,1.7129128875048443,1528576.2543813256,-0.6216168725230494,0.6803502360525,47.20934394730661,-24.119508494669407,5.368447700345916,-28.22358449938327,-20.71212649776362
8.452248201173742,11.302508566590957,1.338865177880837,479942.9577902063,-0.2726192704396741,0.3131804548146597,41.2529172542648,-15.807430008969597,-3.400157898221269,-19.91663319650871,-11.863949590568602
17.18468967634182,21.056491429510867,1.7507341634784328,1654063.5398064307,-0.5233008009066954,0.6402619816607187,44.79242573286834,-22.814735408760384,4.530435796124707,-33.583504728694166,-19.088438163725904
13.746079113007974,15.721389174964171,1.5863683816615692,925059.3694733251,-0.4008677266242468,0.19436610161015633,46.223591242100085,-21.08437846984327,-1.3443620394783462,-27.544623896841344,-17.217979385524412
14.577808485101384,17.5420572307602,1.5870198240696347,1149448.1061132946,-0.4040524311070742,0.32168741393503764,44.60180570223973,-23.326858365170082,-2.1956461712609703,-28.115759855847998,-13.307468380007442
15.922656101874376,18.641869209225202,1.6301138193859255,1297404.149902033,-0.5212013352271045,0.4562208511348249,39.714085112459415,-19.520524272683915,4.635007248171355,-27.968939377253214,-16.16080759039711
13.996169157597434,18.12936558847021,1.8106634154367132,1229883.6369775345,-0.4308695699429214,0.3422376920739567,53.91477016894713,-26.652048052935804,1.9211510516332986,-33.84261984201073,-21.553413171954265
13.085280119471925,14.869794769960407,1.5475961337490278,828089.1753390359,-0.2558068739625155,0.271386006991166,44.10694892194737,-19.615702029686588,-2.1803850436479504,-28.815448337354802,-13.398124230070275
15.76795768069744,18.448655074105236,1.7039930742852623,1271765.2081621303,-0.5041212462102636,0.2552698676896106,45.911971282469665,-24.117865346231277,4.99436088163602,-28.211187489537902,-16.047286757991124
14.935941527754697,17.901197537851942,1.5875376847892848,1196615.5177482925,-0.46516882841797264,0.4173023959655797,44.1208701197296,-20.475881984597535,2.8140002843041056,-26.29284048553511,-16.4553430472822
11.434580879107822,15.191915203295684,1.5115723914460961,863558.2086564153,-0.40484617670327616,0.6908093251990235,44.47489257215992,-14.903560384441057,-0.6441849895313909,-23.528275047473898,-17.251620777111782
17.034326397217686,19.462607373659093,1.711337564289501,1414279.1283587837,-0.5775338695561338,0.9544397356092489,47.26283966915645,-21.70704967734825,4.83769408642058,-29.787430639390138,-21.117076174819424
12.45087899612474,14.735279846243042,1.6511101301290252,814561.4293770154,-0.3917864235363627,0.24612390478834634,55.041118665245364,-22.362966178132204,-4.896723866360826,-26.90212798521214,-14.894180220487407
16.651469766940913,18.683130724566126,1.6861332935956506,1303798.4629692696,-0.5146218819884582,0.41109612020445985,43.96655071891803,-23.47177790253167,3.161083970974451,-29.071077708527394,-18.357295399944135
15.595273466226569,17.968413059807812,1.6532073038419315,1206336.7452375754,-0.45703362048250906,0.3370131154120233,41.98883901856031,-18.134526445393465,6.351300072648104,-27.501786149783605,-16.63492765274663
10.475833493342362,12.288243460047841,1.3818857011042687,566533.533747124,-0.3272482804869081,0.22476922435230717,38.096545005779745,-13.162646518832688,-2.5286997201669075,-20.6426412943231,-15.244681057975603
17.174524051854664,18.91252206024719,1.8054000281273475,1337293.6665810305,-0.5867058443808375,0.6182392831909902,50.15083073992408,-26.824478987317793,3.9482316397504946,-28.73444284765992,-17.12199470017434
16.25034674228228,20.058632505909078,1.7792236933921874,1502430.7592202802,-0.5304399962843976,0.44173569338888496,45.606822566001924,-21.319096153107715,2.3099563283336173,-32.575700374607294,-18.205984306617225
14.182776147336607,17.851449812746413,1.7048883069291942,1191457.25138038,-0.4948414391052094,0.20633129035178266,45.016077586646254,-22.809295144360405,5.788015583398721,-28.838009663440467,-16.699165763168928
13.160371891956638,16.044803970802203,1.6619145403900624,964032.4577558163,-0.321623255006977,0.3601446553827059,53.51803629177353,-17.014959217408126,-4.601313706598714,-30.558055232740244,-19.556422488806405
13.378480587524905,15.934014408491521,1.6266901736209303,950476.7582170451,-0.541435952217038,0.5953280111476467,45.387962848208744,-25.964428426635575,3.2852022268714736,-26.330360709728275,-15.666716423362772
14.466907784119702,15.278099976161817,1.59591502439838,874258.7859110093,-0.31431788914027614,0.09055104460281882,49.244350125708785,-20.851408295081455,-2.2465541294846565,-30.131957070978682,-17.634005543044207
18.67937839875371,21.62431425747568,1.8877305127475243,1745701.4987688237,-0.5861008966302427,0.7379845859079364,50.78745054094933,-24.207187213510466,0.8547497480909242,-32.30776941018371,-19.14597114029843
16.570233220977432,18.9364535339815,1.6570686325932227,1338746.7266662181,-0.47942963029128666,0.5359100544542064,41.46389594561407,-21.464767600431934,6.108160040997388,-26.82274573564068,-19.04149462838814
16.1595832423219,19.207134343417213,1.6881535821239406,1377385.1465117994,-0.5243659042178623,0.514176630569458,43.80647933253424,-22.899439143671508,5.212686219156938,-28.649000868166492,-19.115494955840703
18.958877104515068,21.147598158715272,1.7112159765842891,1667802.6674437602,-0.5863573379593272,0.5727035390416275,41.698344689886056,-23.543506448531595,8.51120701600166,-28.47271582902813,-19.820046970302116
15.823359013064751,19.92738715524073,1.7289328468843792,1482333.330046508,-0.5378720706631338,0.3895931911775721,47.51132100502471,-21.14747333304623,4.253693440709489,-33.66732415481826,-17.962638554379765
12.022898061721342,14.77714957921632,1.4797159438653444,817151.4917007362,-0.4275974731405921,0.4817889485734588,39.79350837152835,-18.909971755540443,1.6338911636953222,-25.69235570080742,-17.732653304896957
9.57481723379858,13.533545789703119,1.5328802649286872,687301.8920475587,-0.4301240270298721,0.13201144114521313,43.76393036458205,-23.290989117386705,0.8942288233094351,-26.464990214042835,-14.625885145863718
14.247303717277235,17.178737416150195,1.6955790381077476,1104030.7477412208,-0.40606169153223887,0.38096437496533975,47.3375501031027,-22.02904635416673,5.372116353505119,-30.86934067652534,-17.186736338672617
15.350069713710118,18.530424657048364,1.7084896190632035,1283025.1044450183,-0.5855514655420769,0.7872547402909862,44.68983198482599,-25.536555106620597,6.27155119898185,-31.02877268627364,-17.07134425983449
10.909554788233072,12.64986433829274,1.3939175958993724,600069.4843232697,-0.17444499790018572,0.2909842593506382,39.95022560853151,-13.6395150500855,-5.857894402932662,-24.370994547930025,-12.577145648520947
9.095733635720338,12.756006364847869,1.3968172860803696,610090.4825542632,-0.41267583974448635,0.3941975021818025,43.591233585727096,-16.955837719921487,-5.187779054464288,-18.399609268698008,-11.578761812152646
10.368821858993902,12.957406137846194,1.3438020687108991,628739.1588266788,-0.22226655935615441,0.30227665931649783,39.29757080944941,-14.41941443838301,-3.320782151553042,-21.476087215229274,-12.334009699735123
14.870685189910393,18.597494985108696,1.7859538332263294,1293254.1502716457,-0.5046969108614976,0.5042071461014399,49.53229592984752,-23.355009413593592,2.1870826597336537,-33.664478451032906,-16.690865005026833
14.727722213845198,18.042629143060392,1.7437479850456945,1217378.2423057905,-0.5553565472698409,0.4208434132778027,51.50036811501714,-26.415769803231655,2.599168346525259,-29.370192088276532,-18.834072634739513
12.12920144137766,15.239282889581423,1.5276147995427996,869079.4416183663,-0.316000347557056,0.4015736738554314,48.38902933411322,-15.52777341818338,-2.097261601471836,-23.319576497578964,-16.965701409658806
11.09249240154327,13.730849112366139,1.5153330385615806,707034.2330458139,-0.3772925814448047,0.3264152298914005,49.05365244048602,-19.171074121744642,-4.25406483211226,-23.88765554924784,-12.222991361475664
17.584123594664323,20.12856100741243,1.8135789572957794,1513299.9765791567,-0.5418021950885388,0.3610083872701959,48.23144250483601,-24.77839554963795,8.104100173095944,-31.45010622951094,-19.59767979791988
13.828074206891165,16.88654231594594,1.6720574251311395,1066858.7788954312,-0.5854987006157137,1.0753963955942236,44.944828222393085,-23.337805199017676,2.5806162153020655,-27.838927123178905,-15.865354553791448
12.00605161965113,15.462346382221172,1.5926299281852772,895204.418336836,-0.5074878108611727,0.5808454773539928,47.52359712680885,-22.865390350323676,-0.2531579677500427,-25.234430945108734,-14.364625422114859
16.74674743340927,20.88264825690364,1.7877756328475205,1627536.623459041,-0.5420050109540084,0.6382239983660773,47.25200601094717,-21.46014106345907,5.453857182222348,-31.24514981045724,-18.44012028752285
13.645746554834485,16.905168218012005,1.727169564781945,1069884.7997196554,-0.4911959735810023,0.56506188475637,49.841240841751144,-25.324137421908738,-1.3805790809955991,-28.825506435828828,-16.958262769292446
18.123940754146865,21.379986347099322,1.802975987624423,1705613.5655652545,-0.5432073236093397,0.5833295702361383,47.82015790847309,-22.17714700453807,6.764183816171155,-34.60908876471555,-20.3204120348028
13.40444091820439,16.382763379325286,1.671403200996942,1004753.4836550949,-0.2970462175185379,0.13772254176415144,54.76254682815211,-18.96182208285818,-8.018249588578465,-25.543927715569303,-17.59506699799352
16.131467991729583,18.73687381658829,1.6881529845811334,1311274.714901568,-0.5398467444880214,0.3446620846659063,43.86712961504427,-21.28626197929415,3.1782144319224033,-28.894715558506903,-16.899469301731898
10.826103774484725,15.798142712322296,1.5461647042627038,933556.0319632145,-0.48843778194359044,0.5682859269336826,43.15111634141038,-18.052049543439324,3.929589333530738,-26.78305777310009,-15.608517241816457
15.288148835798472,18.122549699451795,1.7432246111389558,1228080.1949179992,-0.457047638866175,0.46282323702260353,49.83179822464116,-25.968822592950232,3.8334769320001385,-31.378564222028913,-18.148010088324703
8.828375915551362,13.499799983746756,1.5872051323800325,684549.9521123301,-0.30233835257085134,0.26833219735769065,49.622822112938515,-17.525768864564867,-5.321716359300639,-24.364077876250413,-13.266541569233794
15.292338261801719,17.57653029815069,1.663815696426961,1154858.5034758653,-0.47742421615505787,0.16921845192684648,44.957690235826405,-25.785603783774775,6.335277578102726,-27.441491226800586,-16.048395911719552
14.06151626533617,16.809571903025848,1.7627842438810077,1058404.0742371108,-0.4604209748669145,0.20297935767419473,53.293869432768474,-19.86131012811483,-1.511159273675655,-28.660415579115636,-15.97390874179093
15.523187632520095,19.259153407400255,1.7319395503746484,1385353.609953816,-0.5056034349812996,0.4408934196568568,48.958989949901394,-23.00377670521242,4.026091575570055,-32.15287234161996,-17.66162835814849
17.602747950880875,22.147909370165692,1.855195438549758,1830164.924659791,-0.7002431511964042,1.0103006654133617,48.87155116241591,-25.61054502399386,5.880839926178914,-27.79673739385624,-18.645515075961843
11.952310286767412,15.078646096368892,1.6427972879437684,852388.4205617644,-0.44028707686790824,0.24960566153930452,45.79477791717981,-26.383703701787994,-0.8162072364292016,-31.574347335988307,-15.397184543949978
13.395539179328088,15.37580473714489,1.5572499948964031,884903.6777815318,-0.38051874022148563,0.17555006815554952,44.6295700316288,-19.291839001312187,0.5587977531805792,-28.89994889572507,-15.70101327977462
15.079726054540963,16.863380502840513,1.6030975831017313,1063125.7558439767,-0.5048685965830729,0.49620221832191547,40.24255421876869,-21.587735390123946,2.9830176718482706,-24.16488228158415,-16.797265827135256
13.386673262136913,15.534836163457612,1.5503884137286479,903037.577972204,-0.4349546076281682,0.37831676609871634,40.69107402126242,-19.34883338912061,0.025354831220763083,-24.606300161765162,-12.343829065253288
10.77761933642627,12.88273892239545,1.3921436769716333,622080.7119225585,-0.3394734822069682,0.34353419793308504,40.14077148173535,-16.86132353832904,-4.605487466844065,-23.3711461219795,-14.483941282250019
17.40824186403742,19.13270802180862,1.7360462270151298,1367420.5510391705,-0.6196490122085261,0.5185287096524247,46.15228463167182,-23.603168717730597,3.226211032579609,-25.72975098673495,-17.8858877328487
13.811455673942941,16.92722550456187,1.6551441872123964,1071747.0749099995,-0.4081512776460391,0.28643608538675336,48.14104308424464,-27.867264582060805,-0.5328066687291496,-30.69716086400752,-15.358457213646862
17.864657790549774,20.616595267943783,1.781368033790861,1586544.9946644213,-0.5567136842227481,0.5492345194656236,44.30965662292682,-22.64845106877732,8.778415356964429,-29.77725634795504,-21.402854374033335
16.230847769793534,18.931467732787358,1.6885841719196226,1338437.870921054,-0.5350326564053621,0.3235483190398343,45.29123914106735,-23.130158611631767,5.949945511509663,-27.73093517119963,-18.824781609321867
15.727864473083848,19.385691378294116,1.749679969398567,1403700.0498272402,-0.49971340049217033,0.30659310393641004,44.93041293047314,-22.76004585723495,6.071562353582424,-31.732269044785617,-18.329053422943744
14.31941582767724,17.402764375243024,1.754642914822535,1133489.0996357228,-0.5158697938385884,0.4863197223247737,53.104228617557396,-27.8061802968393,-4.111315892337201,-29.290701680479877,-16.511674003905362
17.666537936408034,21.41473557009842,1.7988863459510511,1711068.6334627983,-0.636481995010983,0.9639644490176935,48.542191661535504,-26.24849893181888,5.758702836054956,-32.10001794987723,-17.737665369912825
17.716424931475146,20.109889426885367,1.744709542374549,1509608.4156713365,-0.459465790050445,0.05627272683345286,44.025286463044765,-17.136735600879373,11.187879814099272,-29.83062734472726,-16.982870202734713
14.716477455828427,17.834205433250375,1.5713517883686947,1187556.350698682,-0.5123837657315111,0.6694072567325291,41.63844609353929,-20.086020311448053,1.4375324231927857,-24.82332484863572,-16.71345037720596
14.117884010849496,16.081936260766724,1.6658830589657687,968501.2281689044,-0.3639697192195078,0.3171195048590736,52.783321550227534,-18.498371571237506,-7.213890137936039,-28.484747981225553,-17.386174089366982
14.985776808749122,16.656530466697443,1.660402538549933,1038129.6766976501,-0.33194475282360536,0.32511859728251125,53.68511789525177,-17.942094390520353,-4.301689717251005,-31.81800906023024,-15.86063547271883
15.040593034105331,16.923916217041285,1.5983611403758695,1070647.5527813197,-0.5590223417951781,0.5305769780910286,42.51551141890266,-20.608027189816127,4.236534198496541,-23.983823341906216,-14.451660735821639
18.375765270556553,22.85836039260445,1.908394327540733,1949373.1854097745,-0.6404371706150012,0.6234967955707793,49.33877511855361,-23.32068744661032,12.744959575854779,-31.640077633274064,-17.101935325232553
13.695525864348275,16.000113554659098,1.657994623878808,958678.3086584223,-0.30818335885906933,0.18497569264911684,51.09922678988143,-19.261872884139358,-5.752778391629157,-29.36827837181277,-17.125512612804606
18.546438297231408,19.698417194589812,1.736285753897646,1448811.825948765,-0.5241694240432052,0.45849294642142135,45.67315045797542,-21.962595467962384,5.999296971753372,-32.938851733034184,-17.690925025910033
13.559937776626292,17.24275977264191,1.6158627889436752,1111217.5942656533,-0.6116707620628669,0.4728688218772774,42.30721916008259,-19.84001789870922,6.126225607290957,-27.64548036152331,-18.58757846949505
13.409135508516718,15.282870183089162,1.6032668551502902,874886.0498035331,-0.2825139218686955,0.2036848152727262,52.243773598041486,-18.66798169894931,-6.927574520772867,-29.655769603957914,-14.322209015862974
11.686632285378742,15.303573109888529,1.511409813513939,876172.1438979015,-0.3354199162521783,0.2480516179397032,47.2562720107441,-17.4081240257396,-0.3623469678371737,-25.047136360314276,-15.887314853868489
13.676818425917219,16.686759644717284,1.7079931707169733,1042458.0219541492,-0.34433592248861916,0.17088007108990322,49.66177494448928,-24.88595569101696,-2.1530104125962035,-30.11168124765595,-17.907193649587676
12.70388591501917,14.388616527358833,1.5708695525550507,776197.1914569671,-0.24012540598782994,0.1634891274917587,49.797850914123856,-17.94098599673886,-3.3794791426872397,-25.895192788383135,-15.921982512534921
18.704004482647186,20.541007363716503,1.7504443391241036,1574614.0291268239,-0.5406789473102454,0.4645406115983812,46.80713727193201,-21.98086928872376,8.995061863418378,-30.312381999088778,-17.519455585073754
14.28273564139949,17.88479407074914,1.7351509457101493,1196257.8317415458,-0.4458254542292237,0.3319407441633553,45.333186829515725,-26.0608364203012,2.1686733004246905,-31.481623538671577,-19.110187933765587
17.756347804999322,20.831699442707812,1.7370274704784041,1618999.6594172083,-0.515747885152415,0.5161646273634091,45.55686807170528,-22.725914945187363,8.718979526137785,-30.697532406046953,-16.68634784130935
13.534546236713435,15.953476075761266,1.5747310235885863,952159.7196606786,-0.6045790288648304,0.5372268316995767,38.561661586517246,-23.30868068124652,2.3461942274912104,-26.48973907202324,-14.269241292792575
15.78002073445451,18.083828182083803,1.6657050814840828,1221906.833084846,-0.5305461503085414,0.5248538572469728,45.298722761960654,-21.68443235018661,6.6277136386729465,-25.790232874148447,-19.999429766504093
12.701304046393131,15.921487003558621,1.6639746057837297,949452.7844042289,-0.3460564758040392,0.46772670855224874,52.97722017686506,-19.10348611362444,-6.132657712428208,-27.924383601939894,-15.324260255633817
16.114069858884186,17.48416913134462,1.5990521045708983,1142077.8757216407,-0.5800132462899741,0.34491161431103956,42.195057343878545,-19.18999662132609,6.827753033816824,-24.186058318443223,-19.25176858897163
15.57521675890326,17.332470571220004,1.764739762957294,1124574.3615853952,-0.4807097989062726,0.25301927164850646,52.64581514908103,-25.486285451581068,2.2381706509030352,-31.014324119540476,-15.831830759243292
10.95766332947758,14.835647349469353,1.5906389078249827,824831.4211498082,-0.39494985659804055,0.24106836147832933,46.260905281265195,-21.30339576289188,0.2158680026325279,-27.52960531986936,-15.476882499190204
14.434692502311236,19.218747791580657,1.7330816509411981,1379608.0223287235,-0.5070905427526432,0.3157514880333401,43.72588539170407,-25.950161934222987,1.636128340303615,-32.277077495072994,-18.94004005324639
13.520632550304747,16.201940279931485,1.6856634938445896,983100.7435723476,-0.34384969637697926,0.12468574837563962,56.265788469917425,-16.99227929254848,-4.249975600805913,-26.463595990803768,-17.492267500346856
16.055057122082747,19.692128180518797,1.7750268833788005,1448397.9942079638,-0.5176582333900017,0.21763851402492218,49.950786398887445,-24.800378310366387,1.8158478136271965,-31.98832300254536,-17.569096249616514
16.974174562437064,20.07022687642293,1.6130818372803826,1502066.4277733811,-0.5480017125926316,0.5379729498521897,41.06588093920259,-17.862891738426647,5.028523104223931,-27.143772473397878,-15.98117571619304
14.521965556324574,17.181676410207587,1.5552080569342983,1102714.245933945,-0.3897732848144413,0.4005916972373984,38.15185961390408,-18.70754596385688,0.9955740438291818,-27.722958390833625,-16.14880119786595
11.329911253796748,14.772155749344448,1.5817695441024078,817762.3402839662,-0.3996672109482476,0.3574384770183565,48.93363293028287,-25.752308345011855,-5.549406588429544,-25.865746357607705,-17.881281635859125
17.88864814638061,22.92669756041284,1.9333861485338557,1961321.1964112665,-0.6623605243153703,0.6495365638531383,53.22330183088781,-26.00814419435634,7.520245483215098,-34.66509383965419,-21.950742801763923
14.108498936076163,16.42299906153674,1.5910221846369939,1008672.3553876382,-0.40997134902659865,0.38048534778811405,49.92094028083078,-20.30093856051981,0.14073205904009986,-25.398250241312553,-17.143314976610746
12.939382546142912,14.78921770150409,1.4591628934857082,818249.6819000287,-0.38193873697253916,0.3984974577107443,43.91389138405761,-17.06912402292634,-0.4074988884050802,-21.937223475841513,-12.854437546515394
13.063443406877592,16.498667810513442,1.4403647795357786,1016209.9572643572,-0.33465689708075413,0.23106341937298414,37.518954217875184,-19.012689418060045,5.242649177552006,-23.003848925518728,-14.629278091895358
12.466308680289321,17.192538421076932,1.6874310185904182,1105686.1169740316,-0.5607532685230946,0.8122170252694678,44.245356857509535,-20.27849924980668,5.819642310333576,-29.6033564119615,-19.900625417107186
17.743393714744244,20.095163403173828,1.7085797681411898,1506952.571175247,-0.6203737844721586,0.7062771832840378,44.57542161629126,-24.131812209974346,7.253462119789622,-27.65317327015689,-19.244629933171566
11.864175016400313,13.087169000935623,1.3855021166991142,641682.3197682556,-0.30858577277894833,-0.0028584967215770085,40.950740114015055,-15.108172406250624,-2.9675774496519596,-21.59283787095214,-14.077468127171208
14.244053626516559,17.75424961661153,1.5957007835834063,1177299.4678290128,-0.38568579892938826,0.37061146832671454,39.70026581994943,-24.072049494346018,3.2510024246453013,-30.257933070047415,-15.400846543997567
14.804379834969083,16.990673886748954,1.5309048294591336,1078253.807617656,-0.5842584286429692,0.6744016431547597,39.649076819156846,-16.205659027739493,0.804943052035094,-23.236411284212465,-17.70680204451581
16.329046656377688,18.310697610279814,1.6448342336767046,1252242.3041692693,-0.5552616166909403,0.5049265536877416,44.04163675958347,-20.7305415172574,4.2604780593897855,-28.40117998095785,-19.842229385905945
13.026295051406343,15.383547126877879,1.5369688146539606,885553.5217424486,-0.36670122259866766,0.28159016687050453,48.24998228332805,-15.87371371312102,-3.0774031014220276,-25.427561323062005,-14.658399182710076
15.421831100117293,16.937599977663265,1.6421730993820405,1072890.2894466468,-0.3362310632692383,0.45379934626479645,48.89760555186146,-22.02237923301033,-2.4286148313614593,-28.05300319050768,-16.5100262245848
15.578667405293466,19.31414949368385,1.723509819498023,1393105.404304226,-0.7022816262604318,0.749117091885068,47.014879798998095,-29.40912351121657,6.737001767015302,-25.905707171190315,-16.778432310574253
14.405676059777077,16.938902554177965,1.5496050282325076,1071959.11176622,-0.4246945702793954,0.48252213992007675,41.970042496250734,-15.823461892240719,3.365311196943167,-26.947116078710813,-13.304897646104116
16.470351150742914,18.93390833235844,1.7162902527094712,1339129.7794727304,-0.5644999580926929,0.36626270750776024,43.847720061655245,-22.604075050661514,8.007678320530797,-27.968242953410044,-20.467101722943
17.86809821146704,20.187476035569734,1.7901055746068322,1521786.7599565554,-0.6082421479425794,0.9012431683280746,46.113372241727376,-28.565521646470074,8.172704577406723,-31.082547646008152,-19.40852275279719
17.177863636571587,18.666893623444533,1.6621808228292434,1301254.4005692531,-0.5437954084258992,0.612738857205267,44.24041569851455,-22.335851555147595,3.7942486310692463,-26.994198364307508,-13.894552166086815
13.491053005160731,15.677899537294822,1.6646919691468816,920943.4517047782,-0.47180502160769594,0.5157462699135023,49.22685726466433,-20.440731459968028,-0.9665845020026644,-28.685768050048978,-13.31979332490043
13.704863477298685,15.618427759670377,1.563449122000862,912836.6360063774,-0.2080827935736406,0.04368764997527741,51.86394635094072,-16.444235895855805,-7.233888207844373,-25.61893247356029,-17.358709301846986
15.946659177810288,21.245973253775247,1.8514828526824756,1685105.7593807378,-0.5364895352045511,0.5730150391708184,47.74012291229971,-24.901063767741984,0.7501360375848716,-32.88333245449335,-20.213929582884262
12.912360445327995,15.809727274038403,1.644836205557975,936079.226516689,-0.44654682405696294,0.3891058844684472,53.1142425033523,-17.846129324442458,-1.5342360353981517,-25.38550291723388,-16.419485362922778
15.328329936999381,18.78282456599404,1.7403315163750404,1318325.15037837,-0.44643590525842897,0.3418665719417766,45.082716965440355,-20.749202698223883,5.726289320414451,-32.740804346662536,-18.460298189780033
15.00719605523752,18.65467393816223,1.716024544934883,1300238.627918372,-0.50988757168805,0.40776814504575043,43.38483622245357,-26.135945528844925,6.935590723246955,-30.582991134436533,-17.07482427697956
11.860388834998867,13.675778617630492,1.538210671651928,701701.1126789901,-0.40376188094429843,0.6056874052176076,45.362496080442725,-21.94859557319885,-3.1590481876632834,-28.148553664413303,-11.369639413864991
17.372880552458312,20.53089230111347,1.760957048412012,1573211.5736452392,-0.5235117339712833,0.3185725197687148,47.04272772381563,-22.284696093921905,8.518526936086761,-30.07886669707778,-17.27444370701791
14.028667492867298,15.54055340058008,1.59444029833847,904209.102685919,-0.29308301135295584,0.23938243166126227,48.43752195400363,-17.93459541597773,0.13032769993639104,-26.921306853069108,-17.121759370428954
11.188575418391759,13.580302756447704,1.4190194940501535,690753.6765371256,-0.2820112786564233,0.15827216580228942,44.10919784543076,-18.657356020442485,-2.136113059794342,-22.957987719723082,-14.232473883991824
14.783249401673388,18.150315786333742,1.5991231008349938,1230027.2397796381,-0.5441826540576774,0.6467717188781896,38.82888993247441,-22.53993864158775,4.669737826917714,-26.046777085591096,-18.454440448830766
12.31592247855802,15.486514829797983,1.6937908189263786,899207.4603183381,-0.36243774856625927,0.14354058854263174,53.38762176321971,-25.270532749441223,-2.977387856216213,-29.41877645977678,-15.739839157009659
15.876711923544336,18.360314938456206,1.6294884691210523,1258797.4520346485,-0.5449927024166237,0.5985320736040771,41.149227321570336,-20.957061718131804,3.7046219939945235,-28.01560520381948,-16.707327448632544
8.284222761422868,12.609532851108519,1.4615379719258133,597010.4063361268,-0.227528811936163,0.21984921185480344,44.07130302671055,-19.04845185956268,-2.1701829155510026,-26.256805356023857,-13.676396395780495
17.272696582386683,20.856119176900044,1.7830251584414534,1623371.2620249477,-0.5983408880431603,0.5850949185678971,50.26834319025454,-23.59576143180059,3.9226043074905492,-28.06407584564362,-17.355981145004296
18.761341550635347,21.277005018607195,1.7262972787960422,1688335.321193756,-0.5759814397557819,0.7013044059186804,42.86500304866331,-23.643870631010635,6.95937302980148,-29.58233384696745,-17.499591506606265
16.56690918519703,21.187220834992132,1.8367278905220343,1675667.3748820934,-0.5860210029368348,0.6263500469672425,51.033244084186535,-26.743753994601278,6.185711346342705,-29.603669012279553,-20.81097271030107
17.084172200955567,20.36240556499328,1.725298486381699,1547223.6175397094,-0.5059348500942066,0.3870063263942849,45.67019878420474,-22.736540927755133,8.171037297224583,-30.585432549312124,-18.774712663389874
14.332439077648825,17.61415014712345,1.706427596810047,1160295.5189324291,-0.5039124664914185,0.5390423639322983,44.75099812254986,-24.660430552256035,2.0391660026894227,-30.146067434216153,-16.756504376281335
9.235101870307737,12.006357296495242,1.4317152739845913,541679.981501186,-0.23920559608901892,0.29842091462546216,41.41153014057306,-16.02294198425153,-9.077437277174134,-22.13287151523226,-13.428472770288462
14.617042091650333,17.760328799615387,1.7408651967642965,1179893.8950574049,-0.4239281238003584,0.2454939966140235,52.2123138818851,-22.660714995359033,4.411303320210387,-32.51024301924894,-16.544403795997248
16.40417998158461,17.69763163996766,1.7235017247304094,1171434.391398088,-0.43440991958513175,0.3684195659599596,50.96400387165877,-24.44647734645256,-2.697485878388064,-27.660846485158334,-17.613788240728322
11.858199274147005,13.115309550199648,1.4022940662957648,644587.649876157,-0.3482126300468264,0.07833434016658725,43.46497545953801,-15.750233689186175,-0.12864022386590046,-23.590336949872594,-11.321821960640671
14.511780005225882,18.1933596793117,1.760817115863474,1237836.1034110747,-0.6359417300990909,0.7118725230203244,48.01448750341871,-23.215068758305215,2.5371937235756663,-28.249591644721832,-17.49282661685211
18.010562516269122,20.082615446195675,1.6972122491422372,1504941.2584030295,-0.6963798432255549,0.7898743082774486,46.92374840802634,-23.417061250219433,5.964342898746844,-27.48752879110358,-20.23611622830338
12.805222748935245,18.75667983533469,1.6844932174013654,1313980.3094046959,-0.659708958680947,0.8368632943899588,41.581497443553346,-21.07292000532219,7.837088092056704,-29.57749806717112,-18.53838976879419
12.535649203630614,15.789167075323979,1.665952988328182,933931.1922611722,-0.30312519344186506,0.3645480450516705,52.41200984381048,-20.658342562899495,-3.9969565914804663,-30.274541688431047,-16.619372016790468
14.521245091271693,16.501866486534592,1.5643529498341644,1017981.3454454083,-0.5629988976805381,0.8581635397487659,43.23461376565307,-23.146629078908997,5.206400512625551,-23.066921099730116,-16.537237060707646
17.498426284679123,21.34966065049371,1.805259364074988,1700843.128528748,-0.5586812318170001,0.35897403390003957,46.85639842352582,-25.276813818672757,7.227367977671279,-31.42774368455069,-18.63371516331806
14.207919236822436,15.393689090921,1.5903923888657607,887329.0186393514,-0.4874321902970483,0.4760383203338172,44.72862715388409,-22.7683124746882,-1.3745227322156235,-28.907384819693814,-14.910542473196955
15.439543852261174,18.829348166047414,1.6887978214906705,1324153.6265805885,-0.5604411813168786,0.5453565591452447,40.53199049899038,-22.633207535309964,7.511777679456465,-24.06818968875716,-18.09309890777036
16.28849003050011,18.642585092382728,1.6267235804771112,1297462.1326185106,-0.4872316550541713,0.672486919593112,44.67787841589512,-18.402481529524977,3.1512420374877967,-25.13985817013537,-18.618898505630547
10.65886503813446,12.77780408974746,1.427288950282656,612471.4422387116,-0.3497025913977945,0.3438152440651483,41.81827516551297,-15.737064825011107,-5.2394752490903755,-22.28934142205663,-13.169965693728361
11.257180966087583,13.103424444579062,1.436183435431233,643789.5254046719,-0.38792148283938804,0.18607494310292072,42.31585284241257,-18.903318053931876,-1.387080798894393,-20.69343323620498,-14.208041139749698
12.64371578300194,15.419825035751924,1.6303050222106799,890789.069307988,-0.6006443458427264,0.8139755579588512,46.003823648724776,-25.60411909299986,0.23124039828944204,-26.14882402777946,-18.541543098086592
9.685406562126442,12.254367688115165,1.3957671920627694,563596.0543803009,-0.31508574812270784,0.27426581570588526,42.41250491063489,-11.653779255975817,0.7589033170043533,-18.39011193164175,-11.989925523972799
13.03513095676042,16.642532951812463,1.6502121314145648,1036277.7670997306,-0.5477978904084992,0.5579141317238787,45.237749563644115,-27.563848323824114,-2.099596948148517,-29.808272462738028,-15.099778969214382
16.431926883908574,19.337851146179375,1.6760532920303162,1395901.8820891588,-0.5549414237940092,0.5335654572201132,47.81037261555869,-21.17793018150482,2.047146290019164,-25.29968995993938,-19.08464814165022
10.4894473297751,12.85845582994602,1.4236838695642131,620093.853547637,-0.3095851900418884,0.3535784686698715,41.51562261561763,-16.00629190515615,0.5212034373555866,-21.494817612787987,-14.368846042068881
13.046158839028852,15.763280189360156,1.669663663822346,930950.826486076,-0.49352105728263596,0.5024110838251259,50.71543125513091,-20.89492655465827,-1.7406700601626075,-29.77223805769865,-20.162542835755147
13.727691425902524,17.638432834026986,1.7622076255117767,1164183.946099584,-0.5509857246962994,0.46643195946736693,49.070971345790625,-26.695894808206937,5.9957649462332725,-28.649665093146723,-17.803460416876426
10.242897570089536,12.96041616655875,1.4913470048808275,630578.0439831449,-0.34212801882444127,0.4501149995942737,47.29477865855813,-16.885890015152555,-2.5997091986677683,-20.39621002501885,-19.29435471643901
16.120412503891227,18.35400772233336,1.6182891898546639,1257804.7419787182,-0.5048638715107227,0.5702763603818113,46.04881895960844,-20.871450366545993,3.570899602895754,-24.21651085707996,-16.45565933746871
14.82114503090565,17.038966841036558,1.7560656067293368,1087084.6332599253,-0.45130675210619503,0.5152431876720209,54.29644933186047,-24.439378100613492,-2.444915855188296,-28.934834213534472,-19.635384219245612
13.766562835689136,16.587773976782625,1.6447825235095188,1029469.6514768086,-0.3909267342122837,0.24601791978721232,49.04158510554234,-24.957759734118696,-2.833215515545078,-27.843243960129776,-15.098914794857864
15.688760785752136,19.138057706388103,1.7089445210618213,1367833.1820724462,-0.6185601580492608,0.7602084175247432,43.517231222674745,-23.58916042566213,6.090582744968784,-29.354274815582976,-18.11607378530159
15.403546075863915,16.90574861964758,1.6546377761599291,1069048.7122885475,-0.3565684099471065,0.12480540359283143,45.686552164409854,-25.334292122564293,1.1821686004425729,-29.15998304138929,-13.261300915503035
12.031754664686211,15.566495842781517,1.591122663510688,907159.8546893534,-0.45666462876756236,0.7713446871918777,49.43748904798824,-19.71022343981755,-3.9832054212015904,-25.967341492232336,-17.404432649609355
12.50373338432933,14.430090959318338,1.6056279061294465,781034.6222787627,-0.3907151549703666,0.373758582872147,46.598090032007704,-23.120667041366744,-1.8502657427596159,-29.931178049699128,-16.23431323554131
13.330578410379498,16.202058752312254,1.5883764160388556,981934.8438111666,-0.28355643533131736,0.2955263681202309,52.23723028330926,-15.428983768598021,-3.1452343597866683,-26.608538501010862,-18.727514779173244
17.938754763217155,19.85189282893721,1.6643152079553445,1470394.4357812633,-0.5907154723706513,0.6858873411680277,42.76950956617722,-19.86450044265354,6.889770047769451,-26.00575679730164,-17.267549591977655
17.650999886654365,20.219951456935828,1.7289806303062722,1525851.679535722,-0.39485679755783204,0.3137651943482136,48.86588718907159,-19.49000545825878,5.400047527108528,-30.596542470214146,-17.59794258321631
14.121702008991099,17.02216600386568,1.6917122175971055,1084142.3751826645,-0.5210208094758001,0.6126079232172472,50.870776797687974,-21.57553819297167,-0.23698575789727097,-25.44736949871585,-18.61488297344285
15.578533946462265,17.618171452508207,1.5938522146332266,1159443.923435706,-0.4479547725461138,0.2826540225340777,40.8869417707099,-23.944660127877427,6.276225321085041,-26.17718101482788,-13.97524460203325
12.133868555883197,14.902541716505613,1.6541477988305395,832965.3416172571,-0.27843569801518253,0.06735553299374919,53.53352342284934,-21.15566237302111,-2.726107975210959,-28.893714458592356,-17.56514548011866
14.398465997006618,17.065427436517194,1.705326322762163,1089777.405152406,-0.5486751981004938,0.5299524477367386,50.71794993666111,-23.32094100201749,0.005650203998360956,-28.593508050026507,-16.752901381908018
13.546929500869195,15.779462815627861,1.6076944309590735,932089.5547332063,-0.27977709996485917,0.2685924400482631,48.10962452320026,-22.77676077728762,-0.38983994188749427,-29.4755554808085,-15.38393065260566
10.81000498277648,13.394997143515326,1.544825455363002,673615.0685713999,-0.36704556690897083,0.13764629443931975,48.91011808824209,-16.66812343145519,-2.120292662573038,-25.510126165814572,-13.01753922448884
12.218872977601382,15.62059681118456,1.6141966028102865,913685.1423944707,-0.4310083653463864,0.22610133946112532,43.82978057941082,-28.161847383653956,2.8469294708210198,-27.810425115219356,-13.967402275190116
14.547169181057894,17.76915559263988,1.6958320472693267,1180482.419873606,-0.4581407930031396,0.33519183555243215,47.486847046511585,-22.144180262898224,0.6038926446093451,-28.80664630871955,-16.028625918562405
16.248527466930884,18.652477153703256,1.795850669743577,1300973.6392285167,-0.5723760047333452,0.38354965258761453,49.465635143834234,-28.08781810215962,2.5122144588680824,-29.843380590879825,-18.620146208662817
11.294913524667269,14.091271790119672,1.5895819394814594,745041.0857568148,-0.3219963165956164,0.24872638705579853,50.769986210413606,-18.646146206661594,-4.1878432947472,-28.031231745745124,-14.002163615508481
13.805108786884407,18.2298636610737,1.6449035622903043,1241299.624457265,-0.46763359765234214,0.34522784298909137,44.876057184482036,-25.941604567450455,1.9790252267248465,-25.889150942443003,-14.802239925782391
14.538350887138105,17.586916300877167,1.6760032930133093,1156362.407505388,-0.5470848853837109,0.4433162936032131,41.78921665633818,-20.24701768145416,9.723377015348522,-27.83383762768678,-19.12314403999546
16.81303639306307,20.900966052639866,1.772877758771652,1630175.834067665,-0.4860149798259447,0.48429225583206037,48.68314350477975,-23.687838367930368,2.9885997909217297,-31.821660576386535,-19.86650671416737
13.112369725224397,17.255261699848305,1.619583734707215,1112860.1344137457,-0.5170767909149362,0.5244178026726343,42.18802083508825,-23.9810925385055,4.503182834660393,-26.85844465141838,-17.678550644461886
12.29029296674692,16.204112920908752,1.673031936147275,983204.4137849084,-0.4416704370612446,0.48043483902577533,51.790566276650054,-24.316030805829783,-3.9817026458854867,-28.011190022523277,-17.39492496941406
17.90113391375472,19.8784966192359,1.7590570536912902,1475512.209916518,-0.5942127786667439,0.6480827000506846,47.97110156025432,-25.00396040524267,3.9175793276129127,-29.63045542036106,-19.16614933292078
12.578587916312767,14.179861622289597,1.4583424457583505,752838.3579621944,-0.37237825705380345,0.40531549164731207,43.81593073361379,-16.995437714887167,-2.0411118548712475,-23.768609599255324,-15.583973054430537
10.91474174829667,13.643423518476657,1.4703316457378899,697669.5820782918,-0.24178980708868184,0.2935693344552348,43.32922407794801,-13.456766645375613,-8.33029813382417,-22.680070925014725,-14.042076329252874
13.032674634687764,17.308249919572777,1.7068613352799713,1120721.3407706611,-0.4117801361262661,0.36324715397007346,48.46100974629813,-24.540158442705323,2.3280403468267155,-29.02483151965899,-15.315271659155087
16.631083170373195,18.959436846852334,1.6743579372638193,1342187.0827921424,-0.42615176981442393,0.2000781705157797,45.616466843253626,-24.35867056933059,6.363833317756931,-28.81194555167741,-16.652445917242087
17.41754895065607,20.392518634011754,1.8308599064562698,1553161.4319928456,-0.5304812054199973,0.5345604927741094,48.08799204792031,-24.452602189406267,6.753500530521579,-31.383765528052322,-18.526100796723036
,,,,,,,,,,
,,,,,,,,,,
,,,,,,,,,,
,,,,,,,,,,
,,,,,,,,,,
,,,,,,,,,,
,,,,,,,,,,
,,,,,,,,,,
,,,,,,,,,,
,,,,,,,,,,
,,,,,,,,,,
,,,,,,,,,,
,,,,,,,,,,
,,,,,,,,,,
,,,,,,,,,,
